file,speaker,turn_id,turn_start,turn_end,turn_duration_s,n_ips,n_vowels,speech_time_s,pause_time_s,n_pauses,mean_pause_s,speech_rate_vps,speaking_proportion,conf_median_ips
VAL_H1A_2019_001,SPEAKER_01,1,495.0816,520.4036,25.322,8,93,19.328,5.994,7,0.8563,3.673,0.763,0.8827
VAL_H1A_2019_001,SPEAKER_00,2,522.2746,523.6156,1.341,1,10,1.341,0.0,0,0.0,7.457,1.0,
VAL_H1A_2019_001,SPEAKER_01,3,527.3246,565.4976,38.173,15,165,28.462,9.711,14,0.6936,4.322,0.746,0.7875
VAL_H1A_2019_001,SPEAKER_00,4,565.7686,568.5086,2.74,1,19,2.74,0.0,0,0.0,6.934,1.0,
VAL_H1A_2019_001,SPEAKER_01,5,568.8296,579.5526,10.723,5,51,7.792,2.931,4,0.7328,4.756,0.727,0.7381
VAL_H1A_2019_001,SPEAKER_00,6,581.6556,584.1956,2.54,1,17,2.54,0.0,0,0.0,6.693,1.0,
VAL_H1A_2019_001,SPEAKER_01,7,585.2076,610.6956,25.488,10,118,19.566,5.922,9,0.658,4.63,0.768,0.7996
VAL_H1A_2019_001,SPEAKER_00,8,611.6966,618.1276,6.431,1,42,6.431,0.0,0,0.0,6.531,1.0,
VAL_H1A_2019_001,SPEAKER_01,9,619.1586,653.8866,34.728,10,150,24.651,10.077,9,1.1197,4.319,0.71,0.7339
VAL_H1A_2019_001,SPEAKER_00,10,655.2286,659.1796,3.951,2,24,3.51,0.441,1,0.441,6.074,0.888,
VAL_H1A_2019_001,SPEAKER_01,11,660.8506,665.7916,4.941,1,32,4.941,0.0,0,0.0,6.476,1.0,0.6308
VAL_H1A_2019_001,SPEAKER_00,12,665.8116,667.4616,1.65,1,12,1.65,0.0,0,0.0,7.273,1.0,
VAL_H1A_2019_001,SPEAKER_01,13,668.8726,714.3916,45.519,16,236,34.841,10.678,15,0.7119,5.185,0.765,0.7889
VAL_H1A_2019_001,SPEAKER_00,14,715.6516,720.1416,4.49,2,22,3.68,0.81,1,0.81,4.9,0.82,
VAL_H1A_2019_001,SPEAKER_01,15,722.7526,724.7536,2.001,2,11,1.391,0.61,1,0.61,5.497,0.695,0.7226
VAL_H1A_2019_001,SPEAKER_00,16,725.4836,730.3436,4.86,2,18,3.69,1.17,1,1.17,3.704,0.759,
VAL_H1A_2019_001,SPEAKER_01,17,737.3616,750.9686,13.607,7,61,9.33,4.277,6,0.7128,4.483,0.686,0.8306
VAL_H1A_2019_001,SPEAKER_00,18,752.2226,753.3226,1.1,1,8,1.1,0.0,0,0.0,7.273,1.0,
VAL_H1A_2019_001,SPEAKER_01,19,753.9946,763.1086,9.114,5,57,6.94,2.174,4,0.5435,6.254,0.761,0.7390
VAL_H1A_2019_001,SPEAKER_00,20,763.9036,768.8336,4.93,3,23,3.95,0.98,2,0.49,4.665,0.801,
VAL_H1A_2019_001,SPEAKER_01,21,771.1296,809.9836,38.854,12,211,31.198,7.656,11,0.696,5.431,0.803,0.8119
VAL_H1A_2019_001,SPEAKER_00,22,811.1136,814.0136,2.9,2,15,2.31,0.59,1,0.59,5.172,0.797,
VAL_H1A_2019_001,SPEAKER_01,23,815.4056,855.5566,40.151,15,164,27.608,12.543,14,0.8959,4.085,0.688,0.7695
VAL_H1A_2019_001,SPEAKER_00,24,856.9766,858.9966,2.02,1,13,2.02,0.0,0,0.0,6.436,1.0,
VAL_H1A_2019_001,SPEAKER_01,25,861.1006,862.7806,1.68,2,9,1.36,0.32,1,0.32,5.357,0.81,0.7656
VAL_H1A_2019_001,SPEAKER_00,26,863.2616,864.6826,1.421,1,9,1.421,0.0,0,0.0,6.334,1.0,
VAL_H1A_2019_001,SPEAKER_01,27,865.6426,905.5896,39.947,14,195,28.318,11.629,13,0.8945,4.881,0.709,0.7447
VAL_H1A_2019_001,SPEAKER_00,28,907.4106,910.7436,3.333,1,15,3.333,0.0,0,0.0,4.5,1.0,
VAL_H1A_2019_001,SPEAKER_01,29,912.6926,957.3336,44.641,15,200,35.732,8.909,14,0.6364,4.48,0.8,0.7486
VAL_H1A_2019_001,SPEAKER_00,30,957.8736,963.0436,5.17,2,27,4.5,0.67,1,0.67,5.222,0.87,
VAL_H1A_2019_001,SPEAKER_01,31,963.9376,984.8786,20.941,5,117,18.286,2.655,4,0.6638,5.587,0.873,0.8630
VAL_H1A_2019_001,SPEAKER_00,32,985.9886,988.0186,2.03,1,10,2.03,0.0,0,0.0,4.926,1.0,
VAL_H1A_2020_002,SPEAKER_00,1,517.7113,539.4163,21.705,7,88,14.898,6.807,6,1.1345,4.054,0.686,0.7602
VAL_H1A_2020_002,SPEAKER_01,2,541.9893,553.4173,11.428,4,41,6.42,5.008,3,1.6693,3.588,0.562,
VAL_H1A_2020_002,SPEAKER_00,3,554.4703,568.6973,14.227,6,58,10.547,3.68,5,0.736,4.077,0.741,0.8509
VAL_H1A_2020_002,SPEAKER_01,4,570.1473,580.3653,10.218,5,39,6.56,3.658,4,0.9145,3.817,0.642,
VAL_H1A_2020_002,SPEAKER_00,5,581.1063,612.1673,31.061,7,115,22.534,8.527,6,1.4212,3.702,0.725,0.8579
VAL_H1A_2020_002,SPEAKER_01,6,614.8993,632.1173,17.218,4,45,9.919,7.299,3,2.433,2.614,0.576,
VAL_H1A_2020_002,SPEAKER_00,7,633.4113,698.1573,64.746,22,228,47.886,16.86,21,0.8029,3.521,0.74,0.7990
VAL_H1A_2020_002,SPEAKER_01,8,699.5673,703.0773,3.51,1,26,3.51,0.0,0,0.0,7.407,1.0,
VAL_H1A_2020_002,SPEAKER_00,9,703.9393,716.9033,12.964,7,33,8.694,4.27,6,0.7117,2.546,0.671,0.8915
VAL_H1A_2020_002,SPEAKER_01,10,720.9803,730.1073,9.127,6,27,5.062,4.065,5,0.813,2.958,0.555,
VAL_H1A_2020_002,SPEAKER_00,11,730.7473,731.4283,0.681,1,4,0.681,0.0,0,0.0,5.874,1.0,0.8325
VAL_H1A_2020_002,SPEAKER_01,12,732.1883,732.5183,0.33,1,2,0.33,0.0,0,0.0,6.061,1.0,
VAL_H1A_2020_002,SPEAKER_00,13,733.1693,736.9993,3.83,2,22,3.6,0.23,1,0.23,5.744,0.94,0.7038
VAL_H1A_2020_002,SPEAKER_01,14,737.0523,744.1173,7.065,3,36,5.834,1.231,2,0.6155,5.096,0.826,
VAL_H1A_2020_002,SPEAKER_00,15,745.6273,764.5773,18.95,4,96,17.019,1.931,3,0.6437,5.066,0.898,0.8542
VAL_H1A_2020_002,SPEAKER_01,16,766.4643,771.7483,5.284,4,17,2.931,2.353,3,0.7843,3.217,0.555,
VAL_H1A_2020_002,SPEAKER_00,17,773.8033,904.7373,130.934,35,528,102.869,28.065,34,0.8254,4.033,0.786,0.7718
VAL_H1A_2020_002,SPEAKER_01,18,907.3213,914.0813,6.76,5,30,4.85,1.91,4,0.4775,4.438,0.717,
VAL_H1A_2020_002,SPEAKER_00,19,916.0043,923.0273,7.023,3,39,5.703,1.32,2,0.66,5.553,0.812,0.7697
VAL_H1A_2020_002,SPEAKER_01,20,924.7083,925.6683,0.96,1,6,0.96,0.0,0,0.0,6.25,1.0,
VAL_H1A_2020_002,SPEAKER_00,21,926.4893,958.5493,32.06,13,103,21.808,10.252,12,0.8543,3.213,0.68,0.8042
VAL_H1A_2020_002,SPEAKER_01,22,960.8893,968.9253,8.036,3,28,6.36,1.676,2,0.838,3.484,0.791,
VAL_H1A_2020_002,SPEAKER_00,23,971.6573,1000.3083,28.651,8,135,19.986,8.665,7,1.2379,4.712,0.698,0.7392
VAL_H1A_2020_002,SPEAKER_01,24,1003.0103,1012.5163,9.506,4,36,6.295,3.211,3,1.0703,3.787,0.662,
VAL_H1A_2020_002,SPEAKER_00,25,1013.5173,1034.5173,21.0,7,80,15.616,5.384,6,0.8973,3.81,0.744,0.7844
VAL_H1A_2020_003,SPEAKER_01,1,558.7677,563.8077,5.04,2,27,4.5,0.54,1,0.54,5.357,0.893,0.5230
VAL_H1A_2020_003,SPEAKER_00,2,564.5507,570.6937,6.143,3,15,4.633,1.51,2,0.755,2.442,0.754,
VAL_H1A_2020_003,SPEAKER_01,3,571.4547,581.6397,10.185,3,52,8.965,1.22,2,0.61,5.106,0.88,0.6539
VAL_H1A_2020_003,SPEAKER_00,4,583.2397,589.3487,6.109,4,20,3.82,2.289,3,0.763,3.274,0.625,
VAL_H1A_2020_003,SPEAKER_01,5,589.8007,602.2667,12.466,4,74,10.652,1.814,3,0.6047,5.936,0.854,0.6988
VAL_H1A_2020_003,SPEAKER_00,6,604.8217,609.4867,4.665,2,33,4.425,0.24,1,0.24,7.074,0.949,
VAL_H1A_2020_003,SPEAKER_01,7,610.7987,629.4067,18.608,9,68,12.664,5.944,8,0.743,3.654,0.681,0.7401
VAL_H1A_2020_003,SPEAKER_00,8,632.2087,635.1487,2.94,2,19,2.7,0.24,1,0.24,6.463,0.918,
VAL_H1A_2020_003,SPEAKER_01,9,636.5727,666.0377,29.465,9,145,23.871,5.594,8,0.6993,4.921,0.81,0.7667
VAL_H1A_2020_003,SPEAKER_00,10,668.1477,680.9347,12.787,5,33,6.42,6.367,4,1.5917,2.581,0.502,
VAL_H1A_2020_003,SPEAKER_01,11,681.5607,711.0197,29.459,9,129,22.511,6.948,8,0.8685,4.379,0.764,0.6732
VAL_H1A_2020_003,SPEAKER_00,12,711.6527,712.5827,0.93,1,7,0.93,0.0,0,0.0,7.527,1.0,
VAL_H1A_2020_003,SPEAKER_01,13,713.0927,713.5627,0.47,1,5,0.47,0.0,0,0.0,10.638,1.0,0.4970
VAL_H1A_2020_003,SPEAKER_00,14,714.2527,716.6237,2.371,2,15,1.951,0.42,1,0.42,6.326,0.823,
VAL_H1A_2020_003,SPEAKER_01,15,716.8137,721.9347,5.121,1,37,5.121,0.0,0,0.0,7.225,1.0,0.5832
VAL_H1A_2020_003,SPEAKER_00,16,722.5947,723.5847,0.99,1,4,0.99,0.0,0,0.0,4.04,1.0,
VAL_H1A_2020_003,SPEAKER_01,17,724.3157,725.5157,1.2,1,5,1.2,0.0,0,0.0,4.167,1.0,0.5222
VAL_H1A_2020_003,SPEAKER_00,18,726.5557,731.3247,4.769,2,18,3.581,1.188,1,1.188,3.774,0.751,
VAL_H1A_2020_003,SPEAKER_01,19,732.9267,747.9927,15.066,6,64,10.352,4.714,5,0.9428,4.248,0.687,0.7356
VAL_H1A_2020_003,SPEAKER_00,20,750.6667,757.8237,7.157,2,31,6.677,0.48,1,0.48,4.331,0.933,
VAL_H1A_2020_003,SPEAKER_01,21,759.1237,773.5307,14.407,4,72,12.592,1.815,3,0.605,4.998,0.874,0.6579
VAL_H1A_2020_003,SPEAKER_00,22,774.0907,779.6707,5.58,2,18,4.56,1.02,1,1.02,3.226,0.817,
VAL_H1A_2020_003,SPEAKER_01,23,780.8737,797.0047,16.131,3,80,14.41,1.721,2,0.8605,4.959,0.893,0.8017
VAL_H1A_2020_003,SPEAKER_00,24,798.8597,809.3517,10.492,5,30,5.622,4.87,4,1.2175,2.859,0.536,
VAL_H1A_2020_003,SPEAKER_01,25,810.7447,826.3797,15.635,5,74,11.276,4.359,4,1.0897,4.733,0.721,0.7282
VAL_H1A_2020_003,SPEAKER_00,26,828.9027,832.8447,3.942,1,14,3.942,0.0,0,0.0,3.551,1.0,
VAL_H1A_2020_003,SPEAKER_01,27,834.2857,845.6217,11.336,4,67,9.371,1.965,3,0.655,5.91,0.827,0.6687
VAL_H1A_2020_003,SPEAKER_00,28,856.1417,859.2117,3.07,2,14,2.57,0.5,1,0.5,4.56,0.837,
VAL_H1A_2020_003,SPEAKER_01,29,861.4457,875.7027,14.257,6,75,10.316,3.941,5,0.7882,5.261,0.724,0.7247
VAL_H1A_2020_003,SPEAKER_00,30,876.9627,879.3147,2.352,2,10,1.752,0.6,1,0.6,4.252,0.745,
VAL_H1A_2020_003,SPEAKER_01,31,880.5547,892.4187,11.864,5,60,9.524,2.34,4,0.585,5.057,0.803,0.6442
VAL_H1A_2020_003,SPEAKER_00,32,893.0787,899.8007,6.722,3,27,3.691,3.031,2,1.5155,4.017,0.549,
VAL_H1A_2020_003,SPEAKER_01,33,900.8747,915.6677,14.793,7,78,10.86,3.933,6,0.6555,5.273,0.734,0.6381
VAL_H1A_2020_003,SPEAKER_00,34,926.1797,928.0697,1.89,1,11,1.89,0.0,0,0.0,5.82,1.0,
VAL_H1A_2020_003,SPEAKER_01,35,929.8217,944.2727,14.451,7,73,11.421,3.03,6,0.505,5.052,0.79,0.6465
VAL_H1A_2020_003,SPEAKER_00,36,945.5127,948.9757,3.463,2,20,3.043,0.42,1,0.42,5.775,0.879,
VAL_H1A_2020_003,SPEAKER_01,37,949.8567,956.3417,6.485,4,27,4.634,1.851,3,0.617,4.163,0.715,0.7478
VAL_H1A_2020_003,SPEAKER_00,38,958.8277,962.5007,3.673,2,20,3.093,0.58,1,0.58,5.445,0.842,
VAL_H1A_2020_003,SPEAKER_01,39,963.8217,975.6187,11.797,4,54,9.75,2.047,3,0.6823,4.577,0.826,0.7359
VAL_H1A_2020_003,SPEAKER_00,40,977.1797,979.1397,1.96,1,11,1.96,0.0,0,0.0,5.612,1.0,
VAL_H1A_2020_003,SPEAKER_01,41,980.4337,984.6367,4.203,2,35,3.893,0.31,1,0.31,8.327,0.926,0.5575
VAL_H1A_2020_003,SPEAKER_00,42,987.9387,991.6867,3.748,2,16,2.41,1.338,1,1.338,4.269,0.643,
VAL_H1A_2020_003,SPEAKER_01,43,992.7577,1012.5047,19.747,7,111,16.107,3.64,6,0.6067,5.621,0.816,0.6658
VAL_H1A_2020_003,SPEAKER_00,44,1012.9447,1013.2547,0.31,1,2,0.31,0.0,0,0.0,6.452,1.0,
VAL_H1A_2020_003,SPEAKER_01,45,1014.1847,1014.7547,0.57,1,6,0.57,0.0,0,0.0,10.526,1.0,0.3143
VAL_H1A_2020_003,SPEAKER_00,46,1015.4747,1016.3657,0.891,1,6,0.891,0.0,0,0.0,6.734,1.0,
VAL_H1A_2020_003,SPEAKER_01,47,1017.7287,1025.6157,7.887,2,45,7.127,0.76,1,0.76,5.706,0.904,0.7513
VAL_H1A_2020_003,SPEAKER_00,48,1028.1577,1044.1907,16.033,7,39,8.523,7.51,6,1.2517,2.432,0.532,
VAL_H1A_2020_003,SPEAKER_01,49,1045.5417,1054.4267,8.885,3,50,7.544,1.341,2,0.6705,5.627,0.849,0.6379
VAL_H1A_2020_003,SPEAKER_00,50,1056.6887,1059.2987,2.61,1,18,2.61,0.0,0,0.0,6.897,1.0,
VAL_H1A_2020_003,SPEAKER_01,51,1059.6097,1063.6327,4.023,2,22,2.912,1.111,1,1.111,5.469,0.724,0.6743
VAL_H1A_2020_003,SPEAKER_00,52,1065.4527,1086.3387,20.886,5,81,15.9061,4.9799,4,1.245,3.878,0.762,
VAL_H1A_2020_003,SPEAKER_01,53,1088.4797,1110.0597,21.58,7,100,16.225,5.355,6,0.8925,4.634,0.752,0.7505
VAL_H1A_2020_003,SPEAKER_00,54,1110.2997,1112.9497,2.65,2,13,1.86,0.79,1,0.79,4.906,0.702,
VAL_H1A_2020_003,SPEAKER_01,55,1114.5427,1115.9037,1.361,1,15,1.361,0.0,0,0.0,11.021,1.0,0.7494
VAL_H1A_2021_0031,SPEAKER_01,1,541.1606,574.4196,33.259,8,188,29.195,4.064,7,0.5806,5.653,0.878,0.7507
VAL_H1A_2021_0031,SPEAKER_00,2,574.9496,577.0296,2.08,1,15,2.08,0.0,0,0.0,7.212,1.0,
VAL_H1A_2021_0031,SPEAKER_01,3,578.8826,595.0666,16.184,7,85,13.167,3.017,6,0.5028,5.252,0.814,0.7871
VAL_H1A_2021_0031,SPEAKER_00,4,596.3466,601.8106,5.464,1,37,5.464,0.0,0,0.0,6.772,1.0,
VAL_H1A_2021_0031,SPEAKER_01,5,602.1916,625.2786,23.087,7,109,17.16,5.927,6,0.9878,4.721,0.743,0.8233
VAL_H1A_2021_0031,SPEAKER_00,6,626.9546,628.8746,1.92,1,11,1.92,0.0,0,0.0,5.729,1.0,
VAL_H1A_2021_0031,SPEAKER_01,7,632.9526,667.6836,34.731,13,146,26.747,7.984,12,0.6653,4.204,0.77,0.8096
VAL_H1A_2021_0031,SPEAKER_00,8,668.7536,673.6336,4.88,1,25,4.88,0.0,0,0.0,5.123,1.0,
VAL_H1A_2021_0031,SPEAKER_01,9,675.9276,697.4856,21.558,5,104,18.402,3.156,4,0.789,4.824,0.854,0.8238
VAL_H1A_2021_0031,SPEAKER_00,10,698.9266,704.3666,5.44,2,27,4.06,1.38,1,1.38,4.963,0.746,
VAL_H1A_2021_0031,SPEAKER_01,11,705.9306,724.3126,18.382,5,95,15.581,2.801,4,0.7002,5.168,0.848,0.8501
VAL_H1A_2021_0031,SPEAKER_00,12,725.3546,727.4446,2.09,1,13,2.09,0.0,0,0.0,6.22,1.0,
VAL_H1A_2021_0031,SPEAKER_01,13,728.1266,740.2466,12.12,4,71,9.37,2.75,3,0.9167,5.858,0.773,0.8451
VAL_H1A_2021_0031,SPEAKER_00,14,740.6516,741.1516,0.5,1,4,0.5,0.0,0,0.0,8.0,1.0,
VAL_H1A_2021_0031,SPEAKER_01,15,741.4116,741.9316,0.52,1,4,0.52,0.0,0,0.0,7.692,1.0,0.7317
VAL_H1A_2021_0031,SPEAKER_00,16,742.8326,749.3146,6.482,2,24,4.3,2.182,1,2.182,3.703,0.663,
VAL_H1A_2021_0031,SPEAKER_01,17,750.0456,771.1316,21.086,4,121,19.976,1.11,3,0.37,5.738,0.947,0.7723
VAL_H1A_2021_0031,SPEAKER_00,18,771.4916,773.1216,1.63,1,11,1.63,0.0,0,0.0,6.748,1.0,
VAL_H1A_2021_0031,SPEAKER_01,19,773.9366,776.6366,2.7,1,17,2.7,0.0,0,0.0,6.296,1.0,0.7484
VAL_H1A_2021_0031,SPEAKER_00,20,776.7186,803.6807,26.9621,2,17,2.7211,24.241,1,24.241,0.631,0.101,
VAL_H1A_2021_0031,SPEAKER_01,21,805.1416,817.2746,12.133,3,51,11.312,0.821,2,0.4105,4.203,0.932,0.7655
VAL_H1A_2021_0031,SPEAKER_00,22,818.2886,822.6206,4.332,2,23,3.401,0.931,1,0.931,5.309,0.785,
VAL_H1A_2021_0031,SPEAKER_01,23,822.8506,823.9316,1.081,1,3,1.081,0.0,0,0.0,2.775,1.0,0.5790
VAL_H1A_2021_0031,SPEAKER_00,24,824.4716,829.1136,4.642,3,17,2.83,1.812,2,0.906,3.662,0.61,
VAL_H1A_2021_0031,SPEAKER_01,25,829.3746,831.1046,1.73,1,16,1.73,0.0,0,0.0,9.249,1.0,0.6515
VAL_H1A_2021_0031,SPEAKER_00,26,831.5276,832.3176,0.79,1,6,0.79,0.0,0,0.0,7.595,1.0,
VAL_H1A_2021_0031,SPEAKER_01,27,833.3476,841.7876,8.44,2,35,7.7,0.74,1,0.74,4.147,0.912,0.8805
VAL_H1A_2021_0031,SPEAKER_00,28,842.1996,844.3206,2.121,1,15,2.121,0.0,0,0.0,7.072,1.0,
VAL_H1A_2021_0031,SPEAKER_01,29,844.9406,849.0906,4.15,1,21,4.15,0.0,0,0.0,5.06,1.0,0.8327
VAL_H1A_2021_0031,SPEAKER_00,30,849.8416,853.3226,3.481,1,23,3.481,0.0,0,0.0,6.607,1.0,
VAL_H1A_2021_0031,SPEAKER_01,31,854.6416,883.7686,29.127,7,164,25.587,3.54,6,0.59,5.631,0.878,0.7364
VAL_H1A_2021_0031,SPEAKER_00,32,884.9476,892.2946,7.347,2,34,6.04,1.307,1,1.307,4.628,0.822,
VAL_H1A_2021_0031,SPEAKER_01,33,892.3546,895.3446,2.99,1,14,2.99,0.0,0,0.0,4.682,1.0,0.6088
VAL_H1A_2021_0031,SPEAKER_00,34,895.3976,896.6976,1.3,1,9,1.3,0.0,0,0.0,6.923,1.0,
VAL_H1A_2021_0031,SPEAKER_01,35,896.9996,956.9316,59.932,18,254,45.529,14.403,17,0.8472,4.238,0.76,0.7417
VAL_H1A_2021_0031,SPEAKER_00,36,957.4426,959.3226,1.88,1,15,1.88,0.0,0,0.0,7.979,1.0,
VAL_H1A_2021_0031,SPEAKER_01,37,959.5456,978.3286,18.783,7,94,16.164,2.619,6,0.4365,5.005,0.861,0.8192
VAL_H1A_2021_0031,SPEAKER_00,38,979.8496,982.1096,2.26,1,16,2.26,0.0,0,0.0,7.08,1.0,
VAL_H1A_2021_0031,SPEAKER_01,39,985.6816,988.1216,2.44,1,7,2.44,0.0,0,0.0,2.869,1.0,0.6807
VAL_H1A_2021_0031,SPEAKER_00,40,988.1416,988.6316,0.49,1,2,0.49,0.0,0,0.0,4.082,1.0,
VAL_H1A_2021_0031,SPEAKER_01,41,989.2026,1077.8126,88.61,26,339,64.964,23.646,25,0.9458,3.826,0.733,0.7720
VAL_H1A_2021_0031,SPEAKER_00,42,1079.6066,1081.9736,2.367,2,14,1.785,0.582,1,0.582,5.915,0.754,
VAL_H1A_2021_0032,SPEAKER_00,1,556.9124,561.5334,4.621,3,28,4.061,0.56,2,0.28,6.059,0.879,0.8370
VAL_H1A_2021_0032,SPEAKER_01,2,562.4634,563.5344,1.071,1,9,1.071,0.0,0,0.0,8.403,1.0,
VAL_H1A_2021_0032,SPEAKER_00,3,564.2744,594.5714,30.297,8,139,24.846,5.451,7,0.7787,4.588,0.82,0.7678
VAL_H1A_2021_0032,SPEAKER_01,4,595.2894,597.1694,1.88,1,11,1.88,0.0,0,0.0,5.851,1.0,
VAL_H1A_2021_0032,SPEAKER_00,5,597.8124,602.7964,4.984,2,27,3.512,1.472,1,1.472,5.417,0.705,0.5653
VAL_H1A_2021_0032,SPEAKER_01,6,603.5574,607.9014,4.344,2,16,3.424,0.92,1,0.92,3.683,0.788,
VAL_H1A_2021_0032,SPEAKER_00,7,608.7324,643.3504,34.618,13,136,23.325,11.293,12,0.9411,3.929,0.674,0.7993
VAL_H1A_2021_0032,SPEAKER_01,8,645.0804,646.4724,1.392,2,6,0.89,0.502,1,0.502,4.31,0.639,
VAL_H1A_2021_0032,SPEAKER_00,9,647.3124,668.5114,21.199,9,88,13.996,7.203,8,0.9004,4.151,0.66,0.7708
VAL_H1A_2021_0032,SPEAKER_01,10,669.1234,673.0944,3.971,2,24,3.41,0.561,1,0.561,6.044,0.859,
VAL_H1A_2021_0032,SPEAKER_00,11,673.5264,678.0094,4.483,2,24,3.411,1.072,1,1.072,5.354,0.761,0.8252
VAL_H1A_2021_0032,SPEAKER_01,12,678.4894,678.7794,0.29,1,1,0.29,0.0,0,0.0,3.448,1.0,
VAL_H1A_2021_0032,SPEAKER_00,13,678.9094,680.0494,1.14,1,8,1.14,0.0,0,0.0,7.018,1.0,0.5072
VAL_H1A_2021_0032,SPEAKER_01,14,682.0314,685.9814,3.95,1,27,3.95,0.0,0,0.0,6.835,1.0,
VAL_H1A_2021_0032,SPEAKER_00,15,686.6744,709.7644,23.09,10,128,18.51,4.58,9,0.5089,5.544,0.802,0.7980
VAL_H1A_2021_0032,UNKNOWN,16,709.7844,709.9044,0.12,1,2,0.12,0.0,0,0.0,16.667,1.0,
VAL_H1A_2021_0032,SPEAKER_01,17,711.1844,713.1944,2.01,1,12,2.01,0.0,0,0.0,5.97,1.0,
VAL_H1A_2021_0032,SPEAKER_00,18,715.2084,737.9524,22.744,10,143,19.063,3.681,9,0.409,6.287,0.838,0.7725
VAL_H1A_2021_0032,SPEAKER_01,19,737.9724,741.5354,3.563,2,15,2.773,0.79,1,0.79,4.21,0.778,
VAL_H1A_2021_0032,SPEAKER_00,20,742.4714,755.6894,13.218,5,79,11.097,2.121,4,0.5302,5.977,0.84,0.6980
VAL_H1A_2021_0032,SPEAKER_01,21,756.3194,758.3094,1.99,1,13,1.99,0.0,0,0.0,6.533,1.0,
VAL_H1A_2021_0032,SPEAKER_00,22,758.8214,793.0184,34.197,10,181,29.165,5.032,9,0.5591,5.293,0.853,0.8065
VAL_H1A_2021_0032,SPEAKER_01,23,793.5794,797.2094,3.63,2,16,3.13,0.5,1,0.5,4.408,0.862,
VAL_H1A_2021_0032,SPEAKER_00,24,797.7584,813.9894,16.231,5,75,13.01,3.221,4,0.8053,4.621,0.802,0.8004
VAL_H1A_2021_0032,SPEAKER_01,25,815.7354,817.8954,2.16,1,15,2.16,0.0,0,0.0,6.944,1.0,
VAL_H1A_2021_0032,SPEAKER_00,26,818.7074,838.1514,19.444,6,125,15.868,3.576,5,0.7152,6.429,0.816,0.6808
VAL_H1A_2021_0032,SPEAKER_01,27,838.1714,841.3934,3.222,2,15,2.362,0.86,1,0.86,4.655,0.733,
VAL_H1A_2021_0032,SPEAKER_00,28,842.5594,877.9474,35.388,8,195,31.579,3.809,7,0.5441,5.51,0.892,0.7646
VAL_H1A_2021_0032,SPEAKER_01,29,879.2974,881.3884,2.091,1,18,2.091,0.0,0,0.0,8.608,1.0,
VAL_H1A_2021_0032,SPEAKER_00,30,882.0504,901.6264,19.576,5,130,17.876,1.7,4,0.425,6.641,0.913,0.8178
VAL_H1A_2021_0032,SPEAKER_01,31,901.9164,905.8894,3.973,2,19,3.133,0.84,1,0.84,4.782,0.789,
VAL_H1A_2021_0032,SPEAKER_00,32,907.1574,1002.3904,95.233,26,516,75.537,19.696,25,0.7878,5.418,0.793,0.7423
VAL_H1A_2021_0032,SPEAKER_01,33,1004.4404,1006.4744,2.034,1,12,2.034,0.0,0,0.0,5.9,1.0,
VAL_H1A_2021_0032,SPEAKER_00,34,1007.2154,1028.8614,21.646,6,138,18.108,3.538,5,0.7076,6.375,0.837,0.7511
VAL_H1A_2021_0032,SPEAKER_01,35,1028.9914,1032.8824,3.891,2,23,3.221,0.67,1,0.67,5.911,0.828,
VAL_H1A_2021_0032,SPEAKER_00,36,1033.6124,1069.8504,36.238,13,228,30.139,6.099,12,0.5083,6.292,0.832,0.7135
VAL_H1A_2021_0032,SPEAKER_01,37,1070.4704,1072.7204,2.25,1,15,2.25,0.0,0,0.0,6.667,1.0,
VAL_H1A_2021_0032,SPEAKER_00,38,1073.8764,1105.6514,31.775,9,176,27.647,4.128,8,0.516,5.539,0.87,0.7119
VAL_H1A_2021_0032,SPEAKER_01,39,1106.1334,1109.1284,2.995,2,9,2.392,0.603,1,0.603,3.005,0.799,
VAL_H1A_2021_0032,SPEAKER_00,40,1111.0174,1113.5228,2.5054,2,19,2.0364,0.469,1,0.469,7.584,0.813,0.5097
VAL_H1A_2021_0033,SPEAKER_00,1,509.4156,510.2356,0.82,1,9,0.82,0.0,0,0.0,10.976,1.0,
VAL_H1A_2021_0033,SPEAKER_01,2,512.5586,523.2576,10.699,6,43,6.59,4.109,5,0.8218,4.019,0.616,0.7472
VAL_H1A_2021_0033,SPEAKER_00,3,523.7286,525.0386,1.31,1,11,1.31,0.0,0,0.0,8.397,1.0,
VAL_H1A_2021_0033,SPEAKER_01,4,525.8706,548.7836,22.913,10,129,18.283,4.63,9,0.5144,5.63,0.798,0.7131
VAL_H1A_2021_0033,SPEAKER_00,5,549.5136,551.6836,2.17,1,16,2.17,0.0,0,0.0,7.373,1.0,
VAL_H1A_2021_0033,SPEAKER_01,6,553.1056,556.5366,3.431,3,17,2.26,1.171,2,0.5855,4.955,0.659,0.5579
VAL_H1A_2021_0033,SPEAKER_00,7,557.4076,559.3686,1.961,2,3,0.791,1.17,1,1.17,1.53,0.403,
VAL_H1A_2021_0033,SPEAKER_01,8,560.2786,582.2486,21.97,11,122,15.374,6.596,10,0.6596,5.553,0.7,0.6806
VAL_H1A_2021_0033,SPEAKER_00,9,583.0796,583.8296,0.75,1,5,0.75,0.0,0,0.0,6.667,1.0,
VAL_H1A_2021_0033,SPEAKER_01,10,584.8196,593.1066,8.287,5,44,6.332,1.955,4,0.4888,5.31,0.764,0.7159
VAL_H1A_2021_0033,SPEAKER_00,11,594.9866,598.8886,3.902,1,28,3.902,0.0,0,0.0,7.176,1.0,
VAL_H1A_2021_0033,SPEAKER_01,12,599.7886,648.3246,48.536,17,213,36.615,11.921,16,0.7451,4.388,0.754,0.7972
VAL_H1A_2021_0033,SPEAKER_00,13,649.4276,650.0276,0.6,1,4,0.6,0.0,0,0.0,6.667,1.0,
VAL_H1A_2021_0033,SPEAKER_01,14,650.2076,654.2076,4.0,1,31,4.0,0.0,0,0.0,7.75,1.0,0.6563
VAL_H1A_2021_0033,SPEAKER_00,15,654.5306,667.9526,13.422,6,51,8.71,4.712,5,0.9424,3.8,0.649,
VAL_H1A_2021_0033,SPEAKER_01,16,669.2586,726.2826,57.024,26,248,37.434,19.59,25,0.7836,4.349,0.656,0.7151
VAL_H1A_2021_0033,SPEAKER_00,17,726.8156,733.5096,6.694,3,36,5.82,0.874,2,0.437,5.378,0.869,
VAL_H1A_2021_0033,SPEAKER_01,18,733.7796,735.3296,1.55,2,11,1.25,0.3,1,0.3,7.097,0.806,0.5108
VAL_H1A_2021_0033,SPEAKER_00,19,736.7816,742.1906,5.409,3,20,2.611,2.798,2,1.399,3.698,0.483,
VAL_H1A_2021_0033,SPEAKER_01,20,742.2106,782.4066,40.196,17,158,24.8359,15.3601,16,0.96,3.931,0.618,0.7450
VAL_H1A_2021_0033,SPEAKER_00,21,784.5076,790.1876,5.68,2,27,4.91,0.77,1,0.77,4.754,0.864,
VAL_H1A_2021_0033,SPEAKER_01,22,790.9986,860.3446,69.346,20,283,54.22,15.126,19,0.7961,4.081,0.782,0.7397
VAL_H1A_2021_0033,SPEAKER_00,23,861.6576,862.2376,0.58,1,4,0.58,0.0,0,0.0,6.897,1.0,
VAL_H1A_2021_0033,SPEAKER_01,24,862.8296,953.2266,90.397,33,435,75.659,14.738,32,0.4606,4.812,0.837,0.7474
VAL_H1A_2021_0033,SPEAKER_00,25,954.8396,957.4896,2.65,2,18,1.92,0.73,1,0.73,6.792,0.725,
VAL_H1A_2021_0033,SPEAKER_01,26,958.1406,960.3606,2.22,1,22,2.22,0.0,0,0.0,9.91,1.0,0.6102
VAL_H1A_2021_0033,SPEAKER_00,27,960.7306,963.0006,2.27,1,16,2.27,0.0,0,0.0,7.048,1.0,
VAL_H1A_2021_0033,SPEAKER_01,28,963.1816,966.7116,3.53,1,30,3.53,0.0,0,0.0,8.499,1.0,0.6533
VAL_H1A_2021_0033,SPEAKER_00,29,967.2226,969.5136,2.291,2,12,1.58,0.711,1,0.711,5.238,0.69,
VAL_H1A_2021_0033,SPEAKER_01,30,969.9436,993.0296,23.086,10,116,18.103,4.983,9,0.5537,5.025,0.784,0.6925
VAL_H1A_2021_0033,SPEAKER_00,31,996.5616,1000.6226,4.061,1,20,4.061,0.0,0,0.0,4.925,1.0,
VAL_H1A_2021_0033,SPEAKER_01,32,1001.4986,1018.7692,17.2706,4,106,15.7816,1.489,3,0.4963,6.138,0.914,0.6726
VAL_H1A_2021_0034,SPEAKER_01,1,599.7305,603.2205,3.49,3,13,2.08,1.41,2,0.705,3.725,0.596,
VAL_H1A_2021_0034,SPEAKER_00,2,603.7935,657.3285,53.535,23,192,35.035,18.5,22,0.8409,3.586,0.654,0.7674
VAL_H1A_2021_0034,SPEAKER_01,3,660.2805,664.0505,3.77,2,23,3.05,0.72,1,0.72,6.101,0.809,
VAL_H1A_2021_0034,SPEAKER_00,4,666.5035,772.1295,105.626,38,454,68.6531,36.9729,37,0.9993,4.298,0.65,0.7434
VAL_H1A_2021_0034,SPEAKER_01,5,773.7305,778.7715,5.041,2,19,2.401,2.64,1,2.64,3.769,0.476,
VAL_H1A_2021_0034,SPEAKER_00,6,780.5075,827.8815,47.374,15,256,34.294,13.08,14,0.9343,5.404,0.724,0.7803
VAL_H1A_2021_0034,SPEAKER_01,7,829.3215,835.9245,6.603,1,38,6.603,0.0,0,0.0,5.755,1.0,
VAL_H1A_2021_0034,SPEAKER_00,8,836.3045,889.8115,53.507,19,227,36.631,16.876,18,0.9376,4.242,0.685,0.7918
VAL_H1A_2021_0034,SPEAKER_01,9,891.5825,894.0435,2.461,1,18,2.461,0.0,0,0.0,7.314,1.0,
VAL_H1A_2021_0034,SPEAKER_00,10,895.0435,912.0565,17.013,8,74,11.512,5.501,7,0.7859,4.35,0.677,0.8581
VAL_H1A_2021_0034,SPEAKER_01,11,912.3285,912.9385,0.61,1,4,0.61,0.0,0,0.0,6.557,1.0,
VAL_H1A_2021_0034,SPEAKER_00,12,913.6885,1021.5435,107.855,38,436,71.498,36.357,37,0.9826,4.042,0.663,0.8223
VAL_H1A_2021_0034,SPEAKER_01,13,1025.9835,1035.0295,9.046,3,35,6.556,2.49,2,1.245,3.869,0.725,
VAL_H1A_2021_0034,SPEAKER_00,14,1035.2095,1035.6095,0.4,1,3,0.4,0.0,0,0.0,7.5,1.0,0.6710
VAL_H1A_2021_0034,SPEAKER_01,15,1036.7925,1040.7225,3.93,1,26,3.93,0.0,0,0.0,6.616,1.0,
VAL_H1A_2021_0034,SPEAKER_00,16,1043.9145,1082.4815,38.567,18,147,22.485,16.082,17,0.946,3.812,0.583,0.7915
VAL_H1A_2021_0034,SPEAKER_01,17,1083.1815,1089.7815,6.6,2,17,2.49,4.11,1,4.11,2.576,0.377,
VAL_H1A_2021_0034,SPEAKER_00,18,1093.2945,1161.3565,68.062,25,223,39.364,28.698,24,1.1958,3.276,0.578,0.8320
VAL_H1A_2021_0034,SPEAKER_01,19,1163.5585,1164.9795,1.421,1,12,1.421,0.0,0,0.0,8.445,1.0,
VAL_H1A_2021_0034,SPEAKER_00,20,1167.3205,1173.3145,5.994,3,15,1.83,4.164,2,2.082,2.503,0.305,0.3550
VAL_H1A_2021_0034,SPEAKER_01,21,1173.9255,1177.9685,4.043,2,20,3.573,0.47,1,0.47,4.947,0.884,
VAL_H1A_2021_0034,SPEAKER_00,22,1178.7885,1197.4835,18.695,9,76,12.184,6.511,8,0.8139,4.065,0.652,0.8245
VAL_H1A_2021_0039,SPEAKER_00,1,614.823,656.04,41.217,12,233,35.67,5.547,11,0.5043,5.653,0.865,0.6843
VAL_H1A_2021_0039,SPEAKER_01,2,657.981,658.331,0.35,1,4,0.35,0.0,0,0.0,11.429,1.0,
VAL_H1A_2021_0039,SPEAKER_00,3,658.681,674.175,15.494,6,83,12.464,3.03,5,0.606,5.357,0.804,0.7362
VAL_H1A_2021_0039,SPEAKER_01,4,674.455,690.218,15.763,4,105,14.063,1.7,3,0.5667,6.661,0.892,
VAL_H1A_2021_0039,SPEAKER_00,5,690.638,801.795,111.157,32,490,69.429,41.728,31,1.3461,4.408,0.625,0.7090
VAL_H1A_2021_0039,SPEAKER_01,6,802.056,804.296,2.24,2,12,1.91,0.33,1,0.33,5.357,0.853,
VAL_H1A_2021_0039,SPEAKER_00,7,804.336,809.038,4.702,1,22,4.702,0.0,0,0.0,4.679,1.0,0.7441
VAL_H1A_2021_0039,SPEAKER_01,8,809.098,815.76,6.662,2,41,6.042,0.62,1,0.62,6.154,0.907,
VAL_H1A_2021_0039,SPEAKER_00,9,815.82,857.748,41.928,11,204,30.682,11.246,10,1.1246,4.865,0.732,0.6223
VAL_H1A_2021_0039,SPEAKER_01,10,857.841,914.344,56.503,15,287,47.118,9.385,14,0.6704,5.079,0.834,
VAL_H1A_2021_0039,SPEAKER_00,11,915.245,1028.242,112.997,39,598,87.968,25.029,38,0.6587,5.292,0.778,0.7015
VAL_H1A_2021_0039,SPEAKER_01,12,1028.262,1030.203,1.941,1,12,1.941,0.0,0,0.0,6.182,1.0,
VAL_H1A_2021_0039,SPEAKER_00,13,1030.263,1092.727,62.464,23,311,45.557,16.907,22,0.7685,4.979,0.729,0.7129
VAL_H1A_2021_0039,SPEAKER_01,14,1093.328,1096.029,2.701,2,5,1.091,1.61,1,1.61,1.851,0.404,
VAL_H1A_2021_0039,SPEAKER_00,15,1096.049,1101.291,5.242,1,39,5.242,0.0,0,0.0,7.44,1.0,0.6614
VAL_H1A_2021_0039,SPEAKER_01,16,1101.787,1102.367,0.58,1,3,0.58,0.0,0,0.0,5.172,1.0,
VAL_H1A_2021_0039,SPEAKER_00,17,1102.788,1105.979,3.191,2,17,2.21,0.981,1,0.981,5.327,0.693,0.5140
VAL_H1A_2021_0039,SPEAKER_01,18,1106.03,1107.371,1.341,1,8,1.341,0.0,0,0.0,5.966,1.0,
VAL_H1A_2021_0039,SPEAKER_00,19,1108.371,1109.161,0.79,1,7,0.79,0.0,0,0.0,8.861,1.0,0.6302
VAL_H1A_2021_0039,SPEAKER_01,20,1109.392,1159.778,50.386,18,254,41.399,8.987,17,0.5286,5.041,0.822,
VAL_H1A_2021_0039,SPEAKER_00,21,1159.938,1228.438,68.5,16,374,55.884,12.616,15,0.8411,5.46,0.816,0.6705
VAL_H1A_2021_0040,SPEAKER_01,1,511.9425,514.5835,2.641,1,20,2.641,0.0,0,0.0,7.573,1.0,0.7102
VAL_H1A_2021_0040,SPEAKER_00,2,515.7645,522.2855,6.521,4,27,5.13,1.391,3,0.4637,4.14,0.787,
VAL_H1A_2021_0040,SPEAKER_01,3,522.6465,522.7765,0.13,1,1,0.13,0.0,0,0.0,7.692,1.0,0.4720
VAL_H1A_2021_0040,SPEAKER_00,4,523.1765,527.3065,4.13,2,16,3.38,0.75,1,0.75,3.874,0.818,
VAL_H1A_2021_0040,SPEAKER_01,5,528.4075,610.4125,82.005,25,331,58.105,23.9,24,0.9958,4.036,0.709,0.7840
VAL_H1A_2021_0040,SPEAKER_00,6,611.0645,617.7675,6.703,2,34,5.272,1.431,1,1.431,5.072,0.787,
VAL_H1A_2021_0040,SPEAKER_01,7,618.2475,660.4215,42.174,16,191,30.133,12.041,15,0.8027,4.529,0.714,0.8262
VAL_H1A_2021_0040,SPEAKER_00,8,661.3215,664.6125,3.291,2,17,2.8,0.491,1,0.491,5.166,0.851,
VAL_H1A_2021_0040,SPEAKER_01,9,665.8635,772.0325,106.169,29,434,76.905,29.264,28,1.0451,4.088,0.724,0.8017
VAL_H1A_2021_0040,UNKNOWN,10,772.0525,772.1526,0.1001,1,2,0.1001,0.0,0,0.0,19.98,1.0,
VAL_H1A_2021_0040,SPEAKER_00,11,773.5525,777.4545,3.902,2,19,2.9721,0.9299,1,0.9299,4.869,0.762,
VAL_H1A_2021_0040,SPEAKER_01,12,777.8355,783.2175,5.382,2,25,5.142,0.24,1,0.24,4.645,0.955,0.7138
VAL_H1A_2021_0040,SPEAKER_00,13,783.3775,783.6075,0.23,1,1,0.23,0.0,0,0.0,4.348,1.0,
VAL_H1A_2021_0040,SPEAKER_01,14,784.4185,839.2375,54.819,15,228,40.933,13.886,14,0.9919,4.159,0.747,0.7600
VAL_H1A_2021_0040,SPEAKER_00,15,840.2495,840.3895,0.14,1,2,0.14,0.0,0,0.0,14.286,1.0,
VAL_H1A_2021_0040,SPEAKER_01,16,840.6505,856.6895,16.039,6,76,12.666,3.373,5,0.6746,4.738,0.79,0.7138
VAL_H1A_2021_0040,SPEAKER_00,17,858.3215,863.0425,4.721,1,23,4.721,0.0,0,0.0,4.872,1.0,
VAL_H1A_2021_0040,SPEAKER_01,18,863.3655,962.7505,99.385,31,385,72.886,26.499,30,0.8833,3.874,0.733,0.7102
VAL_H1A_2021_0040,SPEAKER_00,19,962.8215,971.0575,8.236,6,43,5.472,2.764,5,0.5528,5.221,0.664,
VAL_H1A_2021_0040,SPEAKER_01,20,971.5695,975.1805,3.611,3,19,2.641,0.97,2,0.485,5.262,0.731,0.5984
VAL_H1A_2021_0040,SPEAKER_00,21,975.3515,981.3355,5.984,4,18,3.733,2.251,3,0.7503,3.008,0.624,
VAL_H1A_2021_0040,SPEAKER_01,22,982.0165,1021.223,39.2065,11,184,27.9635,11.243,10,1.1243,4.693,0.713,0.7796
VAL_H1A_2021_0044,SPEAKER_00,1,568.1038,588.9388,20.835,8,54,11.945,8.89,7,1.27,2.592,0.573,0.7190
VAL_H1A_2021_0044,SPEAKER_01,2,592.9648,594.9048,1.94,1,11,1.94,0.0,0,0.0,5.67,1.0,
VAL_H1A_2021_0044,SPEAKER_00,3,595.4268,597.7488,2.322,1,17,2.322,0.0,0,0.0,7.321,1.0,0.8117
VAL_H1A_2021_0044,SPEAKER_01,4,598.9298,604.4298,5.5,2,25,4.97,0.53,1,0.53,4.545,0.904,
VAL_H1A_2021_0044,SPEAKER_00,5,605.7158,629.6148,23.899,7,104,16.433,7.466,6,1.2443,4.352,0.688,0.7472
VAL_H1A_2021_0044,SPEAKER_01,6,634.1548,635.3648,1.21,1,6,1.21,0.0,0,0.0,4.959,1.0,
VAL_H1A_2021_0044,SPEAKER_00,7,635.7398,639.5218,3.782,2,27,3.482,0.3,1,0.3,7.139,0.921,0.5402
VAL_H1A_2021_0044,SPEAKER_01,8,639.7028,645.3328,5.63,1,22,5.63,0.0,0,0.0,3.908,1.0,
VAL_H1A_2021_0044,SPEAKER_00,9,646.5598,720.8008,74.241,27,327,52.492,21.749,26,0.8365,4.405,0.707,0.7238
VAL_H1A_2021_0044,SPEAKER_01,10,722.2038,726.4538,4.25,1,23,4.25,0.0,0,0.0,5.412,1.0,
VAL_H1A_2021_0044,SPEAKER_00,11,732.9328,829.4588,96.526,31,450,74.749,21.777,30,0.7259,4.662,0.774,0.7364
VAL_H1A_2021_0044,SPEAKER_01,12,833.0328,834.5538,1.521,1,6,1.521,0.0,0,0.0,3.945,1.0,
VAL_H1A_2021_0044,SPEAKER_00,13,836.1748,882.9288,46.754,23,152,26.414,20.34,22,0.9245,3.251,0.565,0.7745
VAL_H1A_2021_0044,SPEAKER_01,14,883.3688,887.2708,3.902,2,15,2.35,1.552,1,1.552,3.844,0.602,
VAL_H1A_2021_0044,SPEAKER_00,15,888.6308,944.0368,55.406,23,204,34.297,21.109,22,0.9595,3.682,0.619,0.7255
VAL_H1A_2021_0044,SPEAKER_01,16,946.1068,948.9098,2.803,1,13,2.803,0.0,0,0.0,4.638,1.0,
VAL_H1A_2021_0044,SPEAKER_00,17,951.5228,1014.7408,63.218,20,293,45.819,17.399,19,0.9157,4.635,0.725,0.7610
VAL_H1A_2021_0044,SPEAKER_01,18,1017.0128,1018.3548,1.342,1,9,1.342,0.0,0,0.0,6.706,1.0,
VAL_H1A_2021_0044,SPEAKER_00,19,1019.0348,1044.4328,25.398,9,156,20.827,4.571,8,0.5714,6.142,0.82,0.6122
VAL_H1A_2021_0044,SPEAKER_01,20,1048.4948,1051.9348,3.44,1,25,3.44,0.0,0,0.0,7.267,1.0,
VAL_H1A_2021_0044,SPEAKER_00,21,1053.7688,1060.6808,6.912,4,27,4.31,2.602,3,0.8673,3.906,0.624,0.7718
VAL_H1A_2021_0044,SPEAKER_01,22,1063.2928,1067.3628,4.07,1,26,4.07,0.0,0,0.0,6.388,1.0,
VAL_H1A_2021_0044,SPEAKER_00,23,1067.6748,1133.8098,66.135,34,297,45.4079,20.7271,33,0.6281,4.491,0.687,0.7154
VAL_H1B_2003_00589,SPEAKER_01,1,390.2952,391.1152,0.82,1,6,0.82,0.0,0,0.0,7.317,1.0,
VAL_H1B_2003_00589,SPEAKER_00,2,392.2962,418.0252,25.729,9,111,18.809,6.92,8,0.865,4.314,0.731,0.7584
VAL_H1B_2003_00589,SPEAKER_01,3,420.0012,422.2312,2.23,2,11,1.49,0.74,1,0.74,4.933,0.668,
VAL_H1B_2003_00589,SPEAKER_00,4,423.1022,432.4862,9.384,4,51,7.103,2.281,3,0.7603,5.435,0.757,0.7796
VAL_H1B_2003_00589,SPEAKER_01,5,432.8562,434.5472,1.691,1,12,1.691,0.0,0,0.0,7.096,1.0,
VAL_H1B_2003_00589,SPEAKER_00,6,435.5872,456.2802,20.693,8,103,15.325,5.368,7,0.7669,4.978,0.741,0.7883
VAL_H1B_2003_00589,SPEAKER_01,7,456.7512,458.3912,1.64,1,12,1.64,0.0,0,0.0,7.317,1.0,
VAL_H1B_2003_00589,SPEAKER_00,8,459.8822,468.7472,8.865,3,57,7.305,1.56,2,0.78,6.43,0.824,0.6300
VAL_H1B_2003_00589,SPEAKER_01,9,469.0272,482.7042,13.677,5,65,9.133,4.544,4,1.136,4.753,0.668,
VAL_H1B_2003_00589,SPEAKER_00,10,483.1972,511.7442,28.547,9,139,20.585,7.962,8,0.9952,4.869,0.721,0.7135
VAL_H1B_2003_00589,SPEAKER_01,11,512.0102,513.4302,1.42,1,12,1.42,0.0,0,0.0,8.451,1.0,
VAL_H1B_2003_00589,SPEAKER_00,12,514.2522,516.7422,2.49,2,13,2.16,0.33,1,0.33,5.221,0.867,0.7370
VAL_H1B_2003_00589,SPEAKER_01,13,517.2832,518.4952,1.212,1,10,1.212,0.0,0,0.0,8.251,1.0,
VAL_H1B_2003_00589,SPEAKER_00,14,519.1552,531.8952,12.74,6,60,9.95,2.79,5,0.558,4.71,0.781,0.7053
VAL_H1B_2003_00589,SPEAKER_01,15,532.4502,533.6902,1.24,1,10,1.24,0.0,0,0.0,8.065,1.0,
VAL_H1B_2003_00589,SPEAKER_00,16,533.9112,534.1412,0.23,1,1,0.23,0.0,0,0.0,4.348,1.0,0.5270
VAL_H1B_2003_00589,SPEAKER_01,17,535.4122,539.6342,4.222,2,24,3.81,0.412,1,0.412,5.685,0.902,
VAL_H1B_2003_00589,SPEAKER_00,18,540.6162,629.8102,89.194,28,403,68.365,20.829,27,0.7714,4.518,0.766,0.7422
VAL_H1B_2003_00589,SPEAKER_01,19,630.4602,632.7902,2.33,1,17,2.33,0.0,0,0.0,7.296,1.0,
VAL_H1B_2003_00589,SPEAKER_00,20,633.4112,654.1972,20.786,9,72,15.353,5.433,8,0.6791,3.464,0.739,0.8948
VAL_H1B_2003_00589,SPEAKER_01,21,654.8002,656.8312,2.031,1,12,2.031,0.0,0,0.0,5.908,1.0,
VAL_H1B_2003_00589,SPEAKER_00,22,657.9922,676.2582,18.266,10,66,10.281,7.985,9,0.8872,3.613,0.563,0.7473
VAL_H1B_2003_00589,SPEAKER_01,23,676.5782,679.1482,2.57,1,15,2.57,0.0,0,0.0,5.837,1.0,
VAL_H1B_2003_00589,SPEAKER_00,24,679.8792,711.3152,31.436,13,130,22.789,8.647,12,0.7206,4.135,0.725,0.7946
VAL_H1B_2003_00589,SPEAKER_01,25,711.8352,713.2452,1.41,1,6,1.41,0.0,0,0.0,4.255,1.0,
VAL_H1B_2003_00589,SPEAKER_00,26,713.7972,714.6372,0.84,1,7,0.84,0.0,0,0.0,8.333,1.0,0.5630
VAL_H1B_2003_00589,SPEAKER_01,27,715.5382,716.3982,0.86,1,7,0.86,0.0,0,0.0,8.14,1.0,
VAL_H1B_2003_00589,SPEAKER_00,28,717.6402,741.2352,23.595,9,101,17.729,5.866,8,0.7333,4.281,0.751,0.7631
VAL_H1B_2003_00589,SPEAKER_01,29,741.5202,744.1702,2.65,2,9,1.21,1.44,1,1.44,3.396,0.457,
VAL_H1B_2003_00589,SPEAKER_00,30,745.1612,745.9712,0.81,1,6,0.81,0.0,0,0.0,7.407,1.0,0.9148
VAL_H1B_2003_00589,SPEAKER_01,31,746.4522,747.1822,0.73,1,5,0.73,0.0,0,0.0,6.849,1.0,
VAL_H1B_2003_00589,SPEAKER_00,32,747.4022,748.8632,1.461,2,5,0.801,0.66,1,0.66,3.422,0.548,0.7295
VAL_H1B_2003_00589,SPEAKER_01,33,749.0432,750.8242,1.781,1,11,1.781,0.0,0,0.0,6.176,1.0,
VAL_H1B_2003_00589,SPEAKER_00,34,751.0442,751.5942,0.55,1,4,0.55,0.0,0,0.0,7.273,1.0,0.5827
VAL_H1B_2003_00589,SPEAKER_01,35,752.0342,752.2542,0.22,1,1,0.22,0.0,0,0.0,4.545,1.0,
VAL_H1B_2003_00589,SPEAKER_00,36,753.1252,757.9372,4.812,2,16,3.441,1.371,1,1.371,3.325,0.715,0.6722
VAL_H1B_2003_00589,SPEAKER_01,37,758.1502,761.4802,3.33,2,16,2.81,0.52,1,0.52,4.805,0.844,
VAL_H1B_2003_00589,SPEAKER_00,38,762.2572,780.1192,17.862,6,64,12.829,5.033,5,1.0066,3.583,0.718,0.8014
VAL_H1B_2019_00183,SPEAKER_00,1,415.1471,483.0131,67.866,24,326,54.196,13.67,23,0.5943,4.804,0.799,0.8273
VAL_H1B_2019_00183,SPEAKER_01,2,483.7331,485.1331,1.4,1,12,1.4,0.0,0,0.0,8.571,1.0,
VAL_H1B_2019_00183,SPEAKER_00,3,485.7741,508.6931,22.919,7,141,20.215,2.704,6,0.4507,6.152,0.882,0.7690
VAL_H1B_2019_00183,SPEAKER_01,4,509.7331,511.3831,1.65,1,15,1.65,0.0,0,0.0,9.091,1.0,
VAL_H1B_2019_00183,SPEAKER_00,5,512.1951,530.3531,18.158,4,87,15.375,2.783,3,0.9277,4.791,0.847,0.8189
VAL_H1B_2019_00183,SPEAKER_01,6,531.6731,542.5751,10.902,4,43,8.23,2.672,3,0.8907,3.944,0.755,
VAL_H1B_2019_00183,SPEAKER_00,7,543.5761,560.5251,16.949,4,85,14.511,2.438,3,0.8127,5.015,0.856,0.8190
VAL_H1B_2019_00183,SPEAKER_01,8,563.7191,567.3521,3.633,1,19,3.633,0.0,0,0.0,5.23,1.0,
VAL_H1B_2019_00183,SPEAKER_00,9,568.6031,596.8811,28.278,10,120,23.019,5.259,9,0.5843,4.244,0.814,0.8430
VAL_H1B_2019_00183,SPEAKER_01,10,598.3631,608.1321,9.769,4,49,8.219,1.55,3,0.5167,5.016,0.841,
VAL_H1B_2019_00183,SPEAKER_00,11,609.0821,641.1591,32.077,9,168,27.04,5.037,8,0.6296,5.237,0.843,0.8336
VAL_H1B_2019_00183,SPEAKER_01,12,642.0401,643.7201,1.68,1,9,1.68,0.0,0,0.0,5.357,1.0,
VAL_H1B_2019_00183,SPEAKER_00,13,644.8911,677.5871,32.696,11,156,26.358,6.338,10,0.6338,4.771,0.806,0.8563
VAL_H1B_2019_00183,SPEAKER_01,14,679.5771,687.0291,7.452,2,40,7.081,0.371,1,0.371,5.368,0.95,
VAL_H1B_2019_00183,SPEAKER_00,15,687.4701,705.6231,18.153,9,63,12.48,5.673,8,0.7091,3.471,0.687,0.8865
VAL_H1B_2019_00183,SPEAKER_01,16,706.3971,710.8491,4.452,2,28,3.232,1.22,1,1.22,6.289,0.726,
VAL_H1B_2019_00183,SPEAKER_00,17,711.3991,731.5881,20.189,7,85,15.663,4.526,6,0.7543,4.21,0.776,0.8055
VAL_H1B_2019_00183,SPEAKER_01,18,738.7001,756.3551,17.655,5,80,13.783,3.872,4,0.968,4.531,0.781,
VAL_H1B_2019_00183,SPEAKER_00,19,757.7851,778.7461,20.961,7,96,17.397,3.564,6,0.594,4.58,0.83,0.7407
VAL_H1B_2019_00183,SPEAKER_01,20,779.8661,780.8261,0.96,1,9,0.96,0.0,0,0.0,9.375,1.0,
VAL_H1B_2019_00183,SPEAKER_00,21,781.8881,794.7761,12.888,5,67,10.894,1.994,4,0.4985,5.199,0.845,0.8175
VAL_H1B_2019_00183,SPEAKER_01,22,796.9261,798.0661,1.14,1,10,1.14,0.0,0,0.0,8.772,1.0,
VAL_H1B_2019_00183,SPEAKER_00,23,799.1391,814.1311,14.992,5,68,11.588,3.404,4,0.851,4.536,0.773,0.8682
VAL_H1B_2019_00183,SPEAKER_01,24,815.7221,823.1271,7.405,2,41,7.085,0.32,1,0.32,5.537,0.957,
VAL_H1B_2020_00114,SPEAKER_00,1,515.3888,559.6228,44.234,17,156,31.902,12.332,16,0.7708,3.527,0.721,0.7915
VAL_H1B_2020_00114,SPEAKER_01,2,561.5328,564.3628,2.83,2,16,2.56,0.27,1,0.27,5.654,0.905,
VAL_H1B_2020_00114,SPEAKER_00,3,565.6338,568.2848,2.651,2,15,1.811,0.84,1,0.84,5.658,0.683,0.6590
VAL_H1B_2020_00114,SPEAKER_01,4,569.0948,570.5848,1.49,1,10,1.49,0.0,0,0.0,6.711,1.0,
VAL_H1B_2020_00114,SPEAKER_00,5,572.4158,573.4258,1.01,1,8,1.01,0.0,0,0.0,7.921,1.0,0.7038
VAL_H1B_2020_00114,SPEAKER_01,6,575.0098,577.3498,2.34,1,15,2.34,0.0,0,0.0,6.41,1.0,
VAL_H1B_2020_00114,SPEAKER_00,7,579.4418,594.3268,14.885,6,58,8.351,6.534,5,1.3068,3.897,0.561,0.8355
VAL_H1B_2020_00114,SPEAKER_01,8,595.2668,597.8268,2.56,1,16,2.56,0.0,0,0.0,6.25,1.0,
VAL_H1B_2020_00114,SPEAKER_00,9,599.2288,611.0378,11.809,5,44,6.76,5.049,4,1.2622,3.726,0.572,0.8000
VAL_H1B_2020_00114,SPEAKER_01,10,613.3898,628.8738,15.484,6,50,13.07,2.414,5,0.4828,3.229,0.844,
VAL_H1B_2020_00114,SPEAKER_00,11,629.7998,670.7598,40.96,17,157,28.947,12.013,16,0.7508,3.833,0.707,0.7518
VAL_H1B_2020_00114,SPEAKER_01,12,674.9698,693.7098,18.74,6,74,16.08,2.66,5,0.532,3.949,0.858,
VAL_H1B_2020_00114,SPEAKER_00,13,694.5918,716.9338,22.342,9,82,13.35,8.992,8,1.124,3.67,0.598,0.6608
VAL_H1B_2020_00114,SPEAKER_01,14,718.1048,724.3098,6.205,1,31,6.205,0.0,0,0.0,4.996,1.0,
VAL_H1B_2020_00114,SPEAKER_00,15,725.1598,725.4098,0.25,1,2,0.25,0.0,0,0.0,8.0,1.0,
VAL_H1B_2020_00114,SPEAKER_01,16,725.5918,726.7418,1.15,1,6,1.15,0.0,0,0.0,5.217,1.0,
VAL_H1B_2020_00114,SPEAKER_00,17,731.8758,796.2118,64.336,23,221,39.264,25.072,22,1.1396,3.435,0.61,0.8139
VAL_H1B_2020_00114,SPEAKER_01,18,797.2858,808.6338,11.348,4,54,9.668,1.68,3,0.56,4.759,0.852,
VAL_H1B_2020_00114,SPEAKER_00,19,810.4848,819.1068,8.622,5,46,6.08,2.542,4,0.6355,5.335,0.705,0.6186
VAL_H1B_2020_00114,SPEAKER_01,20,821.3478,825.9778,4.63,1,28,4.63,0.0,0,0.0,6.048,1.0,
VAL_H1B_2020_00114,SPEAKER_00,21,826.1898,877.3088,51.119,25,219,35.693,15.426,24,0.6427,4.284,0.698,0.7354
VAL_H1B_2020_00114,SPEAKER_01,22,878.5508,886.0328,7.482,4,31,6.052,1.43,3,0.4767,4.143,0.809,
VAL_H1B_2020_00114,SPEAKER_00,23,886.4128,921.9908,35.578,16,111,24.433,11.145,15,0.743,3.12,0.687,0.7192
VAL_H1B_2020_00114,SPEAKER_01,24,924.5908,929.5518,4.961,2,19,4.561,0.4,1,0.4,3.83,0.919,
VAL_H1B_2020_00114,SPEAKER_00,25,931.2228,986.8228,55.6,23,165,33.357,22.243,22,1.011,2.968,0.6,0.8260
VAL_H1B_2020_00114,SPEAKER_01,26,986.9028,989.6828,2.78,2,9,2.52,0.26,1,0.26,3.237,0.906,
VAL_H1B_2020_00114,SPEAKER_00,27,989.9048,1026.5908,36.686,13,146,25.713,10.973,12,0.9144,3.98,0.701,0.7467
VAL_H1B_2020_00128,SPEAKER_00,1,477.9775,481.7285,3.751,2,19,2.77,0.981,1,0.981,5.065,0.738,
VAL_H1B_2020_00128,SPEAKER_01,2,482.0585,483.6985,1.64,1,13,1.64,0.0,0,0.0,7.927,1.0,0.8389
VAL_H1B_2020_00128,SPEAKER_00,3,484.2985,485.7995,1.501,1,11,1.501,0.0,0,0.0,7.328,1.0,
VAL_H1B_2020_00128,SPEAKER_01,4,486.2995,493.3105,7.011,2,43,6.661,0.35,1,0.35,6.133,0.95,0.8627
VAL_H1B_2020_00128,SPEAKER_00,5,494.7815,498.1825,3.401,2,17,2.791,0.61,1,0.61,4.999,0.821,
VAL_H1B_2020_00128,SPEAKER_01,6,498.7295,543.4365,44.707,13,200,38.922,5.785,12,0.4821,4.474,0.871,0.8223
VAL_H1B_2020_00128,SPEAKER_00,7,545.5285,547.9485,2.42,1,13,2.42,0.0,0,0.0,5.372,1.0,
VAL_H1B_2020_00128,SPEAKER_01,8,549.1505,551.1015,1.951,1,16,1.951,0.0,0,0.0,8.201,1.0,0.5838
VAL_H1B_2020_00128,SPEAKER_00,9,551.9425,553.5425,1.6,1,12,1.6,0.0,0,0.0,7.5,1.0,
VAL_H1B_2020_00128,SPEAKER_01,10,554.3145,589.4935,35.179,9,199,28.161,7.018,8,0.8772,5.657,0.801,0.7604
VAL_H1B_2020_00128,SPEAKER_00,11,591.7265,597.7185,5.992,2,33,5.491,0.501,1,0.501,5.507,0.916,
VAL_H1B_2020_00128,SPEAKER_01,12,598.4305,631.6635,33.233,9,129,27.855,5.378,8,0.6723,3.882,0.838,0.8506
VAL_H1B_2020_00128,SPEAKER_00,13,634.6385,637.0085,2.37,1,13,2.37,0.0,0,0.0,5.485,1.0,
VAL_H1B_2020_00128,SPEAKER_01,14,637.7425,668.0765,30.334,8,132,26.64,3.694,7,0.5277,4.352,0.878,0.8770
VAL_H1B_2020_00128,SPEAKER_00,15,669.9265,674.4065,4.48,2,29,4.17,0.31,1,0.31,6.473,0.931,
VAL_H1B_2020_00128,SPEAKER_01,16,675.1025,721.4445,46.342,15,186,37.257,9.085,14,0.6489,4.014,0.804,0.8521
VAL_H1B_2020_00128,SPEAKER_00,17,721.4975,726.8945,5.397,2,31,5.091,0.306,1,0.306,5.744,0.943,
VAL_H1B_2020_00128,SPEAKER_01,18,727.7855,843.5525,115.767,31,483,89.224,26.543,30,0.8848,4.172,0.771,0.8010
VAL_H1B_2020_00128,SPEAKER_00,19,844.9145,845.7845,0.87,1,6,0.87,0.0,0,0.0,6.897,1.0,
VAL_H1B_2020_00128,SPEAKER_01,20,846.1955,955.8715,109.676,32,462,85.709,23.967,31,0.7731,4.212,0.781,0.8286
VAL_H1B_2021_004,SPEAKER_01,1,461.1426,464.1936,3.051,1,16,3.051,0.0,0,0.0,5.244,1.0,
VAL_H1B_2021_004,SPEAKER_00,2,465.4536,473.6767,8.2231,3,33,5.0531,3.17,2,1.585,4.013,0.615,0.8148
VAL_H1B_2021_004,SPEAKER_01,3,475.2566,477.5976,2.341,1,21,2.341,0.0,0,0.0,8.971,1.0,
VAL_H1B_2021_004,SPEAKER_00,4,479.3186,544.6796,65.361,20,244,44.99,20.371,19,1.0722,3.733,0.688,0.7883
VAL_H1B_2021_004,SPEAKER_01,5,547.2306,551.4616,4.231,2,14,2.66,1.571,1,1.571,3.309,0.629,
VAL_H1B_2021_004,SPEAKER_00,6,552.5316,596.1516,43.62,16,199,29.385,14.235,15,0.949,4.562,0.674,0.8056
VAL_H1B_2021_004,SPEAKER_01,7,601.6106,606.0806,4.47,3,25,3.15,1.32,2,0.66,5.593,0.705,
VAL_H1B_2021_004,SPEAKER_00,8,608.4826,644.5806,36.098,11,170,28.933,7.165,10,0.7165,4.709,0.802,0.7530
VAL_H1B_2021_004,SPEAKER_01,9,647.0806,650.3946,3.314,2,10,2.224,1.09,1,1.09,3.018,0.671,
VAL_H1B_2021_004,SPEAKER_00,10,651.5766,691.1866,39.61,11,201,27.583,12.027,10,1.2027,5.074,0.696,0.7117
VAL_H1B_2021_004,SPEAKER_01,11,693.9876,695.3676,1.38,1,9,1.38,0.0,0,0.0,6.522,1.0,
VAL_H1B_2021_004,SPEAKER_00,12,696.3886,703.1306,6.742,2,45,6.402,0.34,1,0.34,6.675,0.95,0.7350
VAL_H1B_2021_004,SPEAKER_01,13,704.5206,707.0806,2.56,1,11,2.56,0.0,0,0.0,4.297,1.0,
VAL_H1B_2021_004,SPEAKER_00,14,708.9036,722.7426,13.839,5,55,10.1,3.739,4,0.9347,3.974,0.73,0.7912
VAL_H1B_2021_004,SPEAKER_01,15,724.0576,724.4676,0.41,1,4,0.41,0.0,0,0.0,9.756,1.0,
VAL_H1B_2021_004,SPEAKER_00,16,728.1406,747.3976,19.257,8,67,13.16,6.097,7,0.871,3.479,0.683,0.8520
VAL_H1B_2021_004,SPEAKER_01,17,750.6136,753.5786,2.965,2,9,2.235,0.73,1,0.73,3.035,0.754,
VAL_H1B_2021_004,SPEAKER_00,18,754.5586,755.7996,1.241,1,7,1.241,0.0,0,0.0,5.641,1.0,0.8622
VAL_H1B_2021_004,SPEAKER_01,19,757.3196,758.8496,1.53,1,9,1.53,0.0,0,0.0,5.882,1.0,
VAL_H1B_2021_004,SPEAKER_00,20,759.6626,783.3986,23.736,8,110,19.628,4.108,7,0.5869,4.634,0.827,0.8464
VAL_H1B_2021_004,SPEAKER_01,21,784.6586,786.0686,1.41,1,10,1.41,0.0,0,0.0,7.092,1.0,
VAL_H1B_2021_004,SPEAKER_00,22,786.9736,824.7146,37.741,11,136,25.445,12.296,10,1.2296,3.604,0.674,0.7319
VAL_H1B_2021_004,SPEAKER_01,23,826.9826,830.8526,3.87,2,8,3.02,0.85,1,0.85,2.067,0.78,
VAL_H1B_2021_004,SPEAKER_00,24,832.2696,848.3316,16.062,5,84,13.624,2.438,4,0.6095,5.23,0.848,0.7850
VAL_H1B_2021_004,SPEAKER_01,25,849.5786,853.1686,3.59,2,13,2.76,0.83,1,0.83,3.621,0.769,
VAL_H1B_2021_004,SPEAKER_00,26,854.6446,882.8656,28.221,8,87,19.625,8.596,7,1.228,3.083,0.695,0.8937
VAL_H1B_2021_004,SPEAKER_01,27,884.9486,891.4406,6.492,2,31,6.14,0.352,1,0.352,4.775,0.946,
VAL_H1B_2021_004,SPEAKER_00,28,891.5706,917.6866,26.116,8,119,22.096,4.02,7,0.5743,4.557,0.846,0.8032
VAL_H1B_2022_00101,SPEAKER_01,1,253.3702,281.9982,28.628,11,143,21.768,6.86,10,0.686,4.995,0.76,0.7053
VAL_H1B_2022_00101,SPEAKER_00,2,283.2712,283.7412,0.47,1,8,0.47,0.0,0,0.0,17.021,1.0,
VAL_H1B_2022_00101,SPEAKER_01,3,286.9922,303.1262,16.134,4,81,15.144,0.99,3,0.33,5.02,0.939,0.6899
VAL_H1B_2022_00101,SPEAKER_00,4,304.3362,305.6172,1.281,1,11,1.281,0.0,0,0.0,8.587,1.0,
VAL_H1B_2022_00101,SPEAKER_01,5,306.5572,320.4942,13.937,6,80,11.417,2.52,5,0.504,5.74,0.819,0.7310
VAL_H1B_2022_00101,SPEAKER_00,6,321.8442,325.0042,3.16,2,12,2.9,0.26,1,0.26,3.797,0.918,
VAL_H1B_2022_00101,SPEAKER_01,7,328.7392,348.0032,19.264,8,79,14.431,4.833,7,0.6904,4.101,0.749,0.8335
VAL_H1B_2022_00101,SPEAKER_00,8,348.6532,352.5732,3.92,2,22,3.64,0.28,1,0.28,5.612,0.929,
VAL_H1B_2022_00101,SPEAKER_01,9,355.4662,389.0812,33.615,10,137,24.093,9.522,9,1.058,4.076,0.717,0.7047
VAL_H1B_2022_00101,SPEAKER_00,10,389.6612,392.3512,2.69,1,23,2.69,0.0,0,0.0,8.55,1.0,
VAL_H1B_2022_00101,SPEAKER_01,11,395.3642,409.6242,14.26,6,73,11.771,2.489,5,0.4978,5.119,0.825,0.7668
VAL_H1B_2022_00101,SPEAKER_00,12,411.0812,422.2282,11.147,4,46,8.594,2.553,3,0.851,4.127,0.771,
VAL_H1B_2022_00101,SPEAKER_01,13,425.3492,430.1292,4.78,1,38,4.78,0.0,0,0.0,7.95,1.0,0.5267
VAL_H1B_2022_00101,SPEAKER_00,14,431.3202,435.6122,4.292,2,12,1.06,3.232,1,3.232,2.796,0.247,
VAL_H1B_2022_00101,SPEAKER_01,15,435.6322,486.2002,50.568,17,222,38.721,11.847,16,0.7404,4.39,0.766,0.8134
VAL_H1B_2022_0099,SPEAKER_01,1,705.826,707.786,1.96,1,18,1.96,0.0,0,0.0,9.184,1.0,
VAL_H1B_2022_0099,SPEAKER_00,2,708.207,709.067,0.86,1,5,0.86,0.0,0,0.0,5.814,1.0,0.5537
VAL_H1B_2022_0099,SPEAKER_01,3,710.677,713.208,2.531,1,17,2.531,0.0,0,0.0,6.717,1.0,
VAL_H1B_2022_0099,SPEAKER_00,4,714.368,715.379,1.011,2,5,0.66,0.351,1,0.351,4.946,0.653,0.6320
VAL_H1B_2022_0099,SPEAKER_01,5,717.239,719.871,2.632,2,11,2.212,0.42,1,0.42,4.179,0.84,
VAL_H1B_2022_0099,SPEAKER_00,6,720.871,726.353,5.482,3,21,3.442,2.04,2,1.02,3.831,0.628,0.4848
VAL_H1B_2022_0099,SPEAKER_01,7,727.183,729.854,2.671,1,20,2.671,0.0,0,0.0,7.488,1.0,
VAL_H1B_2022_0099,SPEAKER_00,8,730.454,747.048,16.594,6,73,11.453,5.141,5,1.0282,4.399,0.69,0.6599
VAL_H1B_2022_0099,SPEAKER_01,9,748.898,751.798,2.9,1,14,2.9,0.0,0,0.0,4.828,1.0,
VAL_H1B_2022_0099,SPEAKER_00,10,753.172,755.402,2.23,1,18,2.23,0.0,0,0.0,8.072,1.0,0.7331
VAL_H1B_2022_0099,SPEAKER_01,11,757.083,763.418,6.335,2,30,5.285,1.05,1,1.05,4.736,0.834,
VAL_H1B_2022_0099,SPEAKER_00,12,764.892,765.622,0.73,1,8,0.73,0.0,0,0.0,10.959,1.0,0.7450
VAL_H1B_2022_0099,SPEAKER_01,13,767.822,769.442,1.62,1,11,1.62,0.0,0,0.0,6.79,1.0,
VAL_H1B_2022_0099,SPEAKER_00,14,771.014,771.614,0.6,1,5,0.6,0.0,0,0.0,8.333,1.0,0.7120
VAL_H1B_2022_0099,SPEAKER_01,15,772.034,774.134,2.1,1,6,2.1,0.0,0,0.0,2.857,1.0,
VAL_H1B_2022_0099,SPEAKER_00,16,774.174,789.298,15.124,5,70,11.103,4.021,4,1.0052,4.628,0.734,0.6797
VAL_H1B_2022_0099,SPEAKER_01,17,789.877,792.978,3.101,1,12,3.101,0.0,0,0.0,3.87,1.0,
VAL_H1B_2022_0099,SPEAKER_00,18,793.378,794.348,0.97,1,7,0.97,0.0,0,0.0,7.216,1.0,0.5800
VAL_H1B_2022_0099,SPEAKER_01,19,796.299,797.829,1.53,1,12,1.53,0.0,0,0.0,7.843,1.0,
VAL_H1B_2022_0099,SPEAKER_00,20,798.26,808.883,10.623,5,37,5.842,4.781,4,1.1952,3.483,0.55,0.6877
VAL_H1B_2022_0099,SPEAKER_01,21,810.143,812.344,2.201,1,18,2.201,0.0,0,0.0,8.178,1.0,
VAL_H1B_2022_0099,SPEAKER_00,22,813.204,815.874,2.67,2,20,2.3,0.37,1,0.37,7.491,0.861,0.5858
VAL_H1B_2022_0099,SPEAKER_01,23,817.625,837.361,19.736,7,52,7.741,11.995,6,1.9992,2.635,0.392,
VAL_H1B_2022_0099,SPEAKER_00,24,839.253,843.953,4.7,3,16,3.0,1.7,2,0.85,3.404,0.638,0.4717
VAL_H1B_2022_0099,SPEAKER_01,25,845.524,848.135,2.611,2,9,1.891,0.72,1,0.72,3.447,0.724,
VAL_H1B_2022_0099,SPEAKER_00,26,850.491,853.271,2.78,2,11,2.07,0.71,1,0.71,3.957,0.745,0.6111
VAL_H1B_2022_0099,SPEAKER_01,27,853.413,855.394,1.981,1,13,1.981,0.0,0,0.0,6.562,1.0,
VAL_H1B_2022_0099,SPEAKER_00,28,855.504,862.984,7.48,1,45,7.48,0.0,0,0.0,6.016,1.0,0.6535
VAL_H1B_2022_0099,SPEAKER_01,29,866.579,874.031,7.452,3,43,6.502,0.95,2,0.475,5.77,0.873,
VAL_H1B_2022_0099,SPEAKER_00,30,875.984,877.584,1.6,2,10,1.29,0.31,1,0.31,6.25,0.806,0.7304
VAL_H1B_2022_0099,SPEAKER_01,31,878.154,878.725,0.571,1,6,0.571,0.0,0,0.0,10.508,1.0,
VAL_H1B_2022_0099,SPEAKER_00,32,880.38,881.49,1.11,1,10,1.11,0.0,0,0.0,9.009,1.0,0.1652
VAL_H1B_2022_0099,SPEAKER_01,33,881.851,882.821,0.97,1,8,0.97,0.0,0,0.0,8.247,1.0,
VAL_H1B_2022_0099,SPEAKER_00,34,883.231,895.924,12.693,5,33,7.372,5.321,4,1.3302,2.6,0.581,0.6907
VAL_H1B_2022_0099,SPEAKER_01,35,897.794,898.595,0.801,1,7,0.801,0.0,0,0.0,8.739,1.0,
VAL_H1B_2022_0099,SPEAKER_00,36,899.935,900.515,0.58,1,1,0.58,0.0,0,0.0,1.724,1.0,0.7940
VAL_H1B_2022_0099,SPEAKER_01,37,901.855,904.416,2.561,1,18,2.561,0.0,0,0.0,7.029,1.0,
VAL_H1B_2022_0099,SPEAKER_00,38,905.156,906.897,1.741,1,8,1.741,0.0,0,0.0,4.595,1.0,0.5902
VAL_H1B_2022_0099,SPEAKER_01,39,908.617,910.127,1.51,1,13,1.51,0.0,0,0.0,8.609,1.0,
VAL_H1B_2022_0099,SPEAKER_00,40,910.799,911.279,0.48,1,4,0.48,0.0,0,0.0,8.333,1.0,0.6540
VAL_H1B_2022_0099,SPEAKER_01,41,911.609,912.36,0.751,1,6,0.751,0.0,0,0.0,7.989,1.0,
VAL_H1B_2022_0099,SPEAKER_00,42,913.341,915.923,2.582,2,9,1.892,0.69,1,0.69,3.486,0.733,0.6402
VAL_H1B_2022_0099,SPEAKER_01,43,917.583,928.872,11.289,4,46,5.865,5.424,3,1.808,4.075,0.52,
VAL_H1B_2022_0099,SPEAKER_00,44,929.133,930.253,1.12,1,9,1.12,0.0,0,0.0,8.036,1.0,0.5125
VAL_H1B_2022_0099,SPEAKER_01,45,931.203,934.606,3.403,3,11,1.652,1.751,2,0.8755,3.232,0.485,
VAL_H1B_2022_0099,SPEAKER_00,46,935.197,950.506,15.309,7,49,9.766,5.543,6,0.9238,3.201,0.638,0.6469
VAL_H1B_2022_0099,SPEAKER_01,47,951.066,953.916,2.85,2,15,2.51,0.34,1,0.34,5.263,0.881,
VAL_H1B_2022_0099,SPEAKER_00,48,954.569,957.58,3.011,2,11,2.571,0.44,1,0.44,3.653,0.854,0.7129
VAL_H1B_2022_0099,SPEAKER_01,49,958.271,959.081,0.81,1,7,0.81,0.0,0,0.0,8.642,1.0,
VAL_H1B_2022_0099,SPEAKER_00,50,959.692,970.406,10.714,5,42,7.102,3.612,4,0.903,3.92,0.663,0.7887
VAL_H1B_2022_0099,SPEAKER_01,51,972.989,976.159,3.17,2,14,2.56,0.61,1,0.61,4.416,0.808,
VAL_H1B_2022_0099,SPEAKER_00,52,977.653,979.783,2.13,1,14,2.13,0.0,0,0.0,6.573,1.0,0.4873
VAL_H1B_2022_0099,SPEAKER_01,53,980.205,980.585,0.38,1,3,0.38,0.0,0,0.0,7.895,1.0,
VAL_H1B_2022_0099,SPEAKER_00,54,981.516,982.386,0.87,1,6,0.87,0.0,0,0.0,6.897,1.0,0.4447
VAL_H1B_2022_0099,SPEAKER_01,55,984.098,985.239,1.141,1,10,1.141,0.0,0,0.0,8.764,1.0,
VAL_H1B_2022_0099,SPEAKER_00,56,986.119,986.829,0.71,1,6,0.71,0.0,0,0.0,8.451,1.0,0.4270
VAL_H1B_2022_0099,SPEAKER_01,57,988.281,994.746,6.465,3,25,5.045,1.42,2,0.71,3.867,0.78,
VAL_H1B_2022_0099,SPEAKER_00,58,996.207,1015.218,19.011,8,90,13.614,5.397,7,0.771,4.734,0.716,0.6358
VAL_H1B_2022_0099,SPEAKER_01,59,1016.722,1017.252,0.53,1,5,0.53,0.0,0,0.0,9.434,1.0,
VAL_H1B_2022_0099,SPEAKER_00,60,1018.383,1027.227,8.844,4,35,5.334,3.51,3,1.17,3.957,0.603,0.6936
VAL_H1B_2022_0099,SPEAKER_01,61,1028.275,1029.175,0.9,1,11,0.9,0.0,0,0.0,12.222,1.0,
VAL_H1B_2022_0099,SPEAKER_00,62,1031.065,1054.025,22.96,8,54,13.54,9.42,7,1.3457,2.352,0.59,0.7542
VAL_H1B_2022_0099,SPEAKER_01,63,1055.324,1057.945,2.621,2,11,2.151,0.47,1,0.47,4.197,0.821,
VAL_H1B_2022_0099,SPEAKER_00,64,1060.083,1061.984,1.901,1,5,1.901,0.0,0,0.0,2.63,1.0,0.8555
VAL_H1B_2022_0099,SPEAKER_01,65,1062.564,1065.014,2.45,1,20,2.45,0.0,0,0.0,8.163,1.0,
VAL_H1B_2022_0099,SPEAKER_00,66,1065.966,1067.607,1.641,2,8,1.191,0.45,1,0.45,4.875,0.726,0.4545
VAL_H1B_2022_0099,SPEAKER_01,67,1068.127,1068.528,0.401,1,3,0.401,0.0,0,0.0,7.481,1.0,
VAL_H1B_2022_0099,SPEAKER_00,68,1072.59,1079.973,7.383,2,35,5.77,1.613,1,1.613,4.741,0.782,0.6902
VAL_H1B_2022_0099,SPEAKER_01,69,1082.845,1101.618,18.773,7,64,11.087,7.686,6,1.281,3.409,0.591,
VAL_H1B_2022_0099,SPEAKER_00,70,1102.238,1108.129,5.891,3,21,4.761,1.13,2,0.565,3.565,0.808,0.6559
VAL_H1B_2022_0099,SPEAKER_01,71,1110.183,1115.086,4.903,1,24,4.903,0.0,0,0.0,4.895,1.0,
VAL_H1B_2022_0099,SPEAKER_00,72,1116.267,1130.829,14.562,5,42,8.15,6.412,4,1.603,2.884,0.56,0.7313
VAL_H1B_2022_0099,SPEAKER_01,73,1131.209,1131.639,0.43,1,3,0.43,0.0,0,0.0,6.977,1.0,
VAL_H1B_2022_0099,SPEAKER_00,74,1132.81,1163.789,30.979,13,93,16.615,14.364,12,1.197,3.002,0.536,0.7874
VAL_H1B_2022_0099,SPEAKER_01,75,1164.329,1168.492,4.163,2,13,3.883,0.28,1,0.28,3.123,0.933,
VAL_H1B_2022_0099,SPEAKER_00,76,1169.192,1173.756,4.564,3,11,3.354,1.21,2,0.605,2.41,0.735,0.8835
VAL_H1B_2022_0099,SPEAKER_01,77,1175.316,1181.938,6.622,3,19,4.994,1.628,2,0.814,2.869,0.754,
VAL_H1B_2022_0099,SPEAKER_00,78,1184.98,1196.05,11.07,5,25,6.59,4.48,4,1.12,2.258,0.595,0.4859
VAL_H1B_2022_0099,SPEAKER_01,79,1197.918,1204.812,6.894,3,29,5.604,1.29,2,0.645,4.207,0.813,
VAL_H1B_2022_0099,SPEAKER_00,80,1205.438,1213.825,8.387,6,27,4.991,3.396,5,0.6792,3.219,0.595,0.7460
VAL_H1B_2022_0099,SPEAKER_01,81,1214.406,1224.715,10.309,5,42,7.596,2.713,4,0.6783,4.074,0.737,
VAL_H1B_2022_0099,SPEAKER_00,82,1226.086,1232.206,6.12,2,27,4.4,1.72,1,1.72,4.412,0.719,0.5992
VAL_H1B_2022_0099,SPEAKER_01,83,1233.8,1238.59,4.79,2,27,4.5,0.29,1,0.29,5.637,0.939,
VAL_H1B_2022_0099,SPEAKER_00,84,1239.302,1239.562,0.26,1,1,0.26,0.0,0,0.0,3.846,1.0,0.6090
VAL_H1B_2022_0099,SPEAKER_01,85,1240.103,1240.643,0.54,1,4,0.54,0.0,0,0.0,7.407,1.0,
VAL_H1B_2022_0099,SPEAKER_00,86,1242.584,1254.088,11.504,5,26,3.952,7.552,4,1.888,2.26,0.344,0.3526
VAL_H1B_2022_0099,SPEAKER_01,87,1256.289,1258.971,2.682,1,22,2.682,0.0,0,0.0,8.203,1.0,
VAL_H1B_2022_0099,SPEAKER_00,88,1259.471,1277.308,17.837,6,89,13.091,4.746,5,0.9492,4.99,0.734,0.6134
VAL_H1B_2022_0099,SPEAKER_01,89,1277.45,1278.31,0.86,1,7,0.86,0.0,0,0.0,8.14,1.0,
VAL_H1B_2022_0099,SPEAKER_00,90,1279.32,1281.36,2.04,2,13,1.57,0.47,1,0.47,6.373,0.77,0.6245
VAL_H1B_2022_0099,SPEAKER_01,91,1281.98,1283.11,1.13,1,11,1.13,0.0,0,0.0,9.735,1.0,
VAL_H1B_2022_0099,SPEAKER_00,92,1283.501,1285.001,1.5,1,11,1.5,0.0,0,0.0,7.333,1.0,0.4000
VAL_H1B_2022_0099,SPEAKER_01,93,1286.061,1294.062,8.001,4,33,4.63,3.371,3,1.1237,4.124,0.579,
VAL_H1B_2022_0099,SPEAKER_00,94,1295.025,1295.995,0.97,1,8,0.97,0.0,0,0.0,8.247,1.0,0.7712
VAL_H1B_2022_0099,SPEAKER_01,95,1297.566,1298.436,0.87,1,5,0.87,0.0,0,0.0,5.747,1.0,
VAL_H1B_2022_0099,SPEAKER_00,96,1300.028,1301.049,1.021,1,10,1.021,0.0,0,0.0,9.794,1.0,0.5602
VAL_H1B_2022_0099,SPEAKER_01,97,1301.95,1306.131,4.181,2,18,3.15,1.031,1,1.031,4.305,0.753,
VAL_H1B_2022_0099,SPEAKER_00,98,1308.654,1310.384,1.73,1,14,1.73,0.0,0,0.0,8.092,1.0,0.5923
VAL_H1B_2022_0099,SPEAKER_01,99,1312.256,1314.266,2.01,1,12,2.01,0.0,0,0.0,5.97,1.0,
VAL_H1B_2022_0099,SPEAKER_00,100,1314.518,1316.528,2.01,1,9,2.01,0.0,0,0.0,4.478,1.0,0.6850
VAL_H1B_2022_0099,SPEAKER_01,101,1317.109,1318.149,1.04,1,9,1.04,0.0,0,0.0,8.654,1.0,
VAL_H1B_2022_0099,SPEAKER_00,102,1319.97,1325.26,5.29,2,10,3.42,1.87,1,1.87,1.89,0.647,0.6745
VAL_H1B_2022_0099,SPEAKER_01,103,1326.692,1327.612,0.92,1,7,0.92,0.0,0,0.0,7.609,1.0,
VAL_H1B_2022_0099,SPEAKER_00,104,1327.792,1328.912,1.12,2,4,0.57,0.55,1,0.55,3.571,0.509,0.5985
VAL_H1B_2022_0099,SPEAKER_01,105,1329.753,1337.213,7.46,4,25,5.55,1.91,3,0.6367,3.351,0.744,
VAL_H1B_2022_0099,SPEAKER_00,106,1338.735,1345.205,6.47,2,29,5.5,0.97,1,0.97,4.482,0.85,0.6005
VAL_H1B_2022_0099,SPEAKER_01,107,1347.988,1352.028,4.04,2,12,3.73,0.31,1,0.31,2.97,0.923,
VAL_H1B_2022_0099,SPEAKER_00,108,1355.553,1368.38,12.827,5,41,8.297,4.53,4,1.1325,3.196,0.647,0.6920
VAL_H1B_2022_0099,SPEAKER_01,109,1368.782,1370.152,1.37,1,9,1.37,0.0,0,0.0,6.569,1.0,
VAL_H1B_2022_0099,SPEAKER_00,110,1371.004,1371.144,0.14,1,1,0.14,0.0,0,0.0,7.143,1.0,0.6410
VAL_H1B_2022_0099,SPEAKER_01,111,1372.114,1373.765,1.651,1,11,1.651,0.0,0,0.0,6.663,1.0,
VAL_H1B_2022_0099,SPEAKER_00,112,1374.186,1378.3,4.114,3,19,2.8,1.314,2,0.657,4.618,0.681,0.6580
VAL_H1B_2022_0099,SPEAKER_01,113,1379.061,1382.984,3.923,3,13,2.373,1.55,2,0.775,3.314,0.605,
VAL_H1B_2022_0099,SPEAKER_00,114,1383.624,1383.834,0.21,1,1,0.21,0.0,0,0.0,4.762,1.0,0.5820
VAL_H1B_2022_0099,SPEAKER_01,115,1384.915,1387.407,2.492,1,14,2.492,0.0,0,0.0,5.618,1.0,
VAL_H1B_2022_0099,SPEAKER_00,116,1387.467,1390.588,3.121,2,11,1.801,1.32,1,1.32,3.525,0.577,0.6422
VAL_H1B_2022_0099,SPEAKER_01,117,1390.749,1393.751,3.002,2,15,2.502,0.5,1,0.5,4.997,0.833,
VAL_H1B_2022_0099,SPEAKER_00,118,1393.991,1404.278,10.287,6,25,5.704,4.583,5,0.9166,2.43,0.554,0.8685
VAL_H1B_2022_0099,SPEAKER_01,119,1405.186,1407.494,2.308,1,10,2.308,0.0,0,0.0,4.333,1.0,
VAL_H1B_2026_00630,SPEAKER_01,1,549.827,574.947,25.12,8,142,20.577,4.543,7,0.649,5.653,0.819,0.6988
VAL_H1B_2026_00630,SPEAKER_00,2,575.317,576.828,1.511,1,8,1.511,0.0,0,0.0,5.295,1.0,
VAL_H1B_2026_00630,SPEAKER_01,3,576.848,582.47,5.622,3,21,4.292,1.33,2,0.665,3.735,0.763,0.7777
VAL_H1B_2026_00630,SPEAKER_00,4,584.07,590.013,5.943,2,21,4.531,1.412,1,1.412,3.534,0.762,
VAL_H1B_2026_00630,SPEAKER_01,5,590.733,592.743,2.01,1,11,2.01,0.0,0,0.0,5.473,1.0,0.8525
VAL_H1B_2026_00630,SPEAKER_00,6,592.894,599.025,6.131,2,38,5.17,0.961,1,0.961,6.198,0.843,
VAL_H1B_2026_00630,SPEAKER_01,7,600.977,651.61,50.633,18,252,39.424,11.209,17,0.6594,4.977,0.779,0.7461
VAL_H1B_2026_00630,SPEAKER_00,8,651.63,655.433,3.803,2,10,1.673,2.13,1,2.13,2.63,0.44,
VAL_H1B_2026_00630,SPEAKER_01,9,656.994,659.836,2.842,1,18,2.842,0.0,0,0.0,6.334,1.0,0.6452
VAL_H1B_2026_00630,SPEAKER_00,10,660.096,684.89,24.794,11,100,13.749,11.045,10,1.1045,4.033,0.555,
VAL_H1B_2026_00630,SPEAKER_01,11,685.44,742.121,56.681,23,298,40.404,16.277,22,0.7399,5.257,0.713,0.6562
VAL_H1B_2026_00630,SPEAKER_00,12,742.581,743.842,1.261,1,13,1.261,0.0,0,0.0,10.309,1.0,
VAL_H1B_2026_00630,SPEAKER_01,13,743.862,746.332,2.47,2,12,1.25,1.22,1,1.22,4.858,0.506,0.4934
VAL_H1B_2026_00630,UNKNOWN,14,747.423,747.863,0.44,1,1,0.44,0.0,0,0.0,2.273,1.0,
VAL_H1B_2026_00630,SPEAKER_00,15,749.624,753.523,3.899,2,22,3.311,0.588,1,0.588,5.642,0.849,
VAL_H1B_2026_00630,SPEAKER_01,16,753.894,814.808,60.914,27,275,42.813,18.101,26,0.6962,4.515,0.703,0.8202
VAL_H1B_2026_00630,SPEAKER_00,17,815.46,816.981,1.521,1,9,1.521,0.0,0,0.0,5.917,1.0,
VAL_H1B_2026_00630,SPEAKER_01,18,817.061,836.716,19.655,5,131,17.195,2.46,4,0.615,6.665,0.875,0.7003
VAL_H1B_2026_00630,SPEAKER_00,19,839.603,849.076,9.473,4,42,6.153,3.32,3,1.1067,4.434,0.65,
VAL_H1B_2026_00630,SPEAKER_01,20,849.489,870.29,20.801,7,101,16.727,4.074,6,0.679,4.856,0.804,0.7412
VAL_H1B_2026_00630,SPEAKER_00,21,871.024,881.092,10.068,3,45,9.588,0.48,2,0.24,4.47,0.952,
VAL_H1B_2026_00630,SPEAKER_01,22,881.552,921.355,39.803,15,195,28.696,11.107,14,0.7934,4.899,0.721,0.8241
VAL_H1B_2026_00630,SPEAKER_00,23,921.455,922.445,0.99,1,6,0.99,0.0,0,0.0,6.061,1.0,
VAL_H1B_2026_00630,SPEAKER_01,24,922.636,974.02,51.384,18,246,38.548,12.836,17,0.7551,4.787,0.75,0.7269
VAL_H1B_2026_00630,SPEAKER_00,25,974.04,977.481,3.441,2,19,3.091,0.35,1,0.35,5.522,0.898,
VAL_H1B_2026_00630,SPEAKER_01,26,978.321,988.716,10.395,3,54,8.793,1.602,2,0.801,5.195,0.846,0.6999
VAL_H1B_2026_00630,SPEAKER_00,27,988.796,989.867,1.071,1,8,1.071,0.0,0,0.0,7.47,1.0,
VAL_H1B_2026_00630,SPEAKER_01,28,990.487,990.847,0.36,1,2,0.36,0.0,0,0.0,5.556,1.0,0.6540
VAL_H1B_2026_00630,SPEAKER_00,29,991.247,992.928,1.681,2,9,1.151,0.53,1,0.53,5.354,0.685,
VAL_H1B_2026_00630,SPEAKER_01,30,993.148,994.248,1.1,1,10,1.1,0.0,0,0.0,9.091,1.0,0.8579
VAL_H1B_2026_00630,SPEAKER_00,31,994.729,994.929,0.2,1,1,0.2,0.0,0,0.0,5.0,1.0,
VAL_H1B_2026_00630,SPEAKER_01,32,995.149,996.979,1.83,1,11,1.83,0.0,0,0.0,6.011,1.0,0.6987
VAL_H1B_2026_00630,SPEAKER_00,33,997.53,1004.532,7.002,3,41,6.452,0.55,2,0.275,5.855,0.921,
VAL_H1B_2026_00630,SPEAKER_01,34,1005.012,1008.503,3.491,1,19,3.491,0.0,0,0.0,5.443,1.0,0.7347
VAL_H1B_2026_00630,SPEAKER_00,35,1009.014,1009.194,0.18,1,0,0.18,0.0,0,0.0,0.0,1.0,
VAL_H1B_2026_00630,SPEAKER_01,36,1009.73,1014.53,4.8,2,29,4.03,0.77,1,0.77,6.042,0.84,0.5601
VAL_H1B_2026_00630,SPEAKER_00,37,1014.751,1026.263,11.512,3,57,9.552,1.96,2,0.98,4.951,0.83,
VAL_H1B_2026_00630,SPEAKER_01,38,1027.574,1093.404,65.83,27,370,49.2079,16.6221,26,0.6393,5.621,0.747,0.7744
VAL_H1B_2026_00630,SPEAKER_00,39,1093.664,1094.014,0.35,1,4,0.35,0.0,0,0.0,11.429,1.0,
VAL_H1B_2026_00630,SPEAKER_01,40,1094.184,1095.585,1.401,1,15,1.401,0.0,0,0.0,10.707,1.0,0.4561
VAL_H1B_2026_00630,SPEAKER_00,41,1095.892,1099.152,3.26,2,21,2.565,0.695,1,0.695,6.442,0.787,
VAL_H1B_2026_00631,SPEAKER_01,1,463.6842,662.6392,198.955,57,982,155.967,42.988,56,0.7676,4.936,0.784,0.7630
VAL_H1B_2026_00631,SPEAKER_00,2,663.1992,671.1452,7.946,1,47,7.946,0.0,0,0.0,5.915,1.0,
VAL_H1B_2026_00631,SPEAKER_01,3,675.6082,745.3012,69.693,22,322,54.536,15.157,21,0.7218,4.62,0.783,0.6799
VAL_H1B_2026_00631,SPEAKER_00,4,747.2682,752.5782,5.31,1,33,5.31,0.0,0,0.0,6.215,1.0,
VAL_H1B_2026_00631,SPEAKER_01,5,753.7902,927.2252,173.435,48,878,134.237,39.198,47,0.834,5.062,0.774,0.7136
VAL_H1B_2026_00634,SPEAKER_01,1,542.5076,608.2886,65.781,29,269,44.287,21.494,28,0.7676,4.089,0.673,0.6772
VAL_H1B_2026_00634,SPEAKER_00,2,608.7886,636.9246,28.136,6,113,23.989,4.147,5,0.8294,4.016,0.853,
VAL_H1B_2026_00634,SPEAKER_01,3,638.0136,834.5876,196.574,72,803,127.684,68.89,71,0.9703,4.085,0.65,0.6353
VAL_H1B_2026_00634,SPEAKER_00,4,836.7696,875.4876,38.718,10,142,29.901,8.817,9,0.9797,3.668,0.772,
VAL_H1B_2026_00634,SPEAKER_01,5,877.7386,1067.5866,189.848,72,732,115.6149,74.2331,71,1.0455,3.856,0.609,0.6606
VAL_H1B_2026_00634,SPEAKER_00,6,1069.9726,1084.2926,14.32,3,63,13.16,1.16,2,0.58,4.399,0.919,
VAL_H1M_2019_00181,SPEAKER_01,1,499.2027,510.6827,11.48,6,45,9.18,2.3,5,0.46,3.92,0.8,0.7858
VAL_H1M_2019_00181,SPEAKER_00,2,511.2517,516.2627,5.011,2,17,4.0,1.011,1,1.011,3.393,0.798,
VAL_H1M_2019_00181,SPEAKER_01,3,517.7157,610.9637,93.248,32,377,71.009,22.239,31,0.7174,4.043,0.762,0.6842
VAL_H1M_2019_00181,SPEAKER_00,4,613.6147,617.0047,3.39,1,22,3.39,0.0,0,0.0,6.49,1.0,
VAL_H1M_2019_00181,SPEAKER_01,5,618.7767,680.7907,62.014,17,237,51.7579,10.2561,16,0.641,3.822,0.835,0.6722
VAL_H1M_2019_00181,SPEAKER_00,6,681.6687,683.9087,2.24,1,13,2.24,0.0,0,0.0,5.804,1.0,
VAL_H1M_2019_00181,SPEAKER_01,7,685.5417,741.2457,55.704,18,228,45.441,10.263,17,0.6037,4.093,0.816,0.7436
VAL_H1M_2019_00181,SPEAKER_00,8,742.5207,748.1717,5.651,2,28,5.081,0.57,1,0.57,4.955,0.899,
VAL_H1M_2019_00181,SPEAKER_01,9,749.7877,773.0817,23.294,9,95,17.293,6.001,8,0.7501,4.078,0.742,0.5929
VAL_H1M_2019_00181,UNKNOWN,10,773.3717,774.1717,0.8,1,6,0.8,0.0,0,0.0,7.5,1.0,
VAL_H1M_2019_00181,SPEAKER_00,11,775.5217,777.9927,2.471,1,3,2.471,0.0,0,0.0,1.214,1.0,
VAL_H1M_2019_00181,SPEAKER_01,12,779.1277,862.6117,83.484,29,339,64.885,18.599,28,0.6643,4.061,0.777,0.7037
VAL_H1M_2019_00181,SPEAKER_00,13,863.6727,884.7477,21.075,5,101,18.802,2.273,4,0.5682,4.792,0.892,
VAL_H1M_2019_00181,SPEAKER_01,14,885.4277,998.2447,112.817,38,410,79.218,33.599,37,0.9081,3.634,0.702,0.6689
VAL_H1M_2020_00155,SPEAKER_01,1,453.8707,465.3437,11.473,3,74,10.053,1.42,2,0.71,6.45,0.876,0.7200
VAL_H1M_2020_00155,SPEAKER_00,2,466.6277,468.6977,2.07,1,17,2.07,0.0,0,0.0,8.213,1.0,
VAL_H1M_2020_00155,SPEAKER_01,3,470.1007,477.4337,7.333,3,41,5.401,1.932,2,0.966,5.591,0.737,0.8611
VAL_H1M_2020_00155,SPEAKER_00,4,479.6457,488.6727,9.027,4,28,5.032,3.995,3,1.3317,3.102,0.557,
VAL_H1M_2020_00155,SPEAKER_01,5,489.4927,490.7337,1.241,1,10,1.241,0.0,0,0.0,8.058,1.0,0.8422
VAL_H1M_2020_00155,SPEAKER_00,6,491.1337,491.3037,0.17,1,1,0.17,0.0,0,0.0,5.882,1.0,
VAL_H1M_2020_00155,SPEAKER_01,7,492.5537,493.5037,0.95,1,9,0.95,0.0,0,0.0,9.474,1.0,0.8458
VAL_H1M_2020_00155,SPEAKER_00,8,493.9347,500.3367,6.402,2,45,6.092,0.31,1,0.31,7.029,0.952,
VAL_H1M_2020_00155,SPEAKER_01,9,500.8767,512.5297,11.653,8,54,8.212,3.441,7,0.4916,4.634,0.705,0.8047
VAL_H1M_2020_00155,SPEAKER_00,10,513.9437,515.1647,1.221,1,7,1.221,0.0,0,0.0,5.733,1.0,
VAL_H1M_2020_00155,SPEAKER_01,11,515.2447,522.8857,7.641,5,35,5.391,2.25,4,0.5625,4.581,0.706,0.8415
VAL_H1M_2020_00155,SPEAKER_00,12,523.8897,533.3007,9.411,4,40,6.82,2.591,3,0.8637,4.25,0.725,
VAL_H1M_2020_00155,SPEAKER_01,13,533.7957,551.3997,17.604,8,88,13.936,3.668,7,0.524,4.999,0.792,0.8351
VAL_H1M_2020_00155,SPEAKER_00,14,552.1367,554.2087,2.072,1,15,2.072,0.0,0,0.0,7.239,1.0,
VAL_H1M_2020_00155,SPEAKER_01,15,555.2097,556.1707,0.961,1,8,0.961,0.0,0,0.0,8.325,1.0,0.7330
VAL_H1M_2020_00155,SPEAKER_00,16,557.6207,558.5727,0.952,1,7,0.952,0.0,0,0.0,7.353,1.0,
VAL_H1M_2020_00155,SPEAKER_01,17,559.4427,562.4157,2.973,2,13,1.51,1.463,1,1.463,4.373,0.508,0.4910
VAL_H1M_2020_00155,SPEAKER_00,18,563.4177,568.9377,5.52,3,25,3.92,1.6,2,0.8,4.529,0.71,
VAL_H1M_2020_00155,SPEAKER_01,19,569.2627,598.9337,29.671,10,142,24.0,5.671,9,0.6301,4.786,0.809,0.8105
VAL_H1M_2020_00155,SPEAKER_00,20,599.9727,605.3357,5.363,2,28,4.903,0.46,1,0.46,5.221,0.914,
VAL_H1M_2020_00155,SPEAKER_01,21,608.6567,637.2077,28.551,13,132,20.605,7.946,12,0.6622,4.623,0.722,0.7658
VAL_H1M_2020_00155,SPEAKER_00,22,638.1877,642.7677,4.58,2,19,4.24,0.34,1,0.34,4.148,0.926,
VAL_H1M_2020_00155,SPEAKER_01,23,643.5097,660.9077,17.398,6,88,11.244,6.154,5,1.2308,5.058,0.646,0.7073
VAL_H1M_2020_00155,SPEAKER_00,24,661.7477,664.2677,2.52,1,16,2.52,0.0,0,0.0,6.349,1.0,
VAL_H1M_2020_00155,SPEAKER_01,25,665.4697,686.7987,21.329,9,108,16.449,4.88,8,0.61,5.064,0.771,0.7380
VAL_H1M_2020_00155,SPEAKER_00,26,687.6387,690.2127,2.574,2,19,2.21,0.364,1,0.364,7.382,0.859,
VAL_H1M_2020_00155,SPEAKER_01,27,690.9637,691.7647,0.801,1,6,0.801,0.0,0,0.0,7.491,1.0,0.8363
VAL_H1M_2020_00155,SPEAKER_00,28,692.0847,692.1947,0.11,1,1,0.11,0.0,0,0.0,9.091,1.0,
VAL_H1M_2020_00155,SPEAKER_01,29,692.2447,692.7047,0.46,1,4,0.46,0.0,0,0.0,8.696,1.0,0.7570
VAL_H1M_2020_00155,SPEAKER_00,30,693.1047,693.5447,0.44,1,4,0.44,0.0,0,0.0,9.091,1.0,
VAL_H1M_2020_00155,SPEAKER_01,31,695.0057,717.2957,22.29,7,115,17.52,4.77,6,0.795,5.159,0.786,0.8143
VAL_H1M_2020_00155,SPEAKER_00,32,718.1487,723.4587,5.31,3,11,2.01,3.3,2,1.65,2.072,0.379,
VAL_H1M_2020_00155,SPEAKER_01,33,724.5117,725.8317,1.32,1,9,1.32,0.0,0,0.0,6.818,1.0,0.7710
VAL_H1M_2020_00155,SPEAKER_00,34,727.1327,733.0027,5.87,2,32,4.1,1.77,1,1.77,5.451,0.698,
VAL_H1M_2020_00155,SPEAKER_01,35,735.2567,767.9017,32.645,12,158,22.675,9.97,11,0.9064,4.84,0.695,0.7915
VAL_H1M_2020_00155,SPEAKER_00,36,768.8837,770.2637,1.38,1,13,1.38,0.0,0,0.0,9.42,1.0,
VAL_H1M_2020_00155,SPEAKER_01,37,771.8567,783.4037,11.547,5,54,8.753,2.794,4,0.6985,4.677,0.758,0.7253
VAL_H1M_2020_00155,SPEAKER_00,38,784.2247,787.6557,3.431,2,10,0.88,2.551,1,2.551,2.915,0.256,
VAL_H1M_2020_00155,SPEAKER_01,39,788.8267,789.1867,0.36,1,3,0.36,0.0,0,0.0,8.333,1.0,0.6620
VAL_H1M_2020_00155,SPEAKER_00,40,789.9677,790.1277,0.16,1,1,0.16,0.0,0,0.0,6.25,1.0,
VAL_H1M_2020_00155,SPEAKER_01,41,790.3877,810.7827,20.395,12,64,10.308,10.087,11,0.917,3.138,0.505,0.8627
VAL_H1M_2020_00155,SPEAKER_00,42,811.6627,812.2227,0.56,1,6,0.56,0.0,0,0.0,10.714,1.0,
VAL_H1M_2020_00155,SPEAKER_01,43,812.7327,822.6367,9.904,6,41,5.151,4.753,5,0.9506,4.14,0.52,0.8703
VAL_H1M_2020_00155,SPEAKER_00,44,824.1777,824.4177,0.24,1,2,0.24,0.0,0,0.0,8.333,1.0,
VAL_H1M_2020_00155,SPEAKER_01,45,824.7377,830.0597,5.322,3,37,3.881,1.441,2,0.7205,6.952,0.729,0.7119
VAL_H1M_2020_00155,SPEAKER_00,46,831.0497,833.9007,2.851,2,16,2.201,0.65,1,0.65,5.612,0.772,
VAL_H1M_2020_00155,SPEAKER_01,47,835.4817,836.0417,0.56,1,6,0.56,0.0,0,0.0,10.714,1.0,0.9275
VAL_H1M_2020_00155,SPEAKER_00,48,836.5267,836.6467,0.12,1,1,0.12,0.0,0,0.0,8.333,1.0,
VAL_H1M_2020_00155,SPEAKER_01,49,837.9267,851.2257,13.299,7,48,8.408,4.891,6,0.8152,3.609,0.632,0.8485
VAL_H1M_2020_00155,SPEAKER_00,50,853.3257,854.3357,1.01,1,9,1.01,0.0,0,0.0,8.911,1.0,
VAL_H1M_2020_00155,SPEAKER_01,51,856.6197,881.3837,24.764,11,105,17.776,6.988,10,0.6988,4.24,0.718,0.8136
VAL_H1M_2020_00155,SPEAKER_00,52,882.9237,887.4437,4.52,2,25,4.19,0.33,1,0.33,5.531,0.927,
VAL_H1M_2020_00155,SPEAKER_01,53,887.8847,904.9907,17.106,8,56,10.221,6.885,7,0.9836,3.274,0.598,0.7733
VAL_H1M_2020_00165,SPEAKER_00,1,645.9598,691.8988,45.939,20,172,29.902,16.037,19,0.8441,3.744,0.651,0.7158
VAL_H1M_2020_00165,SPEAKER_01,2,692.4988,693.1788,0.68,1,6,0.68,0.0,0,0.0,8.824,1.0,
VAL_H1M_2020_00165,SPEAKER_00,3,693.7448,707.5748,13.83,5,67,12.274,1.556,4,0.389,4.845,0.887,0.6810
VAL_H1M_2020_00165,SPEAKER_01,4,708.1558,717.4508,9.295,7,43,6.363,2.932,6,0.4887,4.626,0.685,
VAL_H1M_2020_00165,SPEAKER_00,5,717.5828,722.1628,4.58,3,25,3.92,0.66,2,0.33,5.459,0.856,0.7730
VAL_H1M_2020_00165,SPEAKER_01,6,722.5468,722.7368,0.19,1,1,0.19,0.0,0,0.0,5.263,1.0,
VAL_H1M_2020_00165,SPEAKER_00,7,723.4288,747.8278,24.399,9,114,16.427,7.972,8,0.9965,4.672,0.673,0.7000
VAL_H1M_2020_00165,SPEAKER_01,8,748.6088,754.4438,5.835,5,28,3.112,2.723,4,0.6807,4.799,0.533,
VAL_H1M_2020_00165,SPEAKER_00,9,755.4258,761.9578,6.532,2,36,5.46,1.072,1,1.072,5.511,0.836,0.6660
VAL_H1M_2020_00165,SPEAKER_01,10,762.7718,764.9638,2.192,2,16,1.72,0.472,1,0.472,7.299,0.785,
VAL_H1M_2020_00165,SPEAKER_00,11,765.3948,770.7448,5.35,1,36,5.35,0.0,0,0.0,6.729,1.0,0.7916
VAL_H1M_2020_00165,SPEAKER_01,12,771.4788,772.7298,1.251,1,11,1.251,0.0,0,0.0,8.793,1.0,
VAL_H1M_2020_00165,SPEAKER_00,13,773.5618,784.7908,11.229,4,36,9.566,1.663,3,0.5543,3.206,0.852,0.7071
VAL_H1M_2020_00165,SPEAKER_01,14,785.3208,785.7018,0.381,1,2,0.381,0.0,0,0.0,5.249,1.0,
VAL_H1M_2020_00165,SPEAKER_00,15,786.5018,792.6648,6.163,2,38,5.593,0.57,1,0.57,6.166,0.908,0.7051
VAL_H1M_2020_00165,SPEAKER_01,16,793.0248,794.9948,1.97,2,13,1.59,0.38,1,0.38,6.599,0.807,
VAL_H1M_2020_00165,SPEAKER_00,17,795.8258,825.2408,29.415,12,114,17.31,12.105,11,1.1005,3.876,0.588,0.6979
VAL_H1M_2020_00165,SPEAKER_01,18,825.7338,827.1438,1.41,1,8,1.41,0.0,0,0.0,5.674,1.0,
VAL_H1M_2020_00165,SPEAKER_00,19,828.2558,831.3988,3.143,1,24,3.143,0.0,0,0.0,7.636,1.0,0.5639
VAL_H1M_2020_00165,SPEAKER_01,20,831.4188,832.9488,1.53,1,9,1.53,0.0,0,0.0,5.882,1.0,
VAL_H1M_2020_00165,SPEAKER_00,21,834.6768,861.0088,26.332,11,122,18.706,7.626,10,0.7626,4.633,0.71,0.7886
VAL_H1M_2020_00165,SPEAKER_01,22,861.8118,867.4558,5.644,3,14,1.851,3.793,2,1.8965,2.481,0.328,
VAL_H1M_2020_00165,SPEAKER_00,23,869.5968,878.1018,8.505,4,46,6.374,2.131,3,0.7103,5.409,0.749,0.6663
VAL_H1M_2020_00165,SPEAKER_01,24,878.5018,878.6118,0.11,1,1,0.11,0.0,0,0.0,9.091,1.0,
VAL_H1M_2020_00165,SPEAKER_00,25,879.4628,890.8638,11.401,4,68,8.83,2.571,3,0.857,5.964,0.774,0.6951
VAL_H1M_2020_00165,SPEAKER_01,26,891.5058,892.3958,0.89,1,8,0.89,0.0,0,0.0,8.989,1.0,
VAL_H1M_2020_00165,SPEAKER_00,27,893.5068,894.9088,1.402,1,19,1.402,0.0,0,0.0,13.552,1.0,0.3968
VAL_H1M_2020_00165,SPEAKER_01,28,894.9288,895.8088,0.88,1,9,0.88,0.0,0,0.0,10.227,1.0,
VAL_H1M_2020_00165,SPEAKER_00,29,896.1898,909.5598,13.37,5,51,9.885,3.485,4,0.8712,3.815,0.739,0.7621
VAL_H1M_2020_00165,SPEAKER_01,30,909.9208,918.6268,8.706,4,31,3.721,4.985,3,1.6617,3.561,0.427,
VAL_H1M_2020_00165,SPEAKER_00,31,918.7678,946.9218,28.154,8,141,22.114,6.04,7,0.8629,5.008,0.785,0.6859
VAL_H1M_2020_00165,SPEAKER_01,32,947.5818,948.9418,1.36,2,5,0.73,0.63,1,0.63,3.676,0.537,
VAL_H1M_2020_00165,SPEAKER_00,33,949.0818,949.5428,0.461,1,0,0.461,0.0,0,0.0,0.0,1.0,0.7380
VAL_H1M_2020_00165,SPEAKER_01,34,950.9038,953.3238,2.42,1,18,2.42,0.0,0,0.0,7.438,1.0,
VAL_H1M_2020_00165,SPEAKER_00,35,954.3348,967.8988,13.564,5,55,9.264,4.3,4,1.075,4.055,0.683,0.8526
VAL_H1M_2020_00165,SPEAKER_01,36,968.1788,968.5088,0.33,1,1,0.33,0.0,0,0.0,3.03,1.0,
VAL_H1M_2020_00165,SPEAKER_00,37,968.9188,976.2898,7.371,6,33,5.61,1.761,5,0.3522,4.477,0.761,0.9214
VAL_H1M_2020_00165,SPEAKER_01,38,977.2008,977.3908,0.19,1,1,0.19,0.0,0,0.0,5.263,1.0,
VAL_H1M_2020_00165,SPEAKER_00,39,977.5408,986.9068,9.366,3,40,7.076,2.29,2,1.145,4.271,0.755,0.7090
VAL_H1M_2020_00165,SPEAKER_01,40,987.5068,988.4278,0.921,1,7,0.921,0.0,0,0.0,7.6,1.0,
VAL_H1M_2020_00165,SPEAKER_00,41,989.7878,1009.9298,20.142,5,90,16.495,3.647,4,0.9117,4.468,0.819,0.6805
VAL_H1M_2020_00165,SPEAKER_01,42,1010.3448,1015.0768,4.732,2,12,1.62,3.112,1,3.112,2.536,0.342,
VAL_H1M_2020_00165,SPEAKER_00,43,1015.1278,1035.2138,20.086,7,105,14.476,5.61,6,0.935,5.228,0.721,0.8332
VAL_H1M_2020_00165,SPEAKER_01,44,1035.6538,1035.8238,0.17,1,1,0.17,0.0,0,0.0,5.882,1.0,
VAL_H1M_2020_00165,SPEAKER_00,45,1036.4348,1048.5828,12.148,4,84,10.465,1.683,3,0.561,6.915,0.861,0.6200
VAL_H1M_2020_00165,SPEAKER_01,46,1049.2428,1049.5238,0.281,1,2,0.281,0.0,0,0.0,7.117,1.0,
VAL_H1M_2020_00165,SPEAKER_00,47,1049.9238,1050.6838,0.76,1,6,0.76,0.0,0,0.0,7.895,1.0,0.7360
VAL_H1M_2020_00165,SPEAKER_01,48,1050.8038,1051.5338,0.73,1,8,0.73,0.0,0,0.0,10.959,1.0,
VAL_H1M_2020_00165,SPEAKER_00,49,1052.0248,1052.2348,0.21,1,2,0.21,0.0,0,0.0,9.524,1.0,0.4160
VAL_H1M_2020_00165,SPEAKER_01,50,1053.4598,1059.8298,6.37,2,44,5.77,0.6,1,0.6,6.907,0.906,
VAL_H1M_2020_00165,SPEAKER_00,51,1061.1828,1080.5178,19.335,9,88,14.04,5.295,8,0.6619,4.551,0.726,0.7619
VAL_H1M_2020_00165,SPEAKER_01,52,1080.5908,1082.6318,2.041,2,12,1.461,0.58,1,0.58,5.879,0.716,
VAL_H1M_2020_00165,SPEAKER_00,53,1083.0908,1083.9318,0.841,1,8,0.841,0.0,0,0.0,9.512,1.0,0.5820
VAL_H1M_2020_00165,SPEAKER_01,54,1083.9718,1084.2318,0.26,1,3,0.26,0.0,0,0.0,11.538,1.0,
VAL_H1M_2020_00165,SPEAKER_00,55,1084.7318,1087.7138,2.982,3,16,2.392,0.59,2,0.295,5.366,0.802,0.7375
VAL_H1M_2020_00165,SPEAKER_01,56,1088.0138,1089.6648,1.651,2,4,0.63,1.021,1,1.021,2.423,0.382,
VAL_H1M_2020_00165,SPEAKER_00,57,1090.5758,1102.2628,11.687,4,47,6.134,5.553,3,1.851,4.022,0.525,0.7780
VAL_H1M_2020_00165,SPEAKER_01,58,1103.2438,1107.1438,3.9,2,8,0.76,3.14,1,3.14,2.051,0.195,
VAL_H1M_2020_00165,SPEAKER_00,59,1107.9068,1109.5078,1.601,2,11,1.341,0.26,1,0.26,6.871,0.838,0.4326
VAL_H1M_2020_00165,SPEAKER_01,60,1110.2988,1110.7088,0.41,1,3,0.41,0.0,0,0.0,7.317,1.0,
VAL_H1M_2020_00165,SPEAKER_00,61,1111.8388,1115.2688,3.43,2,18,2.57,0.86,1,0.86,5.248,0.749,0.7202
VAL_H1M_2020_00165,SPEAKER_01,62,1116.4208,1128.8448,12.424,6,48,5.851,6.573,5,1.3146,3.863,0.471,
VAL_H1M_2020_00165,SPEAKER_00,63,1129.5858,1140.2098,10.624,4,54,7.364,3.26,3,1.0867,5.083,0.693,0.7077
VAL_H1M_2020_00165,SPEAKER_01,64,1141.6658,1149.3958,7.73,4,28,4.45,3.28,3,1.0933,3.622,0.576,
VAL_H1M_2020_00165,SPEAKER_00,65,1151.0078,1169.6118,18.604,8,61,10.294,8.31,7,1.1871,3.279,0.553,0.7285
VAL_H1M_2020_00165,SPEAKER_01,66,1169.6318,1170.4518,0.82,1,6,0.82,0.0,0,0.0,7.317,1.0,
VAL_H1M_2020_00165,SPEAKER_00,67,1171.5688,1177.5738,6.005,3,28,3.575,2.43,2,1.215,4.663,0.595,0.6196
VAL_H1M_2020_00165,SPEAKER_01,68,1177.7338,1178.2738,0.54,1,1,0.54,0.0,0,0.0,1.852,1.0,
VAL_H1M_2020_00165,SPEAKER_00,69,1178.4748,1188.2408,9.766,5,49,6.783,2.983,4,0.7458,5.017,0.695,0.5941
VAL_H1M_2020_00165,SPEAKER_01,70,1190.8838,1195.3878,4.504,3,7,1.05,3.454,2,1.727,1.554,0.233,
VAL_H1M_2020_00165,SPEAKER_00,71,1195.4678,1199.2308,3.763,3,26,2.793,0.97,2,0.485,6.909,0.742,0.4119
VAL_H1M_2020_00165,SPEAKER_01,72,1199.8668,1200.7968,0.93,1,9,0.93,0.0,0,0.0,9.677,1.0,
VAL_H1M_2020_00165,SPEAKER_00,73,1202.2678,1212.3938,10.126,5,32,7.546,2.58,4,0.645,3.16,0.745,0.7336
VAL_H1M_2020_00165,SPEAKER_01,74,1213.4938,1214.0638,0.57,1,4,0.57,0.0,0,0.0,7.018,1.0,
VAL_H1M_2020_00165,SPEAKER_00,75,1214.7948,1217.8648,3.07,2,24,2.51,0.56,1,0.56,7.818,0.818,0.6986
VAL_H1M_2020_00165,SPEAKER_01,76,1218.1368,1218.7668,0.63,1,6,0.63,0.0,0,0.0,9.524,1.0,
VAL_H1M_2020_00165,SPEAKER_00,77,1219.4968,1219.8868,0.39,1,4,0.39,0.0,0,0.0,10.256,1.0,0.6955
VAL_H1M_2020_00165,SPEAKER_01,78,1220.6178,1221.1378,0.52,1,4,0.52,0.0,0,0.0,7.692,1.0,
VAL_H1M_2020_00165,SPEAKER_00,79,1221.3378,1268.8028,47.465,17,235,31.771,15.694,16,0.9809,4.951,0.669,0.7062
VAL_H1M_2020_00165,SPEAKER_01,80,1270.3528,1272.0128,1.66,1,9,1.66,0.0,0,0.0,5.422,1.0,
VAL_H1M_2020_00165,SPEAKER_00,81,1273.1438,1291.4176,18.2738,7,86,12.1378,6.136,6,1.0227,4.706,0.664,0.6861
VAL_H1M_2021_0027,SPEAKER_01,1,637.1561,668.0231,30.867,12,149,24.008,6.859,11,0.6235,4.827,0.778,0.7410
VAL_H1M_2021_0027,SPEAKER_00,2,668.2231,668.9331,0.71,1,3,0.71,0.0,0,0.0,4.225,1.0,
VAL_H1M_2021_0027,SPEAKER_01,3,669.1031,703.5271,34.424,12,142,22.716,11.708,11,1.0644,4.125,0.66,0.7238
VAL_H1M_2021_0027,SPEAKER_00,4,704.3291,709.8021,5.473,2,26,3.831,1.642,1,1.642,4.751,0.7,
VAL_H1M_2021_0027,SPEAKER_01,5,710.4141,712.4551,2.041,3,13,1.41,0.631,2,0.3155,6.369,0.691,0.7297
VAL_H1M_2021_0027,SPEAKER_00,6,712.7151,713.3051,0.59,1,5,0.59,0.0,0,0.0,8.475,1.0,
VAL_H1M_2021_0027,SPEAKER_01,7,714.2371,722.2831,8.046,3,52,5.484,2.562,2,1.281,6.463,0.682,0.7557
VAL_H1M_2021_0027,SPEAKER_00,8,723.2671,743.1341,19.867,7,112,16.745,3.122,6,0.5203,5.637,0.843,
VAL_H1M_2021_0027,SPEAKER_01,9,744.2841,856.6911,112.407,35,549,88.909,23.498,34,0.6911,4.884,0.791,0.7386
VAL_H1M_2021_0027,SPEAKER_00,10,858.4021,863.1641,4.762,2,23,4.062,0.7,1,0.7,4.83,0.853,
VAL_H1M_2021_0027,SPEAKER_01,11,863.9141,864.9251,1.011,1,6,1.011,0.0,0,0.0,5.935,1.0,0.7026
VAL_H1M_2021_0027,SPEAKER_00,12,866.7161,875.8881,9.172,3,51,8.144,1.028,2,0.514,5.56,0.888,
VAL_H1M_2021_0027,SPEAKER_01,13,876.0481,955.7711,79.723,32,396,59.713,20.01,31,0.6455,4.967,0.749,0.7658
VAL_H1M_2021_0027,SPEAKER_00,14,956.7321,970.8201,14.088,4,73,11.645,2.443,3,0.8143,5.182,0.827,
VAL_H1M_2021_0027,SPEAKER_01,15,971.6801,1020.8001,49.12,18,216,31.095,18.025,17,1.0603,4.397,0.633,0.7888
VAL_H1M_2021_0027,SPEAKER_00,16,1021.7811,1035.3561,13.575,6,79,11.005,2.57,5,0.514,5.82,0.811,
VAL_H1M_2021_0027,SPEAKER_01,17,1035.8161,1053.5851,17.769,5,107,14.7,3.069,4,0.7672,6.022,0.827,0.6855
VAL_H1M_2021_0027,SPEAKER_00,18,1053.9281,1055.1181,1.19,1,11,1.19,0.0,0,0.0,9.244,1.0,
VAL_H1M_2021_0027,SPEAKER_01,19,1055.8691,1070.2261,14.357,6,88,11.155,3.202,5,0.6404,6.129,0.777,0.6190
VAL_H1M_2021_0027,SPEAKER_00,20,1070.7661,1075.5901,4.824,3,21,3.163,1.661,2,0.8305,4.353,0.656,
VAL_H1M_2021_0027,SPEAKER_01,21,1076.0101,1080.0931,4.083,3,17,1.86,2.223,2,1.1115,4.164,0.456,0.5124
VAL_H1M_2021_0027,SPEAKER_00,22,1081.2341,1101.4171,20.183,9,95,15.219,4.964,8,0.6205,4.707,0.754,
VAL_H1M_2021_0027,SPEAKER_01,23,1102.8171,1112.3621,9.545,5,36,5.592,3.953,4,0.9882,3.772,0.586,0.5303
VAL_H1M_2021_0027,SPEAKER_00,24,1113.2181,1119.8831,6.665,2,36,5.815,0.85,1,0.85,5.401,0.872,
VAL_H1M_2021_0027,SPEAKER_01,25,1120.0131,1123.8451,3.832,2,29,3.18,0.652,1,0.652,7.568,0.83,0.3903
VAL_H1M_2021_0027,SPEAKER_00,26,1126.6881,1133.9131,7.225,2,46,5.884,1.341,1,1.341,6.367,0.814,
VAL_H1M_2021_0027,SPEAKER_01,27,1133.9531,1273.4102,139.4571,58,628,100.4843,38.9728,57,0.6837,4.503,0.721,0.7292
VAL_H1M_2021_0036,SPEAKER_01,1,567.3037,978.0757,410.772,151,1822,288.835,121.937,150,0.8129,4.436,0.703,0.7113
VAL_H1M_2021_0036,SPEAKER_00,2,978.0957,990.1987,12.103,6,56,9.921,2.182,5,0.4364,4.627,0.82,
VAL_H1M_2021_0036,SPEAKER_01,3,990.6597,994.8707,4.211,2,22,3.431,0.78,1,0.78,5.224,0.815,0.6620
VAL_H1M_2021_0036,SPEAKER_00,4,995.3417,996.3227,0.981,1,8,0.981,0.0,0,0.0,8.155,1.0,
VAL_H1M_2021_0036,SPEAKER_01,5,996.8027,1131.0987,134.296,47,658,99.916,34.38,46,0.7474,4.9,0.744,0.6827
VAL_H1M_2021_0042,SPEAKER_01,1,497.9101,511.3901,13.48,4,61,10.44,3.04,3,1.0133,4.525,0.774,0.7331
VAL_H1M_2021_0042,SPEAKER_00,2,511.6641,512.5941,0.93,1,8,0.93,0.0,0,0.0,8.602,1.0,
VAL_H1M_2021_0042,SPEAKER_01,3,513.0451,513.2051,0.16,1,1,0.16,0.0,0,0.0,6.25,1.0,0.2900
VAL_H1M_2021_0042,SPEAKER_00,4,515.5751,517.7561,2.181,1,14,2.181,0.0,0,0.0,6.419,1.0,
VAL_H1M_2021_0042,SPEAKER_01,5,517.9261,525.7061,7.78,4,45,5.72,2.06,3,0.6867,5.784,0.735,0.6248
VAL_H1M_2021_0042,SPEAKER_00,6,526.1491,526.2591,0.11,1,1,0.11,0.0,0,0.0,9.091,1.0,
VAL_H1M_2021_0042,SPEAKER_01,7,526.6151,561.9161,35.301,10,171,24.314,10.987,9,1.2208,4.844,0.689,0.5446
VAL_H1M_2021_0042,SPEAKER_00,8,562.7561,567.4061,4.65,1,36,4.65,0.0,0,0.0,7.742,1.0,
VAL_H1M_2021_0042,SPEAKER_01,9,568.1281,569.0381,0.91,2,7,0.64,0.27,1,0.27,7.692,0.703,0.4410
VAL_H1M_2021_0042,SPEAKER_00,10,569.7791,574.3411,4.562,2,37,4.212,0.35,1,0.35,8.11,0.923,
VAL_H1M_2021_0042,SPEAKER_01,11,575.3411,609.5141,34.173,14,162,24.287,9.886,13,0.7605,4.741,0.711,0.7011
VAL_H1M_2021_0042,SPEAKER_00,12,610.2941,614.7491,4.455,3,21,2.89,1.565,2,0.7825,4.714,0.649,
VAL_H1M_2021_0042,SPEAKER_01,13,616.0601,622.2501,6.19,2,34,5.59,0.6,1,0.6,5.493,0.903,0.6847
VAL_H1M_2021_0042,SPEAKER_00,14,623.0041,626.1851,3.181,4,15,1.641,1.54,3,0.5133,4.715,0.516,
VAL_H1M_2021_0042,SPEAKER_01,15,627.1651,634.8291,7.664,2,41,7.244,0.42,1,0.42,5.35,0.945,0.5423
VAL_H1M_2021_0042,SPEAKER_00,16,635.7291,637.9701,2.241,2,13,1.67,0.571,1,0.571,5.801,0.745,
VAL_H1M_2021_0042,SPEAKER_01,17,638.3501,655.3521,17.002,8,75,10.363,6.639,7,0.9484,4.411,0.61,0.4278
VAL_H1M_2021_0042,SPEAKER_00,18,659.4821,661.5821,2.1,2,2,1.67,0.43,1,0.43,0.952,0.795,
VAL_H1M_2021_0042,SPEAKER_01,19,665.6381,696.8681,31.23,12,142,21.392,9.838,11,0.8944,4.547,0.685,0.6559
VAL_H1M_2021_0042,SPEAKER_00,20,698.5381,699.6381,1.1,1,4,1.1,0.0,0,0.0,3.636,1.0,
VAL_H1M_2021_0042,SPEAKER_01,21,699.7991,702.5191,2.72,1,25,2.72,0.0,0,0.0,9.191,1.0,0.5927
VAL_H1M_2021_0042,UNKNOWN,22,702.6801,702.8401,0.16,1,2,0.16,0.0,0,0.0,12.5,1.0,
VAL_H1M_2021_0042,SPEAKER_00,23,705.6201,708.9241,3.304,2,14,2.864,0.44,1,0.44,4.237,0.867,
VAL_H1M_2021_0042,SPEAKER_01,24,709.2641,735.6991,26.435,10,138,18.29,8.145,9,0.905,5.22,0.692,0.5882
VAL_H1M_2021_0042,SPEAKER_00,25,735.8611,737.5921,1.731,1,14,1.731,0.0,0,0.0,8.088,1.0,
VAL_H1M_2021_0042,SPEAKER_01,26,737.9321,747.1971,9.265,2,67,8.044,1.221,1,1.221,7.232,0.868,0.5436
VAL_H1M_2021_0042,SPEAKER_00,27,748.0771,750.6971,2.62,1,16,2.62,0.0,0,0.0,6.107,1.0,
VAL_H1M_2021_0042,SPEAKER_01,28,752.2791,769.0631,16.784,5,98,13.101,3.683,4,0.9207,5.839,0.781,0.5739
VAL_H1M_2021_0042,SPEAKER_00,29,769.7141,777.1181,7.404,3,43,5.564,1.84,2,0.92,5.808,0.751,
VAL_H1M_2021_0042,SPEAKER_01,30,778.2011,821.7231,43.522,13,244,33.948,9.574,12,0.7978,5.606,0.78,0.5698
VAL_H1M_2021_0042,SPEAKER_00,31,822.5641,827.4041,4.84,1,41,4.84,0.0,0,0.0,8.471,1.0,
VAL_H1M_2021_0042,SPEAKER_01,32,827.5461,840.9711,13.425,6,72,10.012,3.413,5,0.6826,5.363,0.746,0.6365
VAL_H1M_2021_0042,SPEAKER_00,33,842.0561,847.8571,5.801,3,27,3.211,2.59,2,1.295,4.654,0.554,
VAL_H1M_2021_0042,SPEAKER_01,34,848.1071,848.9971,0.89,1,11,0.89,0.0,0,0.0,12.36,1.0,0.2664
VAL_H1M_2021_0042,SPEAKER_00,35,849.5771,850.2371,0.66,1,7,0.66,0.0,0,0.0,10.606,1.0,
VAL_H1M_2021_0042,SPEAKER_01,36,850.8081,868.7121,17.904,9,81,13.864,4.04,8,0.505,4.524,0.774,0.6293
VAL_H1M_2021_0042,SPEAKER_00,37,869.3621,870.4521,1.09,2,5,0.58,0.51,1,0.51,4.587,0.532,
VAL_H1M_2021_0042,SPEAKER_01,38,871.4681,886.7781,15.31,5,81,12.75,2.56,4,0.64,5.291,0.833,0.6682
VAL_H1M_2021_0042,SPEAKER_00,39,888.0421,889.0521,1.01,1,8,1.01,0.0,0,0.0,7.921,1.0,
VAL_H1M_2021_0042,SPEAKER_01,40,890.1731,911.7001,21.527,11,94,16.042,5.485,10,0.5485,4.367,0.745,0.5960
VAL_H1M_2021_0042,SPEAKER_00,41,914.2971,915.6491,1.352,1,12,1.352,0.0,0,0.0,8.876,1.0,
VAL_H1M_2021_0042,SPEAKER_01,42,916.6291,926.9561,10.327,2,69,7.303,3.024,1,3.024,6.682,0.707,0.5416
VAL_H1M_2021_0042,SPEAKER_00,43,927.9331,939.0911,11.158,4,44,6.16,4.998,3,1.666,3.943,0.552,
VAL_H1M_2021_0042,SPEAKER_01,44,940.2631,976.5521,36.289,10,180,28.846,7.443,9,0.827,4.96,0.795,0.6915
VAL_H1M_2021_0042,SPEAKER_00,45,980.2171,981.6011,1.384,1,12,1.384,0.0,0,0.0,8.671,1.0,
VAL_H1M_2021_0042,SPEAKER_01,46,981.8411,985.7711,3.93,1,25,3.93,0.0,0,0.0,6.361,1.0,0.5475
VAL_H1M_2021_0042,SPEAKER_00,47,987.2411,991.4251,4.184,2,22,3.934,0.25,1,0.25,5.258,0.94,
VAL_H1M_2021_0042,SPEAKER_01,48,992.1271,995.4761,3.349,2,18,2.359,0.99,1,0.99,5.375,0.704,0.8529
VAL_H1M_2021_0049,SPEAKER_00,1,507.8354,551.9124,44.077,18,143,23.827,20.25,17,1.1912,3.244,0.541,0.7854
VAL_H1M_2021_0049,SPEAKER_01,2,555.8544,558.1644,2.31,1,15,2.31,0.0,0,0.0,6.494,1.0,
VAL_H1M_2021_0049,SPEAKER_00,3,560.2974,644.4714,84.174,39,293,44.687,39.487,38,1.0391,3.481,0.531,0.7495
VAL_H1M_2021_0049,SPEAKER_01,4,649.1934,651.1934,2.0,1,9,2.0,0.0,0,0.0,4.5,1.0,
VAL_H1M_2021_0049,SPEAKER_00,5,653.1544,673.6614,20.507,8,51,7.971,12.536,7,1.7909,2.487,0.389,0.7698
VAL_H1M_2021_0049,SPEAKER_01,6,678.0424,683.0964,5.054,3,13,2.341,2.713,2,1.3565,2.572,0.463,
VAL_H1M_2021_0049,SPEAKER_00,7,686.1774,695.8244,9.647,4,42,5.396,4.251,3,1.417,4.354,0.559,0.8089
VAL_H1M_2021_0049,SPEAKER_01,8,700.3864,704.8704,4.484,2,12,1.67,2.814,1,2.814,2.676,0.372,
VAL_H1M_2021_0049,SPEAKER_00,9,709.3334,739.5044,30.171,10,63,10.934,19.237,9,2.1374,2.088,0.362,0.7814
VAL_H1M_2021_0049,SPEAKER_01,10,741.7944,742.7454,0.951,1,3,0.951,0.0,0,0.0,3.155,1.0,
VAL_H1M_2021_0049,SPEAKER_00,11,744.3354,776.8134,32.478,14,111,20.204,12.274,13,0.9442,3.418,0.622,0.6951
VAL_H1M_2021_0049,SPEAKER_01,12,780.0334,781.0934,1.06,1,9,1.06,0.0,0,0.0,8.491,1.0,
VAL_H1M_2021_0049,SPEAKER_00,13,785.7344,804.8894,19.155,6,68,10.563,8.592,5,1.7184,3.55,0.551,0.8266
VAL_H1M_2021_0049,SPEAKER_01,14,811.5814,814.7014,3.12,2,19,2.71,0.41,1,0.41,6.09,0.869,
VAL_H1M_2021_0049,SPEAKER_00,15,818.7034,936.7124,118.009,46,385,64.317,53.692,45,1.1932,3.262,0.545,0.7690
VAL_H1M_2021_0049,SPEAKER_01,16,943.6744,945.8364,2.162,1,15,2.162,0.0,0,0.0,6.938,1.0,
VAL_H1M_2021_0049,SPEAKER_00,17,953.6744,992.5604,38.886,14,150,19.515,19.371,13,1.4901,3.857,0.502,0.7379
VAL_H1M_2021_0049,SPEAKER_01,18,997.1034,998.0934,0.99,1,8,0.99,0.0,0,0.0,8.081,1.0,
VAL_H1M_2021_0049,SPEAKER_00,19,999.7054,1010.8854,11.18,5,48,7.62,3.56,4,0.89,4.293,0.682,0.7573
VAL_H1M_2021_0056,SPEAKER_00,1,494.8786,502.9016,8.023,2,48,6.322,1.701,1,1.701,5.983,0.788,
VAL_H1M_2021_0056,SPEAKER_01,2,503.3416,538.6086,35.267,13,207,27.215,8.052,12,0.671,5.87,0.772,0.7321
VAL_H1M_2021_0056,SPEAKER_00,3,540.0336,541.5436,1.51,1,12,1.51,0.0,0,0.0,7.947,1.0,
VAL_H1M_2021_0056,SPEAKER_01,4,542.4386,567.1196,24.681,11,147,20.068,4.613,10,0.4613,5.956,0.813,0.7023
VAL_H1M_2021_0056,SPEAKER_00,5,568.8496,576.2966,7.447,2,43,4.763,2.684,1,2.684,5.774,0.64,
VAL_H1M_2021_0056,SPEAKER_01,6,576.8376,622.6766,45.839,15,278,36.75,9.089,14,0.6492,6.065,0.802,0.7669
VAL_H1M_2021_0056,SPEAKER_00,7,624.2676,630.5426,6.275,3,37,5.645,0.63,2,0.315,5.896,0.9,
VAL_H1M_2021_0056,SPEAKER_01,8,630.8826,664.2166,33.334,14,168,25.133,8.201,13,0.6308,5.04,0.754,0.8231
VAL_H1M_2021_0056,SPEAKER_00,9,665.3176,672.6616,7.344,3,52,6.124,1.22,2,0.61,7.081,0.834,
VAL_H1M_2021_0056,SPEAKER_01,10,673.0026,673.7726,0.77,1,9,0.77,0.0,0,0.0,11.688,1.0,0.7310
VAL_H1M_2021_0056,SPEAKER_00,11,674.4926,676.1126,1.62,1,8,1.62,0.0,0,0.0,4.938,1.0,
VAL_H1M_2021_0056,SPEAKER_01,12,676.9446,740.7506,63.806,18,391,51.681,12.125,17,0.7132,6.128,0.81,0.6743
VAL_H1M_2021_0056,SPEAKER_00,13,742.1346,744.8946,2.76,1,25,2.76,0.0,0,0.0,9.058,1.0,
VAL_H1M_2021_0056,SPEAKER_01,14,745.0266,778.6776,33.651,13,216,25.1,8.551,12,0.7126,6.419,0.746,0.7320
VAL_H1M_2021_0056,SPEAKER_00,15,780.6576,784.0976,3.44,1,20,3.44,0.0,0,0.0,5.814,1.0,
VAL_H1M_2021_0056,SPEAKER_01,16,784.8636,816.1136,31.25,11,181,24.836,6.414,10,0.6414,5.792,0.795,0.7082
VAL_H1M_2021_0056,SPEAKER_00,17,817.2306,826.4866,9.256,3,63,8.376,0.88,2,0.44,6.806,0.905,
VAL_H1M_2021_0056,SPEAKER_01,18,826.9386,879.2936,52.355,20,279,38.225,14.13,19,0.7437,5.329,0.73,0.7602
VAL_H1M_2021_0056,SPEAKER_00,19,879.4936,881.7746,2.281,1,20,2.281,0.0,0,0.0,8.768,1.0,
VAL_H1M_2021_0056,SPEAKER_01,20,882.0746,892.8586,10.784,4,70,8.134,2.65,3,0.8833,6.491,0.754,0.7223
VAL_H1M_2021_0056,SPEAKER_00,21,895.0806,898.7506,3.67,1,29,3.67,0.0,0,0.0,7.902,1.0,
VAL_H1M_2021_0056,SPEAKER_01,22,899.1626,903.1436,3.981,3,28,3.21,0.771,2,0.3855,7.033,0.806,0.5462
VAL_H1M_2021_0056,SPEAKER_00,23,903.8636,906.5456,2.682,1,23,2.682,0.0,0,0.0,8.576,1.0,
VAL_H1M_2021_0056,SPEAKER_01,24,906.8656,919.5056,12.64,3,80,11.69,0.95,2,0.475,6.329,0.925,0.7368
VAL_H1M_2021_0056,SPEAKER_00,25,920.5666,930.0106,9.444,4,47,5.522,3.922,3,1.3073,4.977,0.585,
VAL_H1M_2021_0056,SPEAKER_01,26,930.2006,956.0656,25.865,10,166,20.471,5.394,9,0.5993,6.418,0.791,0.7025
VAL_H1M_2021_0056,SPEAKER_00,27,956.5056,966.8756,10.37,3,47,8.427,1.943,2,0.9715,4.532,0.813,
VAL_H1M_2021_0056,SPEAKER_01,28,967.2166,989.2876,22.071,7,130,18.579,3.492,6,0.582,5.89,0.842,0.8300
VAL_H1M_2023_00277,SPEAKER_01,1,574.5174,575.9074,1.39,2,4,0.49,0.9,1,0.9,2.878,0.353,
VAL_H1M_2023_00277,SPEAKER_00,2,575.9784,582.4584,6.48,2,26,5.1,1.38,1,1.38,4.012,0.787,
VAL_H1M_2023_00277,SPEAKER_01,3,582.5614,664.1214,81.56,23,419,69.231,12.329,22,0.5604,5.137,0.849,0.7509
VAL_H1M_2023_00277,SPEAKER_00,4,664.7664,686.0884,21.322,5,103,15.887,5.435,4,1.3588,4.831,0.745,
VAL_H1M_2023_00277,SPEAKER_01,5,686.3484,932.3094,245.961,85,989,173.269,72.692,84,0.8654,4.021,0.704,0.7427
VAL_H1M_2023_00277,SPEAKER_00,6,932.6794,935.8194,3.14,1,18,3.14,0.0,0,0.0,5.732,1.0,
VAL_H1M_2023_00277,SPEAKER_01,7,936.3704,952.6034,16.233,7,65,12.893,3.34,6,0.5567,4.004,0.794,0.8130
VAL_H1M_2023_00277,SPEAKER_00,8,953.3134,959.9934,6.68,3,25,5.17,1.51,2,0.755,3.743,0.774,
VAL_H1M_2023_00277,SPEAKER_01,9,963.2224,1010.8394,47.617,19,162,32.928,14.689,18,0.8161,3.402,0.692,0.7885
VAL_H1M_2023_00277,SPEAKER_00,10,1012.4874,1018.3474,5.86,3,30,5.1,0.76,2,0.38,5.119,0.87,
VAL_H1M_2023_00277,SPEAKER_01,11,1018.9134,1148.0234,129.11,53,443,91.793,37.317,52,0.7176,3.431,0.711,0.8070
VAL_H1M_2023_005,SPEAKER_01,1,574.5048,575.8948,1.39,2,4,0.47,0.92,1,0.92,2.878,0.338,0.5210
VAL_H1M_2023_005,SPEAKER_00,2,575.9758,582.4458,6.47,3,29,5.27,1.2,2,0.6,4.482,0.815,
VAL_H1M_2023_005,SPEAKER_01,3,582.5388,664.1058,81.567,25,420,68.016,13.551,24,0.5646,5.149,0.834,0.7088
VAL_H1M_2023_005,SPEAKER_00,4,666.1578,686.0688,19.911,5,104,15.924,3.987,4,0.9968,5.223,0.8,
VAL_H1M_2023_005,SPEAKER_01,5,686.3388,932.3108,245.972,85,998,176.298,69.674,84,0.8295,4.057,0.717,0.7632
VAL_H1M_2023_005,SPEAKER_00,6,932.6618,936.0638,3.402,1,18,3.402,0.0,0,0.0,5.291,1.0,
VAL_H1M_2023_005,SPEAKER_01,7,936.3638,952.6168,16.253,7,65,12.983,3.27,6,0.545,3.999,0.799,0.6995
VAL_H1M_2023_005,SPEAKER_00,8,953.2668,959.9868,6.72,3,25,5.21,1.51,2,0.755,3.72,0.775,
VAL_H1M_2023_005,SPEAKER_01,9,963.2028,1010.8268,47.624,19,163,32.811,14.813,18,0.8229,3.423,0.689,0.7918
VAL_H1M_2023_005,SPEAKER_00,10,1012.4718,1018.3418,5.87,2,31,5.39,0.48,1,0.48,5.281,0.918,
VAL_H1M_2023_005,SPEAKER_01,11,1018.9308,1148.0038,129.073,55,443,89.571,39.502,54,0.7315,3.432,0.694,0.7973
VAL_H2A_2019_00210,SPEAKER_00,1,409.3293,444.3623,35.033,14,159,24.045,10.988,13,0.8452,4.539,0.686,0.7190
VAL_H2A_2019_00210,SPEAKER_01,2,444.9623,458.6683,13.706,8,77,9.434,4.272,7,0.6103,5.618,0.688,
VAL_H2A_2019_00210,SPEAKER_00,3,460.3383,492.4033,32.065,9,122,24.889,7.176,8,0.897,3.805,0.776,0.8029
VAL_H2A_2019_00210,SPEAKER_01,4,493.7243,496.5573,2.833,1,19,2.833,0.0,0,0.0,6.707,1.0,
VAL_H2A_2019_00210,SPEAKER_00,5,497.2773,505.7413,8.464,5,35,5.582,2.882,4,0.7205,4.135,0.659,0.7369
VAL_H2A_2019_00210,SPEAKER_01,6,507.7833,510.9763,3.193,2,12,1.94,1.253,1,1.253,3.758,0.608,
VAL_H2A_2019_00210,SPEAKER_00,7,511.6073,539.4893,27.882,11,119,21.505,6.377,10,0.6377,4.268,0.771,0.7516
VAL_H2A_2019_00210,SPEAKER_01,8,540.6993,552.3583,11.659,5,42,7.28,4.379,4,1.0947,3.602,0.624,
VAL_H2A_2019_00210,SPEAKER_00,9,553.6403,575.7223,22.082,6,84,17.928,4.154,5,0.8308,3.804,0.812,0.8044
VAL_H2A_2019_00210,SPEAKER_01,10,575.8733,576.5133,0.64,1,7,0.64,0.0,0,0.0,10.938,1.0,
VAL_H2A_2019_00210,SPEAKER_00,11,578.6743,608.0563,29.382,9,136,23.347,6.035,8,0.7544,4.629,0.795,0.7488
VAL_H2A_2019_00210,SPEAKER_01,12,609.3173,613.5403,4.223,2,38,3.651,0.572,1,0.572,8.998,0.865,
VAL_H2A_2019_00210,SPEAKER_00,13,615.8083,631.9553,16.147,7,49,10.447,5.7,6,0.95,3.035,0.647,0.7748
VAL_H2A_2019_00210,SPEAKER_01,14,637.6883,642.8483,5.16,3,24,3.37,1.79,2,0.895,4.651,0.653,
VAL_H2A_2019_00210,SPEAKER_00,15,643.5603,643.7703,0.21,1,1,0.21,0.0,0,0.0,4.762,1.0,
VAL_H2A_2019_00210,SPEAKER_01,16,644.3213,649.7813,5.46,2,31,3.7,1.76,1,1.76,5.678,0.678,
VAL_H2A_2019_00210,SPEAKER_00,17,651.1143,731.2403,80.126,28,306,53.5251,26.6009,27,0.9852,3.819,0.668,0.7881
VAL_H2A_2019_00210,SPEAKER_01,18,731.9303,732.8513,0.921,1,4,0.921,0.0,0,0.0,4.343,1.0,
VAL_H2A_2019_00210,SPEAKER_00,19,733.7113,740.7733,7.062,2,26,4.681,2.381,1,2.381,3.682,0.663,0.8059
VAL_H2A_2019_00210,SPEAKER_01,20,741.3833,742.0433,0.66,1,4,0.66,0.0,0,0.0,6.061,1.0,
VAL_H2A_2019_00210,SPEAKER_00,21,742.1133,776.8143,34.701,11,125,21.463,13.238,10,1.3238,3.602,0.619,0.8296
VAL_H2A_2019_00210,SPEAKER_01,22,777.1963,782.6663,5.47,3,25,3.73,1.74,2,0.87,4.57,0.682,
VAL_H2A_2019_00210,SPEAKER_00,23,784.1183,784.5683,0.45,1,6,0.45,0.0,0,0.0,13.333,1.0,0.5883
VAL_H2A_2019_00210,SPEAKER_01,24,785.8413,791.3013,5.46,3,23,4.22,1.24,2,0.62,4.212,0.773,
VAL_H2A_2019_00210,SPEAKER_00,25,791.7733,795.1733,3.4,2,12,2.52,0.88,1,0.88,3.529,0.741,0.9077
VAL_H2A_2019_00210,SPEAKER_01,26,796.1243,797.4953,1.371,1,7,1.371,0.0,0,0.0,5.106,1.0,
VAL_H2A_2019_00210,SPEAKER_00,27,798.5753,817.9566,19.3813,8,85,13.1633,6.218,7,0.8883,4.386,0.679,0.7447
VAL_H2A_2019_006,SPEAKER_01,1,549.6246,573.3226,23.698,12,122,18.31,5.388,11,0.4898,5.148,0.773,0.7251
VAL_H2A_2019_006,SPEAKER_00,2,574.9226,575.8526,0.93,1,7,0.93,0.0,0,0.0,7.527,1.0,
VAL_H2A_2019_006,SPEAKER_01,3,576.6236,591.8636,15.24,6,70,10.44,4.8,5,0.96,4.593,0.685,0.6832
VAL_H2A_2019_006,SPEAKER_00,4,592.5716,593.9216,1.35,1,7,1.35,0.0,0,0.0,5.185,1.0,
VAL_H2A_2019_006,SPEAKER_01,5,594.6156,635.8726,41.257,13,220,34.189,7.068,12,0.589,5.332,0.829,0.7024
VAL_H2A_2019_006,SPEAKER_00,6,636.9986,640.5186,3.52,1,21,3.52,0.0,0,0.0,5.966,1.0,
VAL_H2A_2019_006,SPEAKER_01,7,640.9096,661.0656,20.156,10,112,14.293,5.863,9,0.6514,5.557,0.709,0.7342
VAL_H2A_2019_006,SPEAKER_00,8,662.7666,664.9376,2.171,2,15,1.911,0.26,1,0.26,6.909,0.88,
VAL_H2A_2019_006,SPEAKER_01,9,665.6416,677.6296,11.988,5,61,8.928,3.06,4,0.765,5.088,0.745,0.6296
VAL_H2A_2019_006,SPEAKER_00,10,678.4306,681.7506,3.32,1,22,3.32,0.0,0,0.0,6.627,1.0,
VAL_H2A_2019_006,SPEAKER_01,11,682.6536,686.9366,4.283,2,25,3.633,0.65,1,0.65,5.837,0.848,0.5631
VAL_H2A_2019_006,SPEAKER_00,12,688.0626,692.2436,4.181,1,30,4.181,0.0,0,0.0,7.175,1.0,
VAL_H2A_2019_006,SPEAKER_01,13,692.5146,698.9666,6.452,4,32,4.58,1.872,3,0.624,4.96,0.71,0.8148
VAL_H2A_2019_006,SPEAKER_00,14,700.5196,704.7216,4.202,1,26,4.202,0.0,0,0.0,6.188,1.0,
VAL_H2A_2019_006,SPEAKER_01,15,705.5216,706.8116,1.29,1,10,1.29,0.0,0,0.0,7.752,1.0,0.7472
VAL_H2A_2019_006,SPEAKER_00,16,708.6706,709.6106,0.94,1,3,0.94,0.0,0,0.0,3.191,1.0,
VAL_H2A_2019_006,SPEAKER_01,17,710.0316,737.3736,27.342,12,130,18.018,9.324,11,0.8476,4.755,0.659,0.7160
VAL_H2A_2019_006,SPEAKER_00,18,739.0306,739.9906,0.96,1,7,0.96,0.0,0,0.0,7.292,1.0,
VAL_H2A_2019_006,SPEAKER_01,19,741.5516,758.6276,17.076,9,80,9.654,7.422,8,0.9278,4.685,0.565,0.5283
VAL_H2A_2019_006,SPEAKER_00,20,758.9286,766.0986,7.17,2,41,6.51,0.66,1,0.66,5.718,0.908,
VAL_H2A_2019_006,SPEAKER_01,21,766.2926,777.3286,11.036,5,63,7.652,3.384,4,0.846,5.709,0.693,0.6991
VAL_H2A_2019_006,SPEAKER_00,22,780.6196,783.1896,2.57,1,13,2.57,0.0,0,0.0,5.058,1.0,
VAL_H2A_2019_006,SPEAKER_01,23,783.9996,796.6656,12.666,6,58,7.944,4.722,5,0.9444,4.579,0.627,0.6357
VAL_H2A_2019_006,SPEAKER_00,24,798.3256,804.8896,6.564,2,39,6.124,0.44,1,0.44,5.941,0.933,
VAL_H2A_2019_006,SPEAKER_01,25,807.3106,812.9736,5.663,2,35,3.822,1.841,1,1.841,6.18,0.675,0.5795
VAL_H2A_2019_006,SPEAKER_00,26,814.8776,816.2276,1.35,1,12,1.35,0.0,0,0.0,8.889,1.0,
VAL_H2A_2019_006,SPEAKER_01,27,817.4706,846.1576,28.687,13,128,19.24,9.447,12,0.7873,4.462,0.671,0.7250
VAL_H2A_2019_006,SPEAKER_00,28,848.7106,852.1406,3.43,1,17,3.43,0.0,0,0.0,4.956,1.0,
VAL_H2A_2019_006,SPEAKER_01,29,853.3546,856.6166,3.262,2,14,2.23,1.032,1,1.032,4.292,0.684,0.7322
VAL_H2A_2019_006,SPEAKER_00,30,858.7976,860.8476,2.05,1,7,2.05,0.0,0,0.0,3.415,1.0,
VAL_H2A_2019_006,SPEAKER_01,31,861.7226,879.1066,17.384,8,64,10.856,6.528,7,0.9326,3.682,0.624,0.8580
VAL_H2A_2019_006,SPEAKER_00,32,880.7396,882.7096,1.97,1,9,1.97,0.0,0,0.0,4.569,1.0,
VAL_H2A_2019_006,SPEAKER_01,33,884.8516,911.5176,26.666,10,128,19.464,7.202,9,0.8002,4.8,0.73,0.8120
VAL_H2A_2019_006,SPEAKER_00,34,913.5586,918.6616,5.103,2,24,4.673,0.43,1,0.43,4.703,0.916,
VAL_H2A_2019_006,SPEAKER_01,35,923.8046,961.7356,37.931,13,121,26.822,11.109,12,0.9257,3.19,0.707,0.7918
VAL_H2A_2019_006,SPEAKER_00,36,963.0866,966.3666,3.28,1,21,3.28,0.0,0,0.0,6.402,1.0,
VAL_H2A_2019_006,SPEAKER_01,37,966.5786,969.4196,2.841,2,14,1.6,1.241,1,1.241,4.928,0.563,0.6277
VAL_H2A_2019_006,SPEAKER_00,38,970.9806,973.9306,2.95,1,17,2.95,0.0,0,0.0,5.763,1.0,
VAL_H2A_2019_006,SPEAKER_01,39,974.9866,1000.8056,25.819,12,129,19.762,6.057,11,0.5506,4.996,0.765,0.7841
VAL_H2A_2019_006,SPEAKER_00,40,1003.1926,1005.0926,1.9,1,10,1.9,0.0,0,0.0,5.263,1.0,
VAL_H2A_2019_006,SPEAKER_01,41,1005.6946,1049.4676,43.773,18,211,32.222,11.551,17,0.6795,4.82,0.736,0.7203
VAL_H2A_2019_006,SPEAKER_00,42,1050.4686,1054.6686,4.2,2,16,3.76,0.44,1,0.44,3.81,0.895,
VAL_H2A_2019_006,SPEAKER_01,43,1055.8886,1098.6906,42.802,18,190,31.046,11.756,17,0.6915,4.439,0.725,0.7241
VAL_H2A_2020_00137,SPEAKER_00,1,370.2924,378.1034,7.811,4,48,6.65,1.161,3,0.387,6.145,0.851,
VAL_H2A_2020_00137,SPEAKER_01,2,380.6364,409.5114,28.875,12,140,20.836,8.039,11,0.7308,4.848,0.722,0.7821
VAL_H2A_2020_00137,SPEAKER_00,3,409.5314,412.7534,3.222,1,25,3.222,0.0,0,0.0,7.759,1.0,
VAL_H2A_2020_00137,SPEAKER_01,4,412.7734,460.2944,47.521,20,272,35.781,11.74,19,0.6179,5.724,0.753,0.6581
VAL_H2A_2020_00137,SPEAKER_00,5,460.3444,465.0774,4.733,1,23,4.733,0.0,0,0.0,4.859,1.0,
VAL_H2A_2020_00137,SPEAKER_01,6,465.3174,492.9904,27.673,14,139,20.553,7.12,13,0.5477,5.023,0.743,0.7693
VAL_H2A_2020_00137,SPEAKER_00,7,493.2304,495.5514,2.321,1,16,2.321,0.0,0,0.0,6.894,1.0,
VAL_H2A_2020_00137,SPEAKER_01,8,495.5714,503.1134,7.542,3,49,6.332,1.21,2,0.605,6.497,0.84,0.4713
VAL_H2A_2020_00137,SPEAKER_00,9,503.7284,505.9294,2.201,1,17,2.201,0.0,0,0.0,7.724,1.0,
VAL_H2A_2020_00137,SPEAKER_01,10,506.0694,508.4294,2.36,2,18,2.09,0.27,1,0.27,7.627,0.886,0.3240
VAL_H2A_2020_00137,SPEAKER_00,11,508.5094,530.9954,22.486,6,151,20.114,2.372,5,0.4744,6.715,0.895,
VAL_H2A_2020_00137,SPEAKER_01,12,531.4954,553.5954,22.1,7,122,16.134,5.966,6,0.9943,5.52,0.73,0.6929
VAL_H2A_2020_00137,SPEAKER_00,13,553.7354,553.9554,0.22,1,1,0.22,0.0,0,0.0,4.545,1.0,
VAL_H2A_2020_00137,SPEAKER_01,14,554.6554,555.7554,1.1,1,10,1.1,0.0,0,0.0,9.091,1.0,0.6675
VAL_H2A_2020_00137,SPEAKER_00,15,556.0154,556.1554,0.14,1,1,0.14,0.0,0,0.0,7.143,1.0,
VAL_H2A_2020_00137,SPEAKER_01,16,556.5364,574.1424,17.606,5,96,15.226,2.38,4,0.595,5.453,0.865,0.7124
VAL_H2A_2020_00137,SPEAKER_00,17,574.1624,600.2344,26.072,9,181,21.373,4.699,8,0.5874,6.942,0.82,
VAL_H2A_2020_00137,SPEAKER_01,18,604.8854,612.7174,7.832,4,32,4.54,3.292,3,1.0973,4.086,0.58,0.6343
VAL_H2A_2020_00137,SPEAKER_00,19,613.3274,615.3474,2.02,1,9,2.02,0.0,0,0.0,4.455,1.0,
VAL_H2A_2020_00137,SPEAKER_01,20,616.5684,696.0114,79.443,29,366,47.556,31.887,28,1.1388,4.607,0.599,0.7201
VAL_H2A_2020_00137,SPEAKER_00,21,696.2114,698.2614,2.05,1,19,2.05,0.0,0,0.0,9.268,1.0,
VAL_H2A_2020_00137,SPEAKER_01,22,698.9934,703.2034,4.21,3,18,3.26,0.95,2,0.475,4.276,0.774,0.7832
VAL_H2A_2020_00137,SPEAKER_00,23,704.0254,731.8394,27.814,7,134,22.152,5.662,6,0.9437,4.818,0.796,
VAL_H2A_2020_00137,SPEAKER_01,24,731.9644,732.7844,0.82,1,9,0.82,0.0,0,0.0,10.976,1.0,0.3748
VAL_H2A_2020_00137,SPEAKER_00,25,732.9454,740.5228,7.5774,4,57,6.4474,1.13,3,0.3767,7.522,0.851,
VAL_H2A_2020_00142,SPEAKER_00,1,499.0315,525.6015,26.57,8,126,21.07,5.5,7,0.7857,4.742,0.793,0.7722
VAL_H2A_2020_00142,SPEAKER_01,2,525.9415,527.2225,1.281,1,12,1.281,0.0,0,0.0,9.368,1.0,
VAL_H2A_2020_00142,SPEAKER_00,3,528.7075,632.4375,103.73,40,551,72.629,31.101,39,0.7975,5.312,0.7,0.6504
VAL_H2A_2020_00142,SPEAKER_01,4,633.4785,637.5005,4.022,1,36,4.022,0.0,0,0.0,8.951,1.0,
VAL_H2A_2020_00142,SPEAKER_00,5,637.5605,687.2965,49.736,21,281,34.828,14.908,20,0.7454,5.65,0.7,0.6078
VAL_H2A_2020_00142,SPEAKER_01,6,688.9775,698.8485,9.871,3,51,8.652,1.219,2,0.6095,5.167,0.877,
VAL_H2A_2020_00142,SPEAKER_00,7,698.8685,755.2045,56.336,19,290,42.319,14.017,18,0.7787,5.148,0.751,0.6864
VAL_H2A_2020_00142,SPEAKER_01,8,756.0845,765.4695,9.385,5,44,6.722,2.663,4,0.6658,4.688,0.716,
VAL_H2A_2020_00142,SPEAKER_00,9,766.7595,796.6585,29.899,11,153,22.355,7.544,10,0.7544,5.117,0.748,0.6266
VAL_H2A_2020_00142,SPEAKER_01,10,798.4245,800.2645,1.84,1,18,1.84,0.0,0,0.0,9.783,1.0,
VAL_H2A_2020_00142,SPEAKER_00,11,800.7855,820.2575,19.472,8,83,11.275,8.197,7,1.171,4.263,0.579,0.7159
VAL_H2A_2020_00142,SPEAKER_01,12,821.9905,830.5675,8.577,2,44,7.067,1.51,1,1.51,5.13,0.824,
VAL_H2A_2020_00142,SPEAKER_00,13,830.8075,849.1025,18.295,8,106,12.913,5.382,7,0.7689,5.794,0.706,0.5707
VAL_H2A_2020_00142,SPEAKER_01,14,850.6605,854.1935,3.533,1,25,3.533,0.0,0,0.0,7.076,1.0,
VAL_H2A_2020_00142,SPEAKER_00,15,854.8745,907.9905,53.116,23,266,36.128,16.988,22,0.7722,5.008,0.68,0.6771
VAL_H2A_2020_00142,SPEAKER_01,16,908.2825,912.3045,4.022,1,29,4.022,0.0,0,0.0,7.21,1.0,
VAL_H2A_2020_00142,SPEAKER_00,17,913.0245,951.7055,38.681,15,221,28.969,9.712,14,0.6937,5.713,0.749,0.6415
VAL_H2A_2020_00142,SPEAKER_01,18,953.2765,964.7285,11.452,5,66,8.943,2.509,4,0.6272,5.763,0.781,
VAL_H2A_2020_00142,SPEAKER_00,19,964.7685,992.3955,27.627,9,135,20.011,7.616,8,0.952,4.887,0.724,0.7950
VAL_H2A_2020_00143,SPEAKER_00,1,547.8498,620.4418,72.592,29,329,48.33,24.262,28,0.8665,4.532,0.666,0.7305
VAL_H2A_2020_00143,SPEAKER_01,2,620.8628,627.6528,6.79,4,30,4.23,2.56,3,0.8533,4.418,0.623,
VAL_H2A_2020_00143,SPEAKER_00,3,627.8838,756.7468,128.863,53,511,79.8449,49.0181,52,0.9427,3.965,0.62,0.7458
VAL_H2A_2020_00143,SPEAKER_01,4,757.3268,762.8068,5.48,2,30,4.41,1.07,1,1.07,5.474,0.805,
VAL_H2A_2020_00143,SPEAKER_00,5,763.0488,1029.8358,266.787,96,1191,191.528,75.259,95,0.7922,4.464,0.718,0.7605
VAL_H2A_2020_00143,SPEAKER_01,6,1030.4858,1035.7158,5.23,2,32,4.82,0.41,1,0.41,6.119,0.922,
VAL_H2A_2020_00143,SPEAKER_00,7,1036.0068,1091.2718,55.265,22,267,41.356,13.909,21,0.6623,4.831,0.748,0.7664
VAL_H2A_2020_00144,SPEAKER_01,1,445.4342,521.2802,75.846,27,394,59.393,16.453,26,0.6328,5.195,0.783,0.7522
VAL_H2A_2020_00144,SPEAKER_00,2,522.7462,528.7192,5.973,2,39,5.522,0.451,1,0.451,6.529,0.924,
VAL_H2A_2020_00144,SPEAKER_01,3,529.0092,555.8562,26.847,11,146,20.538,6.309,10,0.6309,5.438,0.765,0.7934
VAL_H2A_2020_00144,SPEAKER_00,4,556.6962,559.4562,2.76,1,14,2.76,0.0,0,0.0,5.072,1.0,
VAL_H2A_2020_00144,SPEAKER_01,5,560.8792,576.8072,15.928,6,111,13.531,2.397,5,0.4794,6.969,0.85,0.6503
VAL_H2A_2020_00144,SPEAKER_00,6,577.8492,579.9392,2.09,1,18,2.09,0.0,0,0.0,8.612,1.0,
VAL_H2A_2020_00144,SPEAKER_01,7,581.0972,732.5652,151.468,48,805,116.893,34.575,47,0.7356,5.315,0.772,0.7043
VAL_H2A_2020_00144,SPEAKER_00,8,735.4792,739.4612,3.982,1,32,3.982,0.0,0,0.0,8.036,1.0,
VAL_H2A_2020_00144,SPEAKER_01,9,740.3602,795.2032,54.843,18,286,43.393,11.45,17,0.6735,5.215,0.791,0.6742
VAL_H2A_2020_00144,SPEAKER_00,10,796.6842,800.7472,4.063,3,6,2.583,1.48,2,0.74,1.477,0.636,
VAL_H2A_2020_00144,SPEAKER_01,11,800.9972,842.0002,41.003,12,209,34.756,6.247,11,0.5679,5.097,0.848,0.7125
VAL_H2A_2020_00144,SPEAKER_00,12,842.0402,845.2022,3.162,2,14,1.922,1.24,1,1.24,4.428,0.608,
VAL_H2A_2020_00144,SPEAKER_01,13,847.5642,888.6792,41.115,10,235,33.046,8.069,9,0.8966,5.716,0.804,0.6201
VAL_H2A_2020_00147,SPEAKER_01,1,483.8169,502.6229,18.806,7,78,15.876,2.93,6,0.4883,4.148,0.844,0.8096
VAL_H2A_2020_00147,SPEAKER_00,2,502.9439,505.0649,2.121,1,17,2.121,0.0,0,0.0,8.015,1.0,
VAL_H2A_2020_00147,SPEAKER_01,3,506.1459,509.9069,3.761,2,19,3.521,0.24,1,0.24,5.052,0.936,0.7012
VAL_H2A_2020_00147,SPEAKER_00,4,511.1129,514.8729,3.76,2,21,3.46,0.3,1,0.3,5.585,0.92,
VAL_H2A_2020_00147,SPEAKER_01,5,516.6339,542.4239,25.79,9,129,22.318,3.472,8,0.434,5.002,0.865,0.8106
VAL_H2A_2020_00147,SPEAKER_00,6,543.8239,547.5859,3.762,2,21,3.061,0.701,1,0.701,5.582,0.814,
VAL_H2A_2020_00147,SPEAKER_01,7,548.8269,596.7699,47.943,15,142,35.256,12.687,14,0.9062,2.962,0.735,0.7587
VAL_H2A_2020_00147,SPEAKER_00,8,597.6689,599.4699,1.801,1,14,1.801,0.0,0,0.0,7.773,1.0,
VAL_H2A_2020_00147,SPEAKER_01,9,600.3509,623.2839,22.933,9,101,18.278,4.655,8,0.5819,4.404,0.797,0.8463
VAL_H2A_2020_00147,SPEAKER_00,10,624.0139,628.1239,4.11,2,21,3.332,0.778,1,0.778,5.109,0.811,
VAL_H2A_2020_00147,SPEAKER_01,11,628.5649,663.9639,35.399,15,158,25.902,9.497,14,0.6784,4.463,0.732,0.8350
VAL_H2A_2020_00147,SPEAKER_00,12,664.4639,666.1939,1.73,1,8,1.73,0.0,0,0.0,4.624,1.0,
VAL_H2A_2020_00147,SPEAKER_01,13,667.2649,696.0249,28.76,10,108,22.6,6.16,9,0.6844,3.755,0.786,0.8450
VAL_H2A_2020_00147,SPEAKER_00,14,696.8939,698.1739,1.28,1,10,1.28,0.0,0,0.0,7.812,1.0,
VAL_H2A_2020_00147,SPEAKER_01,15,699.1549,699.6659,0.511,1,3,0.511,0.0,0,0.0,5.871,1.0,0.9770
VAL_H2A_2020_00147,SPEAKER_00,16,700.0259,700.1359,0.11,1,1,0.11,0.0,0,0.0,9.091,1.0,
VAL_H2A_2020_00147,SPEAKER_01,17,701.3669,708.6089,7.242,3,19,2.5,4.742,2,2.371,2.624,0.345,0.4580
VAL_H2A_2020_00147,SPEAKER_00,18,711.0829,717.0729,5.99,3,19,5.09,0.9,2,0.45,3.172,0.85,
VAL_H2A_2020_00147,SPEAKER_01,19,718.5899,750.0009,31.411,8,126,26.733,4.678,7,0.6683,4.011,0.851,0.8348
VAL_H2A_2020_00147,SPEAKER_00,20,751.2339,757.5779,6.344,3,27,5.114,1.23,2,0.615,4.256,0.806,
VAL_H2A_2020_00147,SPEAKER_01,21,758.0989,784.1459,26.047,7,116,21.149,4.898,6,0.8163,4.453,0.812,0.7831
VAL_H2A_2020_00147,SPEAKER_00,22,784.7659,787.1879,2.422,1,12,2.422,0.0,0,0.0,4.955,1.0,
VAL_H2A_2020_00147,SPEAKER_01,23,787.8479,838.7589,50.911,17,200,37.199,13.712,16,0.857,3.928,0.731,0.7433
VAL_H2A_2020_00147,SPEAKER_00,24,839.3109,845.8529,6.542,2,32,5.902,0.64,1,0.64,4.891,0.902,
VAL_H2A_2020_00147,SPEAKER_01,25,846.5539,872.0729,25.519,11,99,19.89,5.629,10,0.5629,3.879,0.779,0.7707
VAL_H2A_2020_00147,SPEAKER_00,26,873.7109,877.3729,3.662,1,18,3.662,0.0,0,0.0,4.915,1.0,
VAL_H2A_2020_00147,SPEAKER_01,27,877.5729,878.6029,1.03,2,3,0.75,0.28,1,0.28,2.913,0.728,0.6110
VAL_H2A_2020_00147,SPEAKER_00,28,879.5139,888.6199,9.106,4,34,5.733,3.373,3,1.1243,3.734,0.63,
VAL_H2A_2020_00147,SPEAKER_01,29,892.6219,959.6459,67.024,27,298,52.179,14.845,26,0.571,4.446,0.779,0.8205
VAL_H2A_2020_00147,SPEAKER_00,30,960.1569,964.7119,4.555,2,21,3.952,0.603,1,0.603,4.61,0.868,
VAL_H2A_2020_00147,SPEAKER_01,31,964.7629,966.2729,1.51,1,13,1.51,0.0,0,0.0,8.609,1.0,0.6886
VAL_H2A_2020_007,SPEAKER_01,1,674.2851,713.0531,38.768,14,181,32.676,6.092,13,0.4686,4.669,0.843,0.7267
VAL_H2A_2020_007,SPEAKER_00,2,717.0501,720.5201,3.47,1,25,3.47,0.0,0,0.0,7.205,1.0,
VAL_H2A_2020_007,SPEAKER_01,3,720.8511,879.2821,158.431,57,741,123.1,35.331,56,0.6309,4.677,0.777,0.7617
VAL_H2A_2020_007,SPEAKER_00,4,881.7221,892.5271,10.805,5,36,6.576,4.229,4,1.0573,3.332,0.609,
VAL_H2A_2020_007,SPEAKER_01,5,892.5971,1039.1681,146.571,48,689,117.243,29.328,47,0.624,4.701,0.8,0.7488
VAL_H2A_2020_007,SPEAKER_00,6,1041.8871,1044.5381,2.651,2,19,2.16,0.491,1,0.491,7.167,0.815,
VAL_H2A_2020_007,SPEAKER_01,7,1045.1081,1069.5421,24.434,10,133,20.58,3.854,9,0.4282,5.443,0.842,0.7968
VAL_H2A_2020_007,SPEAKER_00,8,1071.1401,1076.2151,5.075,1,33,5.075,0.0,0,0.0,6.502,1.0,
VAL_H2A_2020_007,SPEAKER_01,9,1078.1971,1166.6951,88.498,30,412,67.416,21.082,29,0.727,4.655,0.762,0.8040
VAL_H2A_2020_007,SPEAKER_00,10,1168.9231,1173.8041,4.881,2,29,4.131,0.75,1,0.75,5.941,0.846,
VAL_H2A_2020_007,SPEAKER_01,11,1187.4811,1279.7551,92.274,32,369,74.99,17.284,31,0.5575,3.999,0.813,0.8283
VAL_H2A_2020_007,SPEAKER_00,12,1281.2361,1289.5281,8.292,3,44,7.21,1.082,2,0.541,5.306,0.87,
VAL_H2A_2020_007,SPEAKER_01,13,1290.6221,1344.1651,53.543,21,232,36.353,17.19,20,0.8595,4.333,0.679,0.8540
VAL_H2A_2020_007,SPEAKER_00,14,1344.8251,1345.7711,0.946,1,10,0.946,0.0,0,0.0,10.571,1.0,
VAL_H2A_2023_00384,SPEAKER_01,1,495.0816,520.4126,25.331,8,93,19.301,6.03,7,0.8614,3.671,0.762,0.8615
VAL_H2A_2023_00384,SPEAKER_00,2,522.2776,526.5476,4.27,2,17,3.91,0.36,1,0.36,3.981,0.916,
VAL_H2A_2023_00384,SPEAKER_01,3,528.8696,565.4956,36.626,16,152,27.286,9.34,15,0.6227,4.15,0.745,0.8241
VAL_H2A_2023_00384,SPEAKER_00,4,565.7656,568.5156,2.75,1,19,2.75,0.0,0,0.0,6.909,1.0,
VAL_H2A_2023_00384,SPEAKER_01,5,568.8266,579.5496,10.723,5,51,7.812,2.911,4,0.7278,4.756,0.729,0.7394
VAL_H2A_2023_00384,SPEAKER_00,6,581.6556,584.1956,2.54,1,17,2.54,0.0,0,0.0,6.693,1.0,
VAL_H2A_2023_00384,SPEAKER_01,7,585.2076,610.6916,25.484,10,118,19.566,5.918,9,0.6576,4.63,0.768,0.8054
VAL_H2A_2023_00384,SPEAKER_00,8,611.7026,618.1366,6.434,1,42,6.434,0.0,0,0.0,6.528,1.0,
VAL_H2A_2023_00384,SPEAKER_01,9,619.1716,653.8236,34.652,10,148,24.465,10.187,9,1.1319,4.271,0.706,0.8087
VAL_H2A_2023_00384,SPEAKER_00,10,654.9516,659.1816,4.23,2,24,3.87,0.36,1,0.36,5.674,0.915,
VAL_H2A_2023_00384,SPEAKER_01,11,660.7456,665.7986,5.053,1,33,5.053,0.0,0,0.0,6.531,1.0,0.6748
VAL_H2A_2023_00384,SPEAKER_00,12,665.8186,667.4586,1.64,1,12,1.64,0.0,0,0.0,7.317,1.0,
VAL_H2A_2023_00384,SPEAKER_01,13,668.8806,714.4306,45.55,16,236,34.605,10.945,15,0.7297,5.181,0.76,0.7806
VAL_H2A_2023_00384,SPEAKER_00,14,715.6916,720.1416,4.45,2,22,3.77,0.68,1,0.68,4.944,0.847,
VAL_H2A_2023_00384,SPEAKER_01,15,722.7546,724.7546,2.0,2,11,1.56,0.44,1,0.44,5.5,0.78,0.7548
VAL_H2A_2023_00384,SPEAKER_00,16,725.4756,735.9766,10.501,4,18,4.1,6.401,3,2.1337,1.714,0.39,
VAL_H2A_2023_00384,SPEAKER_01,17,737.3286,751.0026,13.674,7,61,9.35,4.324,6,0.7207,4.461,0.684,0.7687
VAL_H2A_2023_00384,SPEAKER_00,18,752.2156,753.2856,1.07,1,8,1.07,0.0,0,0.0,7.477,1.0,
VAL_H2A_2023_00384,SPEAKER_01,19,753.7766,763.1226,9.346,4,58,7.442,1.904,3,0.6347,6.206,0.796,0.7343
VAL_H2A_2023_00384,SPEAKER_00,20,763.9036,768.8336,4.93,3,23,3.95,0.98,2,0.49,4.665,0.801,
VAL_H2A_2023_00384,SPEAKER_01,21,771.1276,809.9526,38.825,12,211,31.122,7.703,11,0.7003,5.435,0.802,0.8042
VAL_H2A_2023_00384,SPEAKER_00,22,811.1126,813.9926,2.88,2,15,2.31,0.57,1,0.57,5.208,0.802,
VAL_H2A_2023_00384,SPEAKER_01,23,815.3976,817.9996,2.602,2,13,2.082,0.52,1,0.52,4.996,0.8,0.8331
VAL_H2A_2023_00384,SPEAKER_00,24,819.7216,820.4316,0.71,1,4,0.71,0.0,0,0.0,5.634,1.0,
VAL_H2A_2023_00384,SPEAKER_01,25,820.9626,855.5676,34.605,12,147,25.083,9.522,11,0.8656,4.248,0.725,0.7789
VAL_H2A_2023_00384,SPEAKER_00,26,856.9796,858.9896,2.01,1,13,2.01,0.0,0,0.0,6.468,1.0,
VAL_H2A_2023_00384,SPEAKER_01,27,860.4436,862.8046,2.361,3,9,1.521,0.84,2,0.42,3.812,0.644,0.8090
VAL_H2A_2023_00384,SPEAKER_00,28,863.2656,864.6876,1.422,1,9,1.422,0.0,0,0.0,6.329,1.0,
VAL_H2A_2023_00384,SPEAKER_01,29,865.6686,905.6236,39.955,14,198,29.661,10.294,13,0.7918,4.956,0.742,0.7601
VAL_H2A_2023_00384,SPEAKER_00,30,907.4166,910.7866,3.37,1,15,3.37,0.0,0,0.0,4.451,1.0,
VAL_H2A_2023_00384,SPEAKER_01,31,912.6756,956.0726,43.397,16,194,33.527,9.87,15,0.658,4.47,0.773,0.8148
VAL_H2A_2023_00384,SPEAKER_00,32,957.8736,962.9586,5.085,2,27,4.415,0.67,1,0.67,5.31,0.868,
VAL_H2A_2023_00384,SPEAKER_01,33,963.9526,984.8986,20.946,5,114,18.271,2.675,4,0.6687,5.443,0.872,0.8377
VAL_H2A_2023_00384,SPEAKER_00,34,985.9886,988.1686,2.18,1,13,2.18,0.0,0,0.0,5.963,1.0,
VAL_H2A_2024_00435,SPEAKER_01,1,520.7151,612.0331,91.318,38,360,59.683,31.635,37,0.855,3.942,0.654,0.7340
VAL_H2A_2024_00435,SPEAKER_00,2,615.5931,618.3731,2.78,2,17,2.05,0.73,1,0.73,6.115,0.737,
VAL_H2A_2024_00435,SPEAKER_01,3,619.5181,675.4831,55.965,25,245,38.2231,17.7419,24,0.7392,4.378,0.683,0.7124
VAL_H2A_2024_00435,SPEAKER_00,4,677.8281,679.3981,1.57,1,12,1.57,0.0,0,0.0,7.643,1.0,
VAL_H2A_2024_00435,SPEAKER_01,5,680.5621,810.9081,130.346,46,461,78.109,52.237,45,1.1608,3.537,0.599,0.7274
VAL_H2A_2024_00435,SPEAKER_00,6,815.2111,819.7211,4.51,1,30,4.51,0.0,0,0.0,6.652,1.0,
VAL_H2A_2024_00435,SPEAKER_01,7,820.7531,927.5561,106.803,41,481,69.028,37.775,40,0.9444,4.504,0.646,0.7986
VAL_H2A_2024_00435,SPEAKER_00,8,930.1161,933.3661,3.25,2,15,2.9,0.35,1,0.35,4.615,0.892,
VAL_H2A_2024_00435,SPEAKER_01,9,935.0841,1036.63,101.5459,39,447,62.3288,39.2171,38,1.032,4.402,0.614,0.7408
VAL_H2B_2020_00119,SPEAKER_00,1,494.3046,616.2026,121.898,45,519,83.808,38.09,44,0.8657,4.258,0.688,0.8092
VAL_H2B_2020_00119,SPEAKER_01,2,617.7566,620.2406,2.484,1,17,2.484,0.0,0,0.0,6.844,1.0,
VAL_H2B_2020_00119,SPEAKER_00,3,621.0026,628.4626,7.46,5,30,5.45,2.01,4,0.5025,4.021,0.731,0.8550
VAL_H2B_2020_00119,SPEAKER_01,4,628.7356,631.0996,2.364,1,18,2.364,0.0,0,0.0,7.614,1.0,
VAL_H2B_2020_00119,SPEAKER_00,5,631.5556,647.8856,16.33,6,58,11.968,4.362,5,0.8724,3.552,0.733,0.8587
VAL_H2B_2020_00119,SPEAKER_01,6,648.6866,651.3876,2.701,1,16,2.701,0.0,0,0.0,5.924,1.0,
VAL_H2B_2020_00119,SPEAKER_00,7,652.0086,778.4216,126.413,57,475,80.421,45.992,56,0.8213,3.758,0.636,0.8110
VAL_H2B_2020_00119,SPEAKER_01,8,780.5916,783.4916,2.9,1,16,2.9,0.0,0,0.0,5.517,1.0,
VAL_H2B_2020_00119,SPEAKER_00,9,783.5636,840.6096,57.046,26,221,39.104,17.942,25,0.7177,3.874,0.685,0.8030
VAL_H2B_2020_00119,SPEAKER_01,10,843.2866,845.3066,2.02,1,6,2.02,0.0,0,0.0,2.97,1.0,
VAL_H2B_2020_00119,SPEAKER_00,11,846.1676,942.8326,96.665,41,414,71.563,25.102,40,0.6276,4.283,0.74,0.8073
VAL_H2B_2020_00119,SPEAKER_01,12,944.5226,948.7126,4.19,1,22,4.19,0.0,0,0.0,5.251,1.0,
VAL_H2B_2020_00119,SPEAKER_00,13,949.1646,988.1066,38.942,16,155,26.494,12.448,15,0.8299,3.98,0.68,0.8151
VAL_H2B_2020_00156,SPEAKER_00,1,626.3946,640.8146,14.42,7,34,7.11,7.31,6,1.2183,2.358,0.493,
VAL_H2B_2020_00156,SPEAKER_01,2,642.3856,715.9096,73.524,26,331,49.8,23.724,25,0.949,4.502,0.677,0.5635
VAL_H2B_2020_00156,SPEAKER_00,3,716.2696,724.0566,7.787,6,24,4.931,2.856,5,0.5712,3.082,0.633,
VAL_H2B_2020_00156,SPEAKER_01,4,724.1366,729.0766,4.94,2,31,4.38,0.56,1,0.56,6.275,0.887,0.4013
VAL_H2B_2020_00156,SPEAKER_00,5,729.3416,730.0016,0.66,1,7,0.66,0.0,0,0.0,10.606,1.0,
VAL_H2B_2020_00156,SPEAKER_01,6,730.5226,743.9726,13.45,3,87,12.248,1.202,2,0.601,6.468,0.911,0.5208
VAL_H2B_2020_00156,SPEAKER_00,7,745.4926,751.5956,6.103,2,13,4.343,1.76,1,1.76,2.13,0.712,
VAL_H2B_2020_00156,SPEAKER_01,8,752.1756,759.5786,7.403,2,34,7.083,0.32,1,0.32,4.593,0.957,0.5864
VAL_H2B_2020_00156,SPEAKER_00,9,759.7986,760.1686,0.37,1,2,0.37,0.0,0,0.0,5.405,1.0,
VAL_H2B_2020_00156,SPEAKER_01,10,760.7896,771.2216,10.432,4,33,6.595,3.837,3,1.279,3.163,0.632,0.6643
VAL_H2B_2020_00156,SPEAKER_00,11,771.2416,773.8226,2.581,2,16,2.2,0.381,1,0.381,6.199,0.852,
VAL_H2B_2020_00156,SPEAKER_01,12,776.2246,864.6056,88.381,37,332,57.664,30.717,36,0.8532,3.756,0.652,0.6165
VAL_H2B_2020_00156,SPEAKER_00,13,865.5576,865.9876,0.43,1,5,0.43,0.0,0,0.0,11.628,1.0,
VAL_H2B_2020_00156,SPEAKER_01,14,866.0386,867.3396,1.301,2,12,1.051,0.25,1,0.25,9.224,0.808,0.4416
VAL_H2B_2020_00156,SPEAKER_00,15,869.0806,880.1576,11.077,6,37,5.672,5.405,5,1.081,3.34,0.512,
VAL_H2B_2020_00156,SPEAKER_01,16,881.1886,1016.8796,135.691,45,596,96.629,39.062,44,0.8878,4.392,0.712,0.5532
VAL_H2B_2020_00156,SPEAKER_00,17,1017.1006,1017.4406,0.34,1,3,0.34,0.0,0,0.0,8.824,1.0,
VAL_H2B_2020_00156,SPEAKER_01,18,1018.4986,1089.0616,70.563,25,385,54.42,16.143,24,0.6726,5.456,0.771,0.4890
VAL_H2B_2020_00156,SPEAKER_00,19,1091.5336,1093.4836,1.95,1,14,1.95,0.0,0,0.0,7.179,1.0,
VAL_H2B_2020_00156,SPEAKER_01,20,1093.9966,1197.0386,103.042,38,573,79.3169,23.7251,37,0.6412,5.561,0.77,0.4747
VAL_H2B_2020_00156,SPEAKER_00,21,1197.9086,1203.5516,5.643,3,20,3.663,1.98,2,0.99,3.544,0.649,
VAL_H2B_2020_00156,SPEAKER_01,22,1203.9326,1227.8596,23.927,10,125,16.053,7.874,9,0.8749,5.224,0.671,0.5998
VAL_H2B_2020_00156,SPEAKER_00,23,1228.0416,1229.1816,1.14,1,8,1.14,0.0,0,0.0,7.018,1.0,
VAL_H2B_2020_00156,SPEAKER_01,24,1229.3516,1249.7676,20.416,10,76,15.608,4.808,9,0.5342,3.723,0.764,0.6731
VAL_H2B_2020_008,SPEAKER_00,1,502.2236,583.0086,80.785,36,292,50.6371,30.1479,35,0.8614,3.615,0.627,0.7394
VAL_H2B_2020_008,SPEAKER_01,2,584.6356,589.1986,4.563,2,23,4.283,0.28,1,0.28,5.041,0.939,
VAL_H2B_2020_008,SPEAKER_00,3,589.2386,694.9976,105.759,41,399,70.686,35.073,40,0.8768,3.773,0.668,0.7547
VAL_H2B_2020_008,SPEAKER_01,4,697.0996,709.3616,12.262,4,56,8.85,3.412,3,1.1373,4.567,0.722,
VAL_H2B_2020_008,SPEAKER_00,5,710.2776,847.9006,137.623,47,572,102.089,35.534,46,0.7725,4.156,0.742,0.7565
VAL_H2B_2020_008,SPEAKER_01,6,849.4846,856.7846,7.3,2,45,6.86,0.44,1,0.44,6.164,0.94,
VAL_H2B_2020_008,SPEAKER_00,7,857.7496,1001.8726,144.123,49,686,107.713,36.41,48,0.7585,4.76,0.747,0.7137
VAL_H2B_2021_0060,SPEAKER_01,1,382.4904,409.0774,26.587,13,133,19.831,6.756,12,0.563,5.002,0.746,0.7180
VAL_H2B_2021_0060,SPEAKER_00,2,409.1624,410.2424,1.08,1,3,1.08,0.0,0,0.0,2.778,1.0,
VAL_H2B_2021_0060,SPEAKER_01,3,410.9034,436.2154,25.312,12,101,16.311,9.001,11,0.8183,3.99,0.644,0.6645
VAL_H2B_2021_0060,SPEAKER_00,4,437.1164,439.0464,1.93,2,10,1.05,0.88,1,0.88,5.181,0.544,
VAL_H2B_2021_0060,SPEAKER_01,5,439.9674,463.5594,23.592,10,98,13.48,10.112,9,1.1236,4.154,0.571,0.6373
VAL_H2B_2021_0060,SPEAKER_00,6,464.3234,466.1134,1.79,2,14,1.49,0.3,1,0.3,7.821,0.832,
VAL_H2B_2021_0060,SPEAKER_01,7,471.1824,566.6754,95.493,30,556,79.368,16.125,29,0.556,5.822,0.831,0.6782
VAL_H2B_2021_0060,SPEAKER_00,8,566.7484,570.1904,3.442,3,18,1.9,1.542,2,0.771,5.23,0.552,
VAL_H2B_2021_0060,SPEAKER_01,9,571.3494,577.2834,5.934,3,25,5.033,0.901,2,0.4505,4.213,0.848,0.7728
VAL_H2B_2021_0060,SPEAKER_00,10,578.1944,579.8764,1.682,1,11,1.682,0.0,0,0.0,6.54,1.0,
VAL_H2B_2021_0060,SPEAKER_01,11,580.4764,590.8284,10.352,3,58,9.112,1.24,2,0.62,5.603,0.88,0.6660
VAL_H2B_2021_0060,SPEAKER_00,12,592.3444,594.0264,1.682,1,13,1.682,0.0,0,0.0,7.729,1.0,
VAL_H2B_2021_0060,SPEAKER_01,13,594.9274,604.0024,9.075,5,57,7.391,1.684,4,0.421,6.281,0.814,0.5386
VAL_H2B_2021_0060,SPEAKER_00,14,604.4924,610.9564,6.464,4,38,4.651,1.813,3,0.6043,5.879,0.72,
VAL_H2B_2021_0060,SPEAKER_01,15,611.9824,715.3954,103.413,34,608,84.282,19.131,33,0.5797,5.879,0.815,0.6800
VAL_H2B_2021_0060,SPEAKER_00,16,715.9554,719.2454,3.29,2,26,3.0,0.29,1,0.29,7.903,0.912,
VAL_H2B_2021_0060,SPEAKER_01,17,720.0194,742.5284,22.509,13,100,14.446,8.063,12,0.6719,4.443,0.642,0.6780
VAL_H2B_2021_0060,SPEAKER_00,18,743.2384,743.7384,0.5,1,5,0.5,0.0,0,0.0,10.0,1.0,
VAL_H2B_2021_0060,SPEAKER_01,19,743.8114,756.0314,12.22,4,89,10.568,1.652,3,0.5507,7.283,0.865,0.6621
VAL_H2B_2021_0060,SPEAKER_00,20,756.0724,759.6624,3.59,1,15,3.59,0.0,0,0.0,4.178,1.0,
VAL_H2B_2021_0060,SPEAKER_01,21,759.8384,761.0604,1.222,1,9,1.222,0.0,0,0.0,7.365,1.0,0.3519
VAL_H2B_2021_0060,SPEAKER_00,22,762.0224,763.7324,1.71,1,11,1.71,0.0,0,0.0,6.433,1.0,
VAL_H2B_2022_009,SPEAKER_01,1,677.564,722.508,44.944,16,216,33.28,11.664,15,0.7776,4.806,0.74,0.6984
VAL_H2B_2022_009,SPEAKER_00,2,722.92,725.77,2.85,1,16,2.85,0.0,0,0.0,5.614,1.0,
VAL_H2B_2022_009,SPEAKER_01,3,726.762,736.494,9.732,4,44,7.955,1.777,3,0.5923,4.521,0.817,0.7411
VAL_H2B_2022_009,SPEAKER_00,4,737.244,739.516,2.272,1,16,2.272,0.0,0,0.0,7.042,1.0,
VAL_H2B_2022_009,SPEAKER_01,5,739.536,769.911,30.375,10,154,23.429,6.946,9,0.7718,5.07,0.771,0.7208
VAL_H2B_2022_009,SPEAKER_00,6,770.712,772.972,2.26,1,17,2.26,0.0,0,0.0,7.522,1.0,
VAL_H2B_2022_009,SPEAKER_01,7,774.214,797.621,23.407,7,132,17.845,5.562,6,0.927,5.639,0.762,0.6251
VAL_H2B_2022_009,SPEAKER_00,8,798.092,802.943,4.851,3,26,3.271,1.58,2,0.79,5.36,0.674,
VAL_H2B_2022_009,SPEAKER_01,9,803.593,832.96,29.367,10,106,24.047,5.32,9,0.5911,3.609,0.819,0.7653
VAL_H2B_2022_009,SPEAKER_00,10,833.29,833.72,0.43,1,4,0.43,0.0,0,0.0,9.302,1.0,
VAL_H2B_2022_009,SPEAKER_01,11,834.942,870.708,35.766,18,138,22.396,13.37,17,0.7865,3.858,0.626,0.7345
VAL_H2B_2022_009,SPEAKER_00,12,871.535,875.375,3.84,3,26,3.16,0.68,2,0.34,6.771,0.823,
VAL_H2B_2022_009,SPEAKER_01,13,875.456,878.557,3.101,2,17,2.841,0.26,1,0.26,5.482,0.916,0.6381
VAL_H2B_2022_009,SPEAKER_00,14,879.437,880.147,0.71,1,7,0.71,0.0,0,0.0,9.859,1.0,
VAL_H2B_2022_009,SPEAKER_01,15,880.978,918.284,37.306,12,110,25.142,12.164,11,1.1058,2.949,0.674,0.7850
VAL_H2B_2022_009,SPEAKER_00,16,920.235,921.875,1.64,1,12,1.64,0.0,0,0.0,7.317,1.0,
VAL_H2B_2022_009,SPEAKER_01,17,922.017,958.5,36.483,11,204,27.923,8.56,10,0.856,5.592,0.765,0.6503
VAL_H2B_2022_009,SPEAKER_00,18,958.781,959.461,0.68,1,4,0.68,0.0,0,0.0,5.882,1.0,
VAL_H2B_2022_009,SPEAKER_01,19,959.751,992.616,32.865,9,151,24.709,8.156,8,1.0195,4.595,0.752,0.7017
VAL_H2B_2022_009,SPEAKER_00,20,993.296,994.436,1.14,1,11,1.14,0.0,0,0.0,9.649,1.0,
VAL_H2B_2022_009,SPEAKER_01,21,994.677,1022.824,28.147,8,138,19.725,8.422,7,1.2031,4.903,0.701,0.7628
VAL_H2B_2022_009,SPEAKER_00,22,1022.844,1023.714,0.87,1,5,0.87,0.0,0,0.0,5.747,1.0,
VAL_H2B_2022_009,SPEAKER_01,23,1024.605,1035.831,11.226,4,45,5.462,5.764,3,1.9213,4.009,0.487,0.5465
VAL_H2B_2022_009,SPEAKER_00,24,1035.871,1036.171,0.3,1,0,0.3,0.0,0,0.0,0.0,1.0,
VAL_H2B_2022_009,SPEAKER_01,25,1036.631,1036.881,0.25,1,1,0.25,0.0,0,0.0,4.0,1.0,
VAL_H2B_2022_009,SPEAKER_00,26,1037.312,1037.752,0.44,1,0,0.44,0.0,0,0.0,0.0,1.0,
VAL_H2B_2022_009,SPEAKER_01,27,1038.67,1101.724,63.054,19,273,46.25,16.804,18,0.9336,4.33,0.733,0.7203
VAL_H2B_2022_009,SPEAKER_00,28,1102.366,1102.776,0.41,1,4,0.41,0.0,0,0.0,9.756,1.0,
VAL_H2B_2022_009,SPEAKER_01,29,1103.047,1119.409,16.362,4,100,13.178,3.184,3,1.0613,6.112,0.805,0.6424
VAL_H2B_2022_009,SPEAKER_00,30,1122.53,1125.01,2.48,1,17,2.48,0.0,0,0.0,6.855,1.0,
VAL_H2B_2022_009,SPEAKER_01,31,1125.183,1125.763,0.58,1,6,0.58,0.0,0,0.0,10.345,1.0,0.4723
VAL_H2B_2022_009,SPEAKER_00,32,1125.924,1126.164,0.24,1,1,0.24,0.0,0,0.0,4.167,1.0,
VAL_H2B_2022_009,SPEAKER_01,33,1126.244,1141.995,15.751,6,91,12.284,3.467,5,0.6934,5.777,0.78,0.6088
VAL_H2B_2022_009,SPEAKER_00,34,1143.106,1143.606,0.5,1,7,0.5,0.0,0,0.0,14.0,1.0,
VAL_H2B_2022_009,SPEAKER_01,35,1143.706,1161.211,17.505,6,104,14.137,3.368,5,0.6736,5.941,0.808,0.5691
VAL_H2B_2022_009,SPEAKER_00,36,1162.592,1167.092,4.5,2,13,3.94,0.56,1,0.56,2.889,0.876,
VAL_H2B_2022_009,SPEAKER_01,37,1169.379,1244.401,75.022,21,426,60.056,14.966,20,0.7483,5.678,0.801,0.7078
VAL_H2B_2022_009,SPEAKER_00,38,1245.674,1251.156,5.482,3,29,4.602,0.88,2,0.44,5.29,0.839,
VAL_H2B_2022_009,SPEAKER_01,39,1251.887,1354.428,102.541,38,452,73.318,29.223,37,0.7898,4.408,0.715,0.7043
VAL_H2B_2023_00255,SPEAKER_01,1,464.2838,518.5138,54.23,24,231,34.221,20.009,23,0.87,4.26,0.631,0.7067
VAL_H2B_2023_00255,SPEAKER_00,2,519.4238,522.7268,3.303,1,18,3.303,0.0,0,0.0,5.45,1.0,
VAL_H2B_2023_00255,SPEAKER_01,3,525.0098,548.5398,23.53,11,108,16.4241,7.1059,10,0.7106,4.59,0.698,0.7632
VAL_H2B_2023_00255,SPEAKER_00,4,548.6918,549.3328,0.641,1,1,0.641,0.0,0,0.0,1.56,1.0,
VAL_H2B_2023_00255,SPEAKER_01,5,550.6398,564.3998,13.76,7,74,9.54,4.22,6,0.7033,5.378,0.693,0.6767
VAL_H2B_2023_00255,SPEAKER_00,6,564.8878,566.5178,1.63,1,15,1.63,0.0,0,0.0,9.202,1.0,
VAL_H2B_2023_00255,SPEAKER_01,7,567.0488,604.2498,37.201,15,165,24.661,12.54,14,0.8957,4.435,0.663,0.7171
VAL_H2B_2023_00255,SPEAKER_00,8,604.9808,617.2328,12.252,3,58,10.141,2.111,2,1.0555,4.734,0.828,
VAL_H2B_2023_00255,SPEAKER_01,9,618.6838,635.7188,17.035,8,40,8.78,8.255,7,1.1793,2.348,0.515,0.8135
VAL_H2B_2023_00255,SPEAKER_00,10,638.0388,640.1198,2.081,2,15,1.81,0.271,1,0.271,7.208,0.87,
VAL_H2B_2023_00255,SPEAKER_01,11,641.0608,669.7228,28.662,15,128,19.076,9.586,14,0.6847,4.466,0.666,0.7956
VAL_H2B_2023_00255,SPEAKER_00,12,672.7828,675.2648,2.482,1,14,2.482,0.0,0,0.0,5.641,1.0,
VAL_H2B_2023_00255,SPEAKER_01,13,676.4258,677.0358,0.61,1,6,0.61,0.0,0,0.0,9.836,1.0,0.7990
VAL_H2B_2023_00255,SPEAKER_00,14,678.6148,680.7558,2.141,1,7,2.141,0.0,0,0.0,3.27,1.0,
VAL_H2B_2023_00255,SPEAKER_01,15,682.0358,717.4688,35.433,15,152,24.994,10.439,14,0.7456,4.29,0.705,0.7144
VAL_H2B_2023_00255,SPEAKER_00,16,719.4988,731.2228,11.724,8,33,7.61,4.114,7,0.5877,2.815,0.649,
VAL_H2B_2023_00255,SPEAKER_01,17,735.7258,736.5378,0.812,1,6,0.812,0.0,0,0.0,7.389,1.0,0.6103
VAL_H2B_2023_00255,SPEAKER_00,18,737.6898,748.6998,11.01,5,46,8.51,2.5,4,0.625,4.178,0.773,
VAL_H2B_2023_00255,SPEAKER_01,19,750.1778,780.9988,30.821,12,153,23.848,6.973,11,0.6339,4.964,0.774,0.7799
VAL_H2B_2023_00255,SPEAKER_00,20,783.0488,785.0188,1.97,2,11,1.69,0.28,1,0.28,5.584,0.858,
VAL_H2B_2023_00255,SPEAKER_01,21,786.1008,822.5778,36.477,15,181,26.581,9.896,14,0.7069,4.962,0.729,0.7741
VAL_H2B_2023_00255,SPEAKER_00,22,823.0098,825.9198,2.91,1,21,2.91,0.0,0,0.0,7.216,1.0,
VAL_H2B_2023_00255,SPEAKER_01,23,827.4128,859.3078,31.895,12,115,21.194,10.701,11,0.9728,3.606,0.664,0.7785
VAL_H2B_2023_00255,SPEAKER_00,24,861.3148,862.3448,1.03,1,7,1.03,0.0,0,0.0,6.796,1.0,
VAL_H2B_2023_00255,SPEAKER_01,25,862.8958,885.4698,22.574,10,47,10.833,11.741,9,1.3046,2.082,0.48,0.8557
VAL_H2B_2023_00255,SPEAKER_00,26,887.1628,888.5828,1.42,1,10,1.42,0.0,0,0.0,7.042,1.0,
VAL_H2B_2023_00255,SPEAKER_01,27,889.2838,926.6408,37.357,16,130,23.408,13.949,15,0.9299,3.48,0.627,0.7341
VAL_H2B_2023_00391,SPEAKER_00,1,498.1395,521.2355,23.096,10,133,19.174,3.922,9,0.4358,5.759,0.83,0.7944
VAL_H2B_2023_00391,SPEAKER_01,2,522.3515,535.1415,12.79,4,68,11.89,0.9,3,0.3,5.317,0.93,
VAL_H2B_2023_00391,SPEAKER_00,3,536.0425,571.9005,35.858,12,180,29.872,5.986,11,0.5442,5.02,0.833,0.7902
VAL_H2B_2023_00391,SPEAKER_01,4,573.3015,585.1055,11.804,5,59,10.234,1.57,4,0.3925,4.998,0.867,
VAL_H2B_2023_00391,SPEAKER_00,5,585.9265,626.3854,40.4589,17,193,30.0549,10.404,16,0.6502,4.77,0.743,0.7830
VAL_H2B_2023_00391,SPEAKER_01,6,627.8235,651.8385,24.015,10,126,19.945,4.07,9,0.4522,5.247,0.831,
VAL_H2B_2023_00391,SPEAKER_00,7,652.6035,721.0405,68.437,27,325,54.645,13.792,26,0.5305,4.749,0.798,0.7750
VAL_H2B_2023_00391,SPEAKER_01,8,723.2455,740.8585,17.613,6,78,14.973,2.64,5,0.528,4.429,0.85,
VAL_H2B_2023_00391,SPEAKER_00,9,741.6005,812.8035,71.203,26,340,53.128,18.075,25,0.723,4.775,0.746,0.8163
VAL_H2B_2023_00391,SPEAKER_01,10,816.0985,820.2885,4.19,2,10,3.52,0.67,1,0.67,2.387,0.84,
VAL_H2B_2023_00391,SPEAKER_00,11,821.5725,856.2045,34.632,11,181,28.748,5.884,10,0.5884,5.226,0.83,0.7530
VAL_H2B_2023_00391,SPEAKER_01,12,857.5395,866.7105,9.171,4,43,7.81,1.361,3,0.4537,4.689,0.852,
VAL_H2B_2023_00391,SPEAKER_00,13,867.3645,908.4505,41.086,17,206,30.875,10.211,16,0.6382,5.014,0.751,0.7954
VAL_H2B_2023_00391,SPEAKER_01,14,910.1455,917.7755,7.63,3,35,6.26,1.37,2,0.685,4.587,0.82,
VAL_H2B_2023_00391,SPEAKER_00,15,918.3295,968.7655,50.436,21,230,38.697,11.739,20,0.587,4.56,0.767,0.8327
VAL_H2B_2023_00391,SPEAKER_01,16,968.8165,974.4465,5.63,2,22,5.0,0.63,1,0.63,3.908,0.888,
VAL_H2B_2023_00391,SPEAKER_00,17,975.6385,995.3605,19.722,12,79,13.653,6.069,11,0.5517,4.006,0.692,0.8376
VAL_H2B_2025_00623,SPEAKER_01,1,472.9941,700.1371,227.143,86,1069,154.725,72.418,85,0.852,4.706,0.681,0.6628
VAL_H2B_2025_00623,SPEAKER_00,2,700.8671,702.1971,1.33,2,5,0.95,0.38,1,0.38,3.759,0.714,
VAL_H2B_2025_00623,SPEAKER_01,3,703.1331,712.4981,9.365,3,39,6.733,2.632,2,1.316,4.164,0.719,0.5678
VAL_H2B_2025_00623,SPEAKER_00,4,714.0791,722.0431,7.964,3,19,6.784,1.18,2,0.59,2.386,0.852,
VAL_H2B_2025_00623,SPEAKER_01,5,722.9631,943.8081,220.845,80,937,142.222,78.623,79,0.9952,4.243,0.644,0.6850
VAL_H2B_2025_00683,SPEAKER_00,1,531.4819,557.5609,26.079,12,123,17.699,8.38,11,0.7618,4.716,0.679,0.7535
VAL_H2B_2025_00683,SPEAKER_01,2,558.5739,560.8339,2.26,1,15,2.26,0.0,0,0.0,6.637,1.0,
VAL_H2B_2025_00683,SPEAKER_00,3,561.2749,587.7059,26.431,8,141,19.973,6.458,7,0.9226,5.335,0.756,0.7631
VAL_H2B_2025_00683,SPEAKER_01,4,589.7079,591.1299,1.422,1,10,1.422,0.0,0,0.0,7.032,1.0,
VAL_H2B_2025_00683,SPEAKER_00,5,591.3599,601.7589,10.399,5,57,7.739,2.66,4,0.665,5.481,0.744,0.7472
VAL_H2B_2025_00683,SPEAKER_01,6,603.7129,605.8429,2.13,1,20,2.13,0.0,0,0.0,9.39,1.0,
VAL_H2B_2025_00683,SPEAKER_00,7,606.5739,621.2649,14.691,4,81,10.841,3.85,3,1.2833,5.514,0.738,0.7657
VAL_H2B_2025_00683,SPEAKER_01,8,623.1399,632.7559,9.616,3,47,8.124,1.492,2,0.746,4.888,0.845,
VAL_H2B_2025_00683,SPEAKER_00,9,633.0169,654.3239,21.307,6,96,16.81,4.497,5,0.8994,4.506,0.789,0.7110
VAL_H2B_2025_00683,SPEAKER_01,10,655.7879,660.392,4.6041,2,30,4.3431,0.261,1,0.261,6.516,0.943,
VAL_H2B_2025_00683,SPEAKER_00,11,660.7719,668.5189,7.747,3,53,6.626,1.121,2,0.5605,6.841,0.855,0.6506
VAL_H2B_2025_00683,SPEAKER_01,12,670.2409,685.4039,15.163,6,61,8.665,6.498,5,1.2996,4.023,0.571,
VAL_H2B_2025_00683,SPEAKER_00,13,685.4239,693.2109,7.787,2,60,7.397,0.39,1,0.39,7.705,0.95,0.7440
VAL_H2B_2025_00683,SPEAKER_01,14,694.1919,714.5049,20.313,6,75,12.712,7.601,5,1.5202,3.692,0.626,
VAL_H2B_2025_00683,SPEAKER_00,15,714.5669,736.5559,21.989,9,116,16.822,5.167,8,0.6459,5.275,0.765,0.7341
VAL_H2B_2025_00683,SPEAKER_01,16,736.6029,737.2229,0.62,1,7,0.62,0.0,0,0.0,11.29,1.0,
VAL_H2B_2025_00683,SPEAKER_00,17,738.5939,763.8819,25.288,12,120,18.854,6.434,11,0.5849,4.745,0.746,0.7692
VAL_H2B_2025_00683,SPEAKER_01,18,764.8019,770.0899,5.288,2,23,3.55,1.738,1,1.738,4.349,0.671,
VAL_H2B_2025_00683,SPEAKER_00,19,770.5119,808.0289,37.517,14,161,25.148,12.369,13,0.9515,4.291,0.67,0.7578
VAL_H2B_2025_00683,SPEAKER_01,20,810.3719,814.5459,4.174,2,19,3.434,0.74,1,0.74,4.552,0.823,
VAL_H2B_2025_00683,SPEAKER_00,21,816.0849,882.2139,66.129,22,333,47.02,19.109,21,0.91,5.036,0.711,0.7493
VAL_H2B_2025_00683,SPEAKER_01,22,883.9949,887.9149,3.92,1,34,3.92,0.0,0,0.0,8.673,1.0,
VAL_H2B_2025_00683,SPEAKER_00,23,889.6559,914.4929,24.837,8,122,17.672,7.165,7,1.0236,4.912,0.712,0.7735
VAL_H2B_2025_00683,SPEAKER_01,24,915.3909,923.8449,8.454,2,36,7.674,0.78,1,0.78,4.258,0.908,
VAL_H2B_2025_00683,SPEAKER_00,25,923.8989,933.7669,9.868,3,48,8.298,1.57,2,0.785,4.864,0.841,0.7592
VAL_H2B_2025_00683,SPEAKER_01,26,937.0949,942.1449,5.05,1,34,5.05,0.0,0,0.0,6.733,1.0,
VAL_H2B_2025_00683,SPEAKER_00,27,943.1399,963.7059,20.566,7,101,16.879,3.687,6,0.6145,4.911,0.821,0.7424
VAL_H2B_2025_00683,SPEAKER_01,28,965.2349,969.9959,4.761,1,37,4.761,0.0,0,0.0,7.771,1.0,
VAL_H2B_2025_00683,SPEAKER_00,29,971.1189,978.4239,7.305,4,37,4.955,2.35,3,0.7833,5.065,0.678,0.8093
VAL_H2B_2025_00683,SPEAKER_01,30,979.1839,981.1649,1.981,2,8,0.931,1.05,1,1.05,4.038,0.47,
VAL_H2B_2025_00683,SPEAKER_00,31,981.2849,988.1299,6.845,2,55,6.545,0.3,1,0.3,8.035,0.956,0.6380
VAL_H2B_2025_00683,SPEAKER_01,32,988.4299,1000.1009,11.671,4,82,10.023,1.648,3,0.5493,7.026,0.859,
VAL_H2B_2025_00683,SPEAKER_00,33,1001.8019,1038.1359,36.334,13,167,27.143,9.191,12,0.7659,4.596,0.747,0.7126
VAL_H2B_2025_00683,SPEAKER_01,34,1040.8349,1048.9729,8.138,3,28,5.63,2.508,2,1.254,3.441,0.692,
VAL_H2B_2025_00683,SPEAKER_00,35,1049.2269,1052.952,3.7251,1,16,3.7251,0.0,0,0.0,4.295,1.0,0.6586
VAL_H2B_2025_00683,SPEAKER_01,36,1054.2339,1055.6039,1.37,1,13,1.37,0.0,0,0.0,9.489,1.0,
VAL_H2B_2025_00683,SPEAKER_00,37,1055.6559,1061.2639,5.608,2,22,5.318,0.29,1,0.29,3.923,0.948,0.7664
VAL_H2B_2026_00626,SPEAKER_00,1,557.007,668.9,111.893,32,503,88.889,23.004,31,0.7421,4.495,0.794,0.7438
VAL_H2B_2026_00626,SPEAKER_01,2,670.201,676.081,5.88,1,34,5.88,0.0,0,0.0,5.782,1.0,
VAL_H2B_2026_00626,SPEAKER_00,3,677.048,735.819,58.771,16,248,49.526,9.245,15,0.6163,4.22,0.843,0.7833
VAL_H2B_2026_00626,SPEAKER_01,4,738.041,742.531,4.49,1,25,4.49,0.0,0,0.0,5.568,1.0,
VAL_H2B_2026_00626,SPEAKER_00,5,743.323,792.562,49.239,16,214,39.021,10.218,15,0.6812,4.346,0.792,0.6675
VAL_H2B_2026_00626,SPEAKER_01,6,794.352,796.132,1.78,1,13,1.78,0.0,0,0.0,7.303,1.0,
VAL_H2B_2026_00626,SPEAKER_00,7,797.424,807.394,9.97,2,45,9.57,0.4,1,0.4,4.514,0.96,0.6874
VAL_H2B_2026_00626,SPEAKER_01,8,809.347,812.8689,3.5219,1,21,3.5219,0.0,0,0.0,5.963,1.0,
VAL_H2B_2026_00626,SPEAKER_00,9,813.66,822.034,8.374,1,47,8.374,0.0,0,0.0,5.613,1.0,0.7424
VAL_H2B_2026_00626,SPEAKER_01,10,822.924,823.494,0.57,1,3,0.57,0.0,0,0.0,5.263,1.0,
VAL_H2B_2026_00626,SPEAKER_00,11,824.505,870.55,46.045,13,192,29.983,16.062,12,1.3385,4.17,0.651,0.7213
VAL_H2B_2026_00626,SPEAKER_01,12,871.67,875.11,3.44,1,17,3.44,0.0,0,0.0,4.942,1.0,
VAL_H2B_2026_00626,SPEAKER_00,13,877.192,901.467,24.275,9,85,17.398,6.877,8,0.8596,3.502,0.717,0.7947
VAL_H2B_2026_00626,SPEAKER_01,14,902.317,909.487,7.17,3,31,4.71,2.46,2,1.23,4.324,0.657,
VAL_H2B_2026_00626,SPEAKER_00,15,910.64,919.79,9.15,3,52,7.6,1.55,2,0.775,5.683,0.831,0.6156
VAL_H2B_2026_00626,SPEAKER_01,16,921.712,923.896,2.184,2,8,1.401,0.783,1,0.783,3.663,0.641,
VAL_H2B_2026_00626,SPEAKER_00,17,924.587,946.843,22.256,8,90,17.746,4.51,7,0.6443,4.044,0.797,0.7602
VAL_H2B_2026_00626,SPEAKER_01,18,948.036,950.856,2.82,1,17,2.82,0.0,0,0.0,6.028,1.0,
VAL_H2B_2026_00626,SPEAKER_00,19,952.748,983.778,31.03,8,134,25.422,5.608,7,0.8011,4.318,0.819,0.8215
VAL_H2B_2026_00626,SPEAKER_01,20,985.088,987.108,2.02,1,16,2.02,0.0,0,0.0,7.921,1.0,
VAL_H2B_2026_00626,SPEAKER_00,21,988.841,998.667,9.826,1,62,9.826,0.0,0,0.0,6.31,1.0,0.7935
VAL_H2B_2026_00626,SPEAKER_01,22,1000.377,1001.977,1.6,1,11,1.6,0.0,0,0.0,6.875,1.0,
VAL_H2B_2026_00626,SPEAKER_00,23,1002.996,1021.317,18.321,7,79,13.271,5.05,6,0.8417,4.312,0.724,0.8661
VAL_H2B_2026_00626,SPEAKER_01,24,1021.75,1023.66,1.91,1,13,1.91,0.0,0,0.0,6.806,1.0,
VAL_H2B_2026_00626,SPEAKER_00,25,1024.84,1036.159,11.319,3,50,9.512,1.807,2,0.9035,4.417,0.84,0.7293
VAL_H2B_2026_00626,SPEAKER_01,26,1038.939,1040.36,1.421,1,10,1.421,0.0,0,0.0,7.037,1.0,
VAL_H2B_2026_00626,SPEAKER_00,27,1041.801,1058.284,16.483,3,82,12.872,3.611,2,1.8055,4.975,0.781,0.7758
VAL_H2B_2026_00626,SPEAKER_01,28,1061.75,1065.054,3.304,1,23,3.304,0.0,0,0.0,6.961,1.0,
VAL_H2B_2026_00626,SPEAKER_00,29,1066.415,1113.472,47.057,12,201,38.4469,8.6101,11,0.7827,4.271,0.817,0.7435
VAL_H2M_2020_00119,SPEAKER_01,1,494.3689,616.2419,121.873,47,502,85.11,36.763,46,0.7992,4.119,0.698,0.8262
VAL_H2M_2020_00119,SPEAKER_00,2,617.7919,620.2759,2.484,1,17,2.484,0.0,0,0.0,6.844,1.0,
VAL_H2M_2020_00119,SPEAKER_01,3,621.0369,628.4969,7.46,5,30,5.68,1.78,4,0.445,4.021,0.761,0.8617
VAL_H2M_2020_00119,SPEAKER_00,4,628.7679,631.1319,2.364,1,18,2.364,0.0,0,0.0,7.614,1.0,
VAL_H2M_2020_00119,SPEAKER_01,5,631.5889,647.9169,16.328,7,58,11.677,4.651,6,0.7752,3.552,0.715,0.8425
VAL_H2M_2020_00119,SPEAKER_00,6,648.7169,651.4179,2.701,1,16,2.701,0.0,0,0.0,5.924,1.0,
VAL_H2M_2020_00119,SPEAKER_01,7,652.0389,778.4479,126.409,55,473,80.685,45.724,54,0.8467,3.742,0.638,0.7600
VAL_H2M_2020_00119,SPEAKER_00,8,780.6279,783.5399,2.912,1,16,2.912,0.0,0,0.0,5.495,1.0,
VAL_H2M_2020_00119,SPEAKER_01,9,783.5999,840.6889,57.089,25,221,38.94,18.149,24,0.7562,3.871,0.682,0.8136
VAL_H2M_2020_00119,SPEAKER_00,10,843.3019,845.3419,2.04,1,6,2.04,0.0,0,0.0,2.941,1.0,
VAL_H2M_2020_00119,SPEAKER_01,11,846.2029,942.8259,96.623,42,413,70.048,26.575,41,0.6482,4.274,0.725,0.8270
VAL_H2M_2020_00119,SPEAKER_00,12,944.5789,948.7589,4.18,1,22,4.18,0.0,0,0.0,5.263,1.0,
VAL_H2M_2020_00119,SPEAKER_01,13,949.2059,988.0089,38.803,16,155,26.379,12.424,15,0.8283,3.995,0.68,0.8265
VAL_H2M_2021_0025,SPEAKER_00,1,447.173,483.411,36.238,13,198,27.333,8.905,12,0.7421,5.464,0.754,0.6284
VAL_H2M_2021_0025,SPEAKER_01,2,484.983,496.297,11.314,4,48,7.09,4.224,3,1.408,4.243,0.627,
VAL_H2M_2021_0025,SPEAKER_00,3,498.712,557.513,58.801,16,301,42.592,16.209,15,1.0806,5.119,0.724,0.6693
VAL_H2M_2021_0025,SPEAKER_01,4,590.204,596.064,5.86,2,31,4.83,1.03,1,1.03,5.29,0.824,
VAL_H2M_2021_0025,SPEAKER_00,5,596.567,601.018,4.451,3,27,3.16,1.291,2,0.6455,6.066,0.71,0.5705
VAL_H2M_2021_0025,SPEAKER_01,6,604.13,610.613,6.483,4,23,5.143,1.34,3,0.4467,3.548,0.793,
VAL_H2M_2021_0025,SPEAKER_00,7,610.693,714.868,104.175,32,511,75.703,28.472,31,0.9185,4.905,0.727,0.7332
VAL_H2M_2021_0025,SPEAKER_01,8,718.818,719.668,0.85,1,2,0.85,0.0,0,0.0,2.353,1.0,
VAL_H2M_2021_0025,SPEAKER_00,9,719.879,751.568,31.689,10,174,25.093,6.596,9,0.7329,5.491,0.792,0.7161
VAL_H2M_2021_0025,SPEAKER_01,10,755.928,762.67,6.742,3,34,5.282,1.46,2,0.73,5.043,0.783,
VAL_H2M_2021_0025,SPEAKER_00,11,763.15,836.855,73.705,21,422,56.339,17.366,20,0.8683,5.726,0.764,0.6605
VAL_H2M_2021_0025,SPEAKER_01,12,838.319,851.004,12.685,4,71,10.471,2.214,3,0.738,5.597,0.825,
VAL_H2M_2021_0025,SPEAKER_00,13,851.057,890.183,39.126,12,187,28.595,10.531,11,0.9574,4.779,0.731,0.7139
VAL_H2M_2021_0026,SPEAKER_01,1,508.0518,525.6308,17.579,7,89,12.859,4.72,6,0.7867,5.063,0.731,0.7552
VAL_H2M_2021_0026,SPEAKER_00,2,527.1418,532.6848,5.543,3,26,4.683,0.86,2,0.43,4.691,0.845,
VAL_H2M_2021_0026,SPEAKER_01,3,533.3248,573.0707,39.7459,14,204,29.2039,10.542,13,0.8109,5.133,0.735,0.7950
VAL_H2M_2021_0026,SPEAKER_00,4,574.3728,576.3538,1.981,1,8,1.981,0.0,0,0.0,4.038,1.0,
VAL_H2M_2021_0026,SPEAKER_01,5,577.3348,584.8218,7.487,3,37,6.247,1.24,2,0.62,4.942,0.834,0.8323
VAL_H2M_2021_0026,SPEAKER_00,6,586.0278,594.7178,8.69,2,39,7.42,1.27,1,1.27,4.488,0.854,
VAL_H2M_2021_0026,SPEAKER_01,7,595.2198,655.9428,60.723,20,275,46.264,14.459,19,0.761,4.529,0.762,0.8040
VAL_H2M_2021_0026,SPEAKER_00,8,657.9438,665.3838,7.44,3,36,6.7,0.74,2,0.37,4.839,0.901,
VAL_H2M_2021_0026,SPEAKER_01,9,666.1498,690.6178,24.468,12,69,14.525,9.943,11,0.9039,2.82,0.594,0.7425
VAL_H2M_2021_0026,SPEAKER_00,10,694.3598,707.1978,12.838,6,43,9.514,3.324,5,0.6648,3.349,0.741,
VAL_H2M_2021_0026,SPEAKER_01,11,708.5898,728.8958,20.306,6,92,14.096,6.21,5,1.242,4.531,0.694,0.8306
VAL_H2M_2021_0026,SPEAKER_00,12,732.7998,756.0898,23.29,11,92,17.03,6.26,10,0.626,3.95,0.731,
VAL_H2M_2021_0026,SPEAKER_01,13,757.0238,855.9178,98.894,30,460,75.19,23.704,29,0.8174,4.651,0.76,0.7756
VAL_H2M_2021_0026,SPEAKER_00,14,859.1198,868.2658,9.146,5,37,5.635,3.511,4,0.8778,4.045,0.616,
VAL_H2M_2021_0026,SPEAKER_01,15,868.4458,882.8468,14.401,4,81,9.991,4.41,3,1.47,5.625,0.694,0.7121
VAL_H2M_2021_0026,SPEAKER_00,16,886.8248,891.5148,4.69,2,21,4.0,0.69,1,0.69,4.478,0.853,
VAL_H2M_2021_0026,SPEAKER_01,17,894.6418,896.6038,1.962,2,16,1.492,0.47,1,0.47,8.155,0.76,0.7040
VAL_H2M_2021_0026,SPEAKER_00,18,898.7798,907.5498,8.77,6,13,3.51,5.26,5,1.052,1.482,0.4,
VAL_H2M_2021_0026,SPEAKER_01,19,908.4678,925.3968,16.929,4,104,15.065,1.864,3,0.6213,6.143,0.89,0.7094
VAL_H2M_2021_0026,SPEAKER_00,20,927.5928,934.0748,6.482,4,19,3.821,2.661,3,0.887,2.931,0.589,
VAL_H2M_2021_0026,SPEAKER_01,21,935.1748,955.4808,20.306,6,98,14.922,5.384,5,1.0768,4.826,0.735,0.8213
VAL_H2M_2021_0026,SPEAKER_00,22,957.7078,963.0708,5.363,2,25,4.933,0.43,1,0.43,4.662,0.92,
VAL_H2M_2021_0026,SPEAKER_01,23,964.1908,1001.7138,37.523,13,162,26.651,10.872,12,0.906,4.317,0.71,0.7785
VAL_H2M_2021_0026,SPEAKER_00,24,1002.8168,1007.2148,4.398,2,19,3.738,0.66,1,0.66,4.32,0.85,
VAL_H2M_2021_0026,SPEAKER_01,25,1007.7558,1015.7288,7.973,2,50,7.593,0.38,1,0.38,6.271,0.952,0.7505
VAL_H2M_2021_0028,SPEAKER_01,1,486.7312,529.3392,42.608,14,185,31.534,11.074,13,0.8518,4.342,0.74,0.7039
VAL_H2M_2021_0028,SPEAKER_00,2,531.2392,532.2892,1.05,1,9,1.05,0.0,0,0.0,8.571,1.0,
VAL_H2M_2021_0028,SPEAKER_01,3,533.1412,542.6332,9.492,4,32,5.922,3.57,3,1.19,3.371,0.624,0.6458
VAL_H2M_2021_0028,SPEAKER_00,4,543.7062,545.3672,1.661,1,10,1.661,0.0,0,0.0,6.02,1.0,
VAL_H2M_2021_0028,SPEAKER_01,5,546.7982,555.6702,8.872,4,37,7.2,1.672,3,0.5573,4.17,0.812,0.7570
VAL_H2M_2021_0028,SPEAKER_00,6,557.0412,559.2612,2.22,1,19,2.22,0.0,0,0.0,8.559,1.0,
VAL_H2M_2021_0028,SPEAKER_01,7,560.3022,566.4442,6.142,4,25,4.611,1.531,3,0.5103,4.07,0.751,0.8356
VAL_H2M_2021_0028,SPEAKER_00,8,568.2542,570.0242,1.77,1,14,1.77,0.0,0,0.0,7.91,1.0,
VAL_H2M_2021_0028,SPEAKER_01,9,571.7062,574.8162,3.11,2,18,2.34,0.77,1,0.77,5.788,0.752,0.7407
VAL_H2M_2021_0028,SPEAKER_00,10,575.7572,576.3872,0.63,1,6,0.63,0.0,0,0.0,9.524,1.0,
VAL_H2M_2021_0028,SPEAKER_01,11,577.7892,588.3712,10.582,5,35,7.99,2.592,4,0.648,3.308,0.755,0.7262
VAL_H2M_2021_0028,SPEAKER_00,12,589.1812,590.3112,1.13,1,8,1.13,0.0,0,0.0,7.08,1.0,
VAL_H2M_2021_0028,SPEAKER_01,13,590.9722,598.0632,7.091,4,41,5.731,1.36,3,0.4533,5.782,0.808,0.7992
VAL_H2M_2021_0028,SPEAKER_00,14,599.4432,600.8632,1.42,1,12,1.42,0.0,0,0.0,8.451,1.0,
VAL_H2M_2021_0028,SPEAKER_01,15,605.2142,605.9352,0.721,1,6,0.721,0.0,0,0.0,8.322,1.0,0.6390
VAL_H2M_2021_0028,SPEAKER_00,16,606.9942,607.8842,0.89,1,8,0.89,0.0,0,0.0,8.989,1.0,
VAL_H2M_2021_0028,SPEAKER_01,17,608.6352,609.5052,0.87,1,11,0.87,0.0,0,0.0,12.644,1.0,0.6477
VAL_H2M_2021_0028,SPEAKER_00,18,610.9162,612.4362,1.52,1,10,1.52,0.0,0,0.0,6.579,1.0,
VAL_H2M_2021_0028,SPEAKER_01,19,613.4182,622.8712,9.453,5,38,7.573,1.88,4,0.47,4.02,0.801,0.8803
VAL_H2M_2021_0028,SPEAKER_00,20,624.0042,630.0262,6.022,4,17,2.96,3.062,3,1.0207,2.823,0.492,
VAL_H2M_2021_0028,SPEAKER_01,21,630.3472,634.4882,4.141,3,25,3.05,1.091,2,0.5455,6.037,0.737,0.6250
VAL_H2M_2021_0028,SPEAKER_00,22,637.0582,640.3082,3.25,2,16,2.33,0.92,1,0.92,4.923,0.717,
VAL_H2M_2021_0028,SPEAKER_01,23,641.8302,652.9832,11.153,4,49,7.632,3.521,3,1.1737,4.393,0.684,0.7074
VAL_H2M_2021_0028,SPEAKER_00,24,655.0752,660.0772,5.002,3,34,4.381,0.621,2,0.3105,6.797,0.876,
VAL_H2M_2021_0028,SPEAKER_01,25,661.5972,687.2752,25.678,9,129,19.463,6.215,8,0.7769,5.024,0.758,0.7121
VAL_H2M_2021_0028,SPEAKER_00,26,689.2152,690.8452,1.63,1,13,1.63,0.0,0,0.0,7.975,1.0,
VAL_H2M_2021_0028,SPEAKER_01,27,691.6172,727.1992,35.582,14,123,21.968,13.614,13,1.0472,3.457,0.617,0.7943
VAL_H2M_2021_0028,SPEAKER_00,28,729.4192,735.2792,5.86,3,12,1.81,4.05,2,2.025,2.048,0.309,
VAL_H2M_2021_0028,SPEAKER_01,29,736.9812,738.3422,1.361,2,6,0.961,0.4,1,0.4,4.409,0.706,0.1795
VAL_H2M_2021_0028,SPEAKER_00,30,738.3822,739.5522,1.17,2,10,0.74,0.43,1,0.43,8.547,0.632,
VAL_H2M_2021_0028,SPEAKER_01,31,739.6022,778.4332,38.831,14,164,23.511,15.32,13,1.1785,4.223,0.605,0.6827
VAL_H2M_2021_0028,SPEAKER_00,32,782.7822,787.4522,4.67,2,16,2.32,2.35,1,2.35,3.426,0.497,
VAL_H2M_2021_0028,SPEAKER_01,33,787.9762,815.4882,27.512,10,118,19.771,7.741,9,0.8601,4.289,0.719,0.7024
VAL_H2M_2021_0028,SPEAKER_00,34,815.8802,816.3102,0.43,1,4,0.43,0.0,0,0.0,9.302,1.0,
VAL_H2M_2021_0028,SPEAKER_01,35,816.7012,819.3532,2.652,2,16,2.16,0.492,1,0.492,6.033,0.814,0.7012
VAL_H2M_2021_0028,SPEAKER_00,36,821.2252,842.6632,21.438,8,89,13.826,7.612,7,1.0874,4.152,0.645,
VAL_H2M_2021_0028,SPEAKER_01,37,843.7752,856.7702,12.995,4,67,9.38,3.615,3,1.205,5.156,0.722,0.8111
VAL_H2M_2021_0028,SPEAKER_00,38,857.5312,870.0062,12.475,6,55,8.767,3.708,5,0.7416,4.409,0.703,
VAL_H2M_2021_0028,SPEAKER_01,39,871.7072,895.9522,24.245,6,132,20.732,3.513,5,0.7026,5.444,0.855,0.7006
VAL_H2M_2021_0028,SPEAKER_00,40,899.0732,900.0832,1.01,1,8,1.01,0.0,0,0.0,7.921,1.0,
VAL_H2M_2021_0028,SPEAKER_01,41,901.1032,921.8962,20.793,10,67,13.25,7.543,9,0.8381,3.222,0.637,0.7596
VAL_H2M_2021_0028,SPEAKER_00,42,923.6022,925.6522,2.05,2,10,0.72,1.33,1,1.33,4.878,0.351,
VAL_H2M_2021_0028,SPEAKER_01,43,925.7032,948.6392,22.936,7,91,17.74,5.196,6,0.866,3.968,0.773,0.7033
VAL_H2M_2021_0028,SPEAKER_00,44,949.7812,950.6522,0.871,1,10,0.871,0.0,0,0.0,11.481,1.0,
VAL_H2M_2021_0028,SPEAKER_01,45,951.6942,973.1205,21.4263,10,98,17.4823,3.944,9,0.4382,4.574,0.816,0.7755
VAL_H2M_2021_0030,SPEAKER_01,1,522.3622,576.2892,53.927,18,277,41.72,12.207,17,0.7181,5.137,0.774,0.7726
VAL_H2M_2021_0030,SPEAKER_00,2,577.3822,590.4382,13.056,4,71,11.585,1.471,3,0.4903,5.438,0.887,
VAL_H2M_2021_0030,SPEAKER_01,3,591.3502,614.5922,23.242,10,69,15.659,7.583,9,0.8426,2.969,0.674,0.8790
VAL_H2M_2021_0030,SPEAKER_00,4,618.0932,620.1342,2.041,1,18,2.041,0.0,0,0.0,8.819,1.0,
VAL_H2M_2021_0030,SPEAKER_01,5,621.7752,628.3112,6.536,3,22,4.523,2.013,2,1.0065,3.366,0.692,0.8432
VAL_H2M_2021_0030,SPEAKER_00,6,628.5712,632.8732,4.302,2,28,3.291,1.011,1,1.011,6.509,0.765,
VAL_H2M_2021_0030,SPEAKER_01,7,633.1732,646.9012,13.728,7,57,9.952,3.776,6,0.6293,4.152,0.725,0.7934
VAL_H2M_2021_0030,SPEAKER_00,8,649.0542,656.4192,7.365,2,45,6.705,0.66,1,0.66,6.11,0.91,
VAL_H2M_2021_0030,SPEAKER_01,9,656.4392,699.6772,43.238,13,156,31.577,11.661,12,0.9718,3.608,0.73,0.7512
VAL_H2M_2021_0030,SPEAKER_00,10,699.9632,701.7642,1.801,1,8,1.801,0.0,0,0.0,4.442,1.0,
VAL_H2M_2021_0030,SPEAKER_01,11,702.1452,714.9952,12.85,5,68,10.99,1.86,4,0.465,5.292,0.855,0.7689
VAL_H2M_2021_0030,SPEAKER_00,12,716.4812,719.0912,2.61,2,19,2.36,0.25,1,0.25,7.28,0.904,
VAL_H2M_2021_0030,SPEAKER_01,13,719.2432,736.8262,17.583,5,95,14.26,3.323,4,0.8308,5.403,0.811,0.8470
VAL_H2M_2021_0030,SPEAKER_00,14,738.3792,744.9642,6.585,3,34,5.555,1.03,2,0.515,5.163,0.844,
VAL_H2M_2021_0030,SPEAKER_01,15,745.4772,801.0282,55.551,18,318,42.1939,13.3571,17,0.7857,5.724,0.76,0.7528
VAL_H2M_2021_0030,SPEAKER_00,16,801.4682,803.2882,1.82,1,16,1.82,0.0,0,0.0,8.791,1.0,
VAL_H2M_2021_0030,SPEAKER_01,17,804.0042,881.1302,77.126,29,269,52.753,24.373,28,0.8705,3.488,0.684,0.8022
VAL_H2M_2021_0030,SPEAKER_00,18,881.8602,882.6312,0.771,1,7,0.771,0.0,0,0.0,9.079,1.0,
VAL_H2M_2021_0030,SPEAKER_01,19,882.6512,883.1612,0.51,1,7,0.51,0.0,0,0.0,13.725,1.0,0.3840
VAL_H2M_2021_0030,SPEAKER_00,20,884.1912,885.0812,0.89,1,8,0.89,0.0,0,0.0,8.989,1.0,
VAL_H2M_2021_0030,SPEAKER_01,21,885.9322,892.0342,6.102,2,36,5.412,0.69,1,0.69,5.9,0.887,0.8074
VAL_H2M_2021_0030,SPEAKER_00,22,892.3852,898.3962,6.011,1,44,6.011,0.0,0,0.0,7.32,1.0,
VAL_H2M_2021_0030,SPEAKER_01,23,898.9572,925.5842,26.627,10,115,20.129,6.498,9,0.722,4.319,0.756,0.8002
VAL_H2M_2021_0030,SPEAKER_00,24,927.9742,930.3342,2.36,1,5,2.36,0.0,0,0.0,2.119,1.0,
VAL_H2M_2021_0030,SPEAKER_01,25,933.1992,963.4652,30.266,10,113,21.006,9.26,9,1.0289,3.734,0.694,0.7426
VAL_H2M_2021_0030,SPEAKER_00,26,964.5252,964.8852,0.36,1,3,0.36,0.0,0,0.0,8.333,1.0,
VAL_H2M_2021_0030,SPEAKER_01,27,965.2252,988.7332,23.508,8,100,16.625,6.883,7,0.9833,4.254,0.707,0.7078
VAL_H2M_2021_0030,SPEAKER_00,28,990.4792,994.4692,3.99,3,10,1.97,2.02,2,1.01,2.506,0.494,
VAL_H2M_2021_0030,SPEAKER_01,29,996.4732,1003.5562,7.083,2,34,6.583,0.5,1,0.5,4.8,0.929,0.7139
VAL_H2M_2021_0030,SPEAKER_00,30,1003.9362,1004.2162,0.28,1,3,0.28,0.0,0,0.0,10.714,1.0,
VAL_H2M_2021_0030,SPEAKER_01,31,1006.0172,1043.0922,37.075,12,209,27.5471,9.5279,11,0.8662,5.637,0.743,0.7704
VAL_H2M_2023_00268,SPEAKER_01,1,488.5079,491.0679,2.56,2,20,2.24,0.32,1,0.32,7.812,0.875,
VAL_H2M_2023_00268,SPEAKER_00,2,491.7209,576.8229,85.102,22,372,69.329,15.773,21,0.7511,4.371,0.815,0.7634
VAL_H2M_2023_00268,SPEAKER_01,3,577.2889,595.5529,18.264,6,105,15.719,2.545,5,0.509,5.749,0.861,
VAL_H2M_2023_00268,SPEAKER_00,4,595.6649,619.7969,24.132,7,102,20.372,3.76,6,0.6267,4.227,0.844,0.7857
VAL_H2M_2023_00268,SPEAKER_01,5,620.7699,633.8729,13.103,4,62,11.693,1.41,3,0.47,4.732,0.892,
VAL_H2M_2023_00268,SPEAKER_00,6,636.3929,694.5799,58.187,18,272,45.538,12.649,17,0.7441,4.675,0.783,0.7544
VAL_H2M_2023_00268,SPEAKER_01,7,696.7579,712.7209,15.963,4,76,14.774,1.189,3,0.3963,4.761,0.926,
VAL_H2M_2023_00268,SPEAKER_00,8,713.2249,804.9009,91.676,29,359,72.527,19.149,28,0.6839,3.916,0.791,0.7952
VAL_H2M_2023_00268,SPEAKER_01,9,805.8519,846.0379,40.186,8,217,37.502,2.684,7,0.3834,5.4,0.933,
VAL_H2M_2023_00268,SPEAKER_00,10,846.6989,930.1119,83.413,26,363,69.759,13.654,25,0.5462,4.352,0.836,0.7826
VAL_H2M_2023_00268,SPEAKER_01,11,930.5239,945.8889,15.365,3,81,14.285,1.08,2,0.54,5.272,0.93,
VAL_H2M_2023_00268,SPEAKER_00,12,946.1289,975.2749,29.146,7,99,22.886,6.26,6,1.0433,3.397,0.785,0.7850
VAL_H2M_2023_00275,SPEAKER_01,1,601.4214,743.2754,141.854,55,651,105.175,36.679,54,0.6792,4.589,0.741,0.7707
VAL_H2M_2023_00275,SPEAKER_00,2,744.9014,750.3544,5.453,2,33,5.213,0.24,1,0.24,6.052,0.956,
VAL_H2M_2023_00275,SPEAKER_01,3,750.4854,758.3394,7.854,4,30,5.983,1.871,3,0.6237,3.82,0.762,0.8134
VAL_H2M_2023_00275,SPEAKER_00,4,758.9514,767.7524,8.801,3,52,7.261,1.54,2,0.77,5.908,0.825,
VAL_H2M_2023_00275,SPEAKER_01,5,768.0784,782.7134,14.635,6,76,11.215,3.42,5,0.684,5.193,0.766,0.7962
VAL_H2M_2023_00275,SPEAKER_00,6,782.8144,786.7864,3.972,1,22,3.972,0.0,0,0.0,5.539,1.0,
VAL_H2M_2023_00275,SPEAKER_01,7,787.6974,822.1184,34.421,15,162,26.048,8.373,14,0.5981,4.706,0.757,0.7420
VAL_H2M_2023_00275,SPEAKER_00,8,822.7884,830.3004,7.512,3,33,6.171,1.341,2,0.6705,4.393,0.821,
VAL_H2M_2023_00275,SPEAKER_01,9,831.6074,853.6094,22.002,7,103,17.735,4.267,6,0.7112,4.681,0.806,0.8088
VAL_H2M_2023_00275,SPEAKER_00,10,853.8994,856.8104,2.911,2,17,2.39,0.521,1,0.521,5.84,0.821,
VAL_H2M_2023_00275,SPEAKER_01,11,857.1614,874.1114,16.95,8,95,13.232,3.718,7,0.5311,5.605,0.781,0.8086
VAL_H2M_2023_00275,SPEAKER_00,12,874.3814,880.5224,6.141,3,32,5.151,0.99,2,0.495,5.211,0.839,
VAL_H2M_2023_00275,SPEAKER_01,13,880.8234,881.7134,0.89,1,6,0.89,0.0,0,0.0,6.742,1.0,0.7157
VAL_H2M_2023_00275,SPEAKER_00,14,882.3244,887.4454,5.121,2,25,4.621,0.5,1,0.5,4.882,0.902,
VAL_H2M_2023_00275,SPEAKER_01,15,888.2164,933.6024,45.386,18,208,35.657,9.729,17,0.5723,4.583,0.786,0.8029
VAL_H2M_2023_00275,SPEAKER_00,16,934.3224,936.7924,2.47,1,17,2.47,0.0,0,0.0,6.883,1.0,
VAL_H2M_2023_00275,SPEAKER_01,17,936.9454,941.7774,4.832,2,32,3.86,0.972,1,0.972,6.623,0.799,0.6333
VAL_H2M_2023_00275,SPEAKER_00,18,942.8504,950.8144,7.964,3,56,7.013,0.951,2,0.4755,7.032,0.881,
VAL_H2M_2023_00275,SPEAKER_01,19,950.8344,950.9844,0.15,1,1,0.15,0.0,0,0.0,6.667,1.0,
VAL_H2M_2023_00275,SPEAKER_00,20,951.1344,953.4844,2.35,2,10,2.0,0.35,1,0.35,4.255,0.851,
VAL_H2M_2023_00275,SPEAKER_01,21,953.9554,993.5784,39.623,13,215,32.285,7.338,12,0.6115,5.426,0.815,0.7258
VAL_H2M_2023_00275,SPEAKER_00,22,993.9384,994.9384,1.0,1,8,1.0,0.0,0,0.0,8.0,1.0,
VAL_H2M_2023_00275,SPEAKER_01,23,995.9194,1125.9404,130.021,54,642,95.702,34.319,53,0.6475,4.938,0.736,0.7329
VAL_H2M_2023_00275,SPEAKER_00,24,1126.5944,1127.0944,0.5,1,4,0.5,0.0,0,0.0,8.0,1.0,
VAL_H2M_2023_00275,SPEAKER_01,25,1127.2154,1128.7964,1.581,1,11,1.581,0.0,0,0.0,6.958,1.0,0.4781
VAL_H2M_2023_00275,SPEAKER_00,26,1128.8864,1135.5864,6.7,5,17,2.68,4.02,4,1.005,2.537,0.4,
VAL_H2M_2023_00275,SPEAKER_01,27,1136.5014,1136.7314,0.23,1,1,0.23,0.0,0,0.0,4.348,1.0,0.5560
VAL_H2M_2023_00275,SPEAKER_00,28,1138.2234,1138.8834,0.66,1,5,0.66,0.0,0,0.0,7.576,1.0,
VAL_H2M_2023_00275,SPEAKER_01,29,1139.3434,1150.0074,10.664,6,45,7.43,3.234,5,0.6468,4.22,0.697,0.8243
VAL_H2M_2023_00275,SPEAKER_00,30,1150.1884,1163.3234,13.135,4,58,9.651,3.484,3,1.1613,4.416,0.735,
VAL_H2M_2023_00275,SPEAKER_01,31,1163.3934,1173.0214,9.628,7,46,6.832,2.796,6,0.466,4.778,0.71,0.7218
VAL_H2M_2023_00275,SPEAKER_00,32,1173.2124,1180.3174,7.105,4,39,5.501,1.604,3,0.5347,5.489,0.774,
VAL_H2M_2023_00275,SPEAKER_01,33,1180.3574,1202.0144,21.657,9,109,16.873,4.784,8,0.598,5.033,0.779,0.6847
VAL_H2M_2024_00464,SPEAKER_01,1,582.3615,607.3785,25.017,8,85,16.707,8.31,7,1.1871,3.398,0.668,0.8021
VAL_H2M_2024_00464,SPEAKER_00,2,609.2095,611.9795,2.77,2,15,2.06,0.71,1,0.71,5.415,0.744,
VAL_H2M_2024_00464,SPEAKER_01,3,614.6025,694.2565,79.654,23,262,53.247,26.407,22,1.2003,3.289,0.668,0.7831
VAL_H2M_2024_00464,SPEAKER_00,4,696.1085,700.6985,4.59,2,9,2.7,1.89,1,1.89,1.961,0.588,
VAL_H2M_2024_00464,SPEAKER_01,5,702.2105,890.9235,188.713,64,623,127.886,60.827,63,0.9655,3.301,0.678,0.7894
VAL_H2M_2024_00464,SPEAKER_00,6,892.9455,896.2275,3.282,1,15,3.282,0.0,0,0.0,4.57,1.0,
VAL_H2M_2024_00464,SPEAKER_01,7,898.3525,1004.1385,105.786,37,316,66.779,39.007,36,1.0835,2.987,0.631,0.7660
VAL_H2M_2024_00464,SPEAKER_00,8,1006.6985,1015.6685,8.97,3,34,7.23,1.74,2,0.87,3.79,0.806,
VAL_H2M_2024_00464,SPEAKER_01,9,1015.9015,1094.0585,78.157,30,280,51.817,26.34,29,0.9083,3.583,0.663,0.7320
VAL_H2M_2024_00464,SPEAKER_00,10,1096.7195,1106.0095,9.29,5,26,5.5,3.79,4,0.9475,2.799,0.592,
VAL_H2M_2024_00464,SPEAKER_01,11,1108.6945,1161.7325,53.038,15,166,32.696,20.342,14,1.453,3.13,0.616,0.7344
VAL_H2M_2026_00625,SPEAKER_01,1,613.8849,622.7269,8.842,5,28,4.602,4.24,4,1.06,3.167,0.52,0.7467
VAL_H2M_2026_00625,SPEAKER_00,2,624.1079,630.1989,6.091,2,24,5.241,0.85,1,0.85,3.94,0.86,
VAL_H2M_2026_00625,SPEAKER_01,3,632.6899,692.7829,60.093,23,216,41.013,19.08,22,0.8673,3.594,0.682,0.7163
VAL_H2M_2026_00625,SPEAKER_00,4,693.4429,695.3229,1.88,1,10,1.88,0.0,0,0.0,5.319,1.0,
VAL_H2M_2026_00625,SPEAKER_01,5,697.6259,698.4759,0.85,1,7,0.85,0.0,0,0.0,8.235,1.0,0.8405
VAL_H2M_2026_00625,SPEAKER_00,6,699.9469,702.0369,2.09,1,13,2.09,0.0,0,0.0,6.22,1.0,
VAL_H2M_2026_00625,SPEAKER_01,7,705.9289,711.9889,6.06,2,19,2.44,3.62,1,3.62,3.135,0.403,0.4252
VAL_H2M_2026_00625,SPEAKER_00,8,716.6999,719.6719,2.972,1,19,2.972,0.0,0,0.0,6.393,1.0,
VAL_H2M_2026_00625,SPEAKER_01,9,720.2319,721.1019,0.87,1,6,0.87,0.0,0,0.0,6.897,1.0,0.5760
VAL_H2M_2026_00625,SPEAKER_00,10,721.9029,723.7029,1.8,1,9,1.8,0.0,0,0.0,5.0,1.0,
VAL_H2M_2026_00625,SPEAKER_01,11,725.1939,726.1339,0.94,1,6,0.94,0.0,0,0.0,6.383,1.0,0.7555
VAL_H2M_2026_00625,SPEAKER_00,12,730.0489,751.6689,21.62,6,59,12.11,9.51,5,1.902,2.729,0.56,
VAL_H2M_2026_00625,SPEAKER_01,13,757.2509,762.3909,5.14,2,27,4.87,0.27,1,0.27,5.253,0.947,0.6655
VAL_H2M_2026_00625,SPEAKER_00,14,764.2729,768.1429,3.87,2,15,2.74,1.13,1,1.13,3.876,0.708,
VAL_H2M_2026_00625,SPEAKER_01,15,773.1029,785.3569,12.254,3,30,5.061,7.193,2,3.5965,2.448,0.413,0.6792
VAL_H2M_2026_00625,SPEAKER_00,16,786.7639,788.6139,1.85,1,11,1.85,0.0,0,0.0,5.946,1.0,
VAL_H2M_2026_00625,SPEAKER_01,17,789.7059,790.2959,0.59,1,3,0.59,0.0,0,0.0,5.085,1.0,0.8960
VAL_H2M_2026_00625,SPEAKER_00,18,791.3069,792.8479,1.541,1,5,1.541,0.0,0,0.0,3.245,1.0,
VAL_H2M_2026_00625,SPEAKER_01,19,794.6689,795.7989,1.13,1,9,1.13,0.0,0,0.0,7.965,1.0,0.6428
VAL_H2M_2026_00625,SPEAKER_00,20,796.8299,799.5999,2.77,1,16,2.77,0.0,0,0.0,5.776,1.0,
VAL_H2M_2026_00625,SPEAKER_01,21,800.6739,837.0869,36.413,9,156,28.721,7.692,8,0.9615,4.284,0.789,0.7507
VAL_H2M_2026_00625,SPEAKER_00,22,838.8579,849.6519,10.794,4,44,8.831,1.963,3,0.6543,4.076,0.818,
VAL_H2M_2026_00625,SPEAKER_01,23,853.3489,907.6589,54.31,15,193,34.6381,19.6719,14,1.4051,3.554,0.638,0.7311
VAL_H2M_2026_00625,SPEAKER_00,24,908.3899,913.9599,5.57,2,21,5.05,0.52,1,0.52,3.77,0.907,
VAL_H2M_2026_00625,SPEAKER_01,25,914.7329,915.2429,0.51,1,4,0.51,0.0,0,0.0,7.843,1.0,0.3990
VAL_H2M_2026_00625,SPEAKER_00,26,916.6629,918.5349,1.872,1,13,1.872,0.0,0,0.0,6.944,1.0,
VAL_H2M_2026_00625,SPEAKER_01,27,921.3359,943.7629,22.427,8,70,14.443,7.984,7,1.1406,3.121,0.644,0.6890
VAL_H2M_2026_00625,SPEAKER_00,28,945.6569,952.5999,6.943,1,34,6.943,0.0,0,0.0,4.897,1.0,
VAL_H2M_2026_00625,SPEAKER_01,29,954.1199,962.8309,8.711,3,28,4.67,4.041,2,2.0205,3.214,0.536,0.6465
VAL_H2M_2026_00625,SPEAKER_00,30,964.6119,967.9619,3.35,1,18,3.35,0.0,0,0.0,5.373,1.0,
VAL_H2M_2026_00625,SPEAKER_01,31,969.6729,974.2429,4.57,1,30,4.57,0.0,0,0.0,6.565,1.0,0.3259
VAL_H2M_2026_00625,SPEAKER_00,32,976.0539,979.9549,3.901,1,24,3.901,0.0,0,0.0,6.152,1.0,
VAL_H2M_2026_00625,SPEAKER_01,33,979.9949,981.9449,1.95,1,10,1.95,0.0,0,0.0,5.128,1.0,0.3247
VAL_H2M_2026_00625,SPEAKER_00,34,986.3159,990.8169,4.501,2,20,4.231,0.27,1,0.27,4.443,0.94,
VAL_H2M_2026_00625,SPEAKER_01,35,991.1689,992.9489,1.78,1,11,1.78,0.0,0,0.0,6.18,1.0,0.4791
VAL_H2M_2026_00625,SPEAKER_00,36,993.4699,994.8699,1.4,1,5,1.4,0.0,0,0.0,3.571,1.0,
VAL_H2M_2026_00625,SPEAKER_01,37,995.5109,1002.5329,7.022,2,30,6.702,0.32,1,0.32,4.272,0.954,0.7786
VAL_H2M_2026_00625,SPEAKER_00,38,1004.4529,1012.7569,8.304,3,37,7.591,0.713,2,0.3565,4.456,0.914,
VAL_H2M_2026_00625,SPEAKER_01,39,1014.7369,1052.4569,37.72,16,139,25.335,12.385,15,0.8257,3.685,0.672,0.7722
VAL_H2M_2026_00625,SPEAKER_00,40,1053.2789,1055.8089,2.53,1,16,2.53,0.0,0,0.0,6.324,1.0,
VAL_H2M_2026_00625,SPEAKER_01,41,1061.2539,1116.4599,55.206,18,167,34.862,20.344,17,1.1967,3.025,0.631,0.7693
VAL_H2M_2026_00625,SPEAKER_00,42,1117.7839,1120.0849,2.301,1,11,2.301,0.0,0,0.0,4.781,1.0,
VAL_H2M_2026_00625,SPEAKER_01,43,1121.7749,1122.5949,0.82,1,6,0.82,0.0,0,0.0,7.317,1.0,0.7623
VAL_H2M_2026_00625,SPEAKER_00,44,1123.5859,1124.7469,1.161,1,6,1.161,0.0,0,0.0,5.168,1.0,
VAL_H2M_2026_00625,SPEAKER_01,45,1125.5069,1127.2079,1.701,1,6,1.701,0.0,0,0.0,3.527,1.0,0.5826
VAL_H2M_2026_00625,SPEAKER_00,46,1128.9879,1130.47,1.4821,1,6,1.4821,0.0,0,0.0,4.048,1.0,
VAL_H2M_2026_00625,SPEAKER_01,47,1131.3499,1131.4899,0.14,1,1,0.14,0.0,0,0.0,7.143,1.0,0.7110
VAL_H2M_2026_00625,SPEAKER_00,48,1132.7309,1133.5109,0.78,1,2,0.78,0.0,0,0.0,2.564,1.0,
VAL_H2M_2026_00625,SPEAKER_01,49,1134.2819,1142.4859,8.204,2,23,6.584,1.62,1,1.62,2.804,0.803,0.7307
VAL_H2M_2026_00625,SPEAKER_00,50,1142.9859,1144.3559,1.37,1,8,1.37,0.0,0,0.0,5.839,1.0,
VAL_H2M_2026_00625,SPEAKER_01,51,1145.2679,1148.0579,2.79,2,15,2.25,0.54,1,0.54,5.376,0.806,0.6992
VAL_H2M_2026_00625,SPEAKER_00,52,1148.7989,1149.8699,1.071,1,6,1.071,0.0,0,0.0,5.602,1.0,
VAL_H2M_2026_00625,SPEAKER_01,53,1151.1309,1171.4339,20.303,7,65,11.711,8.592,6,1.432,3.201,0.577,0.7605
VAL_H2M_2026_00625,SPEAKER_00,54,1171.4539,1176.0159,4.562,2,11,1.992,2.57,1,2.57,2.411,0.437,
VAL_H2M_2026_00625,SPEAKER_01,55,1176.8959,1178.0859,1.19,2,7,0.96,0.23,1,0.23,5.882,0.807,0.5635
VAL_H2M_2026_00625,SPEAKER_00,56,1179.5069,1183.7669,4.26,1,23,4.26,0.0,0,0.0,5.399,1.0,
VAL_H2M_2026_00625,SPEAKER_01,57,1185.1489,1187.0089,1.86,2,10,1.42,0.44,1,0.44,5.376,0.763,0.7083
VAL_H2M_2026_00625,SPEAKER_00,58,1189.3199,1190.6099,1.29,1,9,1.29,0.0,0,0.0,6.977,1.0,
VAL_H2M_2026_00625,SPEAKER_01,59,1193.7489,1227.0678,33.3189,14,95,17.5209,15.798,13,1.2152,2.851,0.526,0.6754
VAL_H2M_2026_00628,SPEAKER_00,1,549.3589,588.7099,39.351,14,162,28.659,10.692,13,0.8225,4.117,0.728,0.7675
VAL_H2M_2026_00628,SPEAKER_01,2,589.7689,591.0099,1.241,1,6,1.241,0.0,0,0.0,4.835,1.0,
VAL_H2M_2026_00628,SPEAKER_00,3,592.8119,599.8969,7.085,3,30,6.135,0.95,2,0.475,4.234,0.866,0.7060
VAL_H2M_2026_00628,SPEAKER_01,4,601.0379,604.0209,2.983,1,26,2.983,0.0,0,0.0,8.716,1.0,
VAL_H2M_2026_00628,SPEAKER_00,5,607.5439,631.5279,23.984,6,98,17.626,6.358,5,1.2716,4.086,0.735,0.7998
VAL_H2M_2026_00628,SPEAKER_01,6,632.1719,633.8039,1.632,1,15,1.632,0.0,0,0.0,9.191,1.0,
VAL_H2M_2026_00628,SPEAKER_00,7,636.2729,656.5339,20.261,8,85,15.819,4.442,7,0.6346,4.195,0.781,0.7909
VAL_H2M_2026_00628,SPEAKER_01,8,658.1079,663.7719,5.664,2,30,4.814,0.85,1,0.85,5.297,0.85,
VAL_H2M_2026_00628,SPEAKER_00,9,665.9469,700.7799,34.833,9,128,27.705,7.128,8,0.891,3.675,0.795,0.7792
VAL_H2M_2026_00628,SPEAKER_01,10,701.9399,702.9499,1.01,1,8,1.01,0.0,0,0.0,7.921,1.0,
VAL_H2M_2026_00628,SPEAKER_00,11,704.8629,712.1679,7.305,3,33,5.545,1.76,2,0.88,4.517,0.759,0.7159
VAL_H2M_2026_00628,SPEAKER_01,12,712.2279,713.9179,1.69,1,15,1.69,0.0,0,0.0,8.876,1.0,
VAL_H2M_2026_00628,SPEAKER_00,13,714.9099,720.9399,6.03,2,18,5.68,0.35,1,0.35,2.985,0.942,0.7926
VAL_H2M_2026_00628,SPEAKER_01,14,720.9939,721.1139,0.12,1,2,0.12,0.0,0,0.0,16.667,1.0,
VAL_H2M_2026_00628,SPEAKER_00,15,721.6149,721.7749,0.16,1,2,0.16,0.0,0,0.0,12.5,1.0,0.4290
VAL_H2M_2026_00628,SPEAKER_01,16,722.8769,725.6779,2.801,1,8,2.801,0.0,0,0.0,2.856,1.0,
VAL_H2M_2026_00628,SPEAKER_00,17,725.6979,740.5749,14.877,7,36,9.23,5.647,6,0.9412,2.42,0.62,0.8757
VAL_H2M_2026_00628,SPEAKER_01,18,741.8259,746.1359,4.31,1,30,4.31,0.0,0,0.0,6.961,1.0,
VAL_H2M_2026_00628,SPEAKER_00,19,747.8699,755.5779,7.708,3,33,4.924,2.784,2,1.392,4.281,0.639,0.9056
VAL_H2M_2026_00628,SPEAKER_01,20,758.1479,759.2879,1.14,1,5,1.14,0.0,0,0.0,4.386,1.0,
VAL_H2M_2026_00628,SPEAKER_00,21,761.9229,782.2509,20.328,6,72,13.473,6.855,5,1.371,3.542,0.663,0.8164
VAL_H2M_2026_00628,SPEAKER_01,22,782.6119,786.2919,3.68,1,25,3.68,0.0,0,0.0,6.793,1.0,
VAL_H2M_2026_00628,SPEAKER_00,23,788.7129,806.3969,17.684,9,67,11.614,6.07,8,0.7587,3.789,0.657,0.8168
VAL_H2M_2026_00628,SPEAKER_01,24,807.5149,812.2049,4.69,1,23,4.69,0.0,0,0.0,4.904,1.0,
VAL_H2M_2026_00628,SPEAKER_00,25,814.1599,844.7179,30.558,11,107,22.424,8.134,10,0.8134,3.502,0.734,0.8374
VAL_H2M_2026_00628,SPEAKER_01,26,845.4699,850.8539,5.384,3,25,4.714,0.67,2,0.335,4.643,0.876,
VAL_H2M_2026_00628,SPEAKER_00,27,852.0339,882.3379,30.304,11,133,24.03,6.274,10,0.6274,4.389,0.793,0.8242
VAL_H2M_2026_00628,SPEAKER_01,28,884.6369,890.8799,6.243,2,13,4.763,1.48,1,1.48,2.082,0.763,
VAL_H2M_2026_00628,SPEAKER_00,29,893.6869,935.3929,41.706,9,190,34.559,7.147,8,0.8934,4.556,0.829,0.7642
VAL_H2M_2026_00628,SPEAKER_01,30,936.2499,937.5599,1.31,1,6,1.31,0.0,0,0.0,4.58,1.0,
VAL_H2M_2026_00628,SPEAKER_00,31,939.2629,940.3029,1.04,1,9,1.04,0.0,0,0.0,8.654,1.0,0.9312
VAL_H2M_2026_00628,SPEAKER_01,32,941.7229,944.9639,3.241,1,20,3.241,0.0,0,0.0,6.171,1.0,
VAL_H2M_2026_00628,SPEAKER_00,33,945.9649,978.4009,32.436,10,116,20.156,12.28,9,1.3644,3.576,0.621,0.7461
VAL_H2M_2026_00628,SPEAKER_01,34,979.2739,982.4239,3.15,2,14,2.53,0.62,1,0.62,4.444,0.803,
VAL_H2M_2026_00628,SPEAKER_00,35,983.8169,995.8249,12.008,4,36,10.518,1.49,3,0.4967,2.998,0.876,0.8860
VAL_H2M_2026_00628,SPEAKER_01,36,998.2849,1001.1669,2.882,1,21,2.882,0.0,0,0.0,7.287,1.0,
VAL_H2M_2026_00628,SPEAKER_00,37,1003.4089,1031.4499,28.041,10,132,21.49,6.551,9,0.7279,4.707,0.766,0.8529
VAL_H2M_2026_00628,SPEAKER_01,38,1032.0429,1035.6929,3.65,2,21,3.4,0.25,1,0.25,5.753,0.932,
VAL_H2M_2026_00628,SPEAKER_00,39,1037.2459,1051.9859,14.74,5,59,11.52,3.22,4,0.805,4.003,0.782,0.8441
VAL_H2M_2026_00628,SPEAKER_01,40,1055.4869,1063.4499,7.963,3,17,4.505,3.458,2,1.729,2.135,0.566,
VAL_H2M_2026_00628,SPEAKER_00,41,1065.5519,1077.1809,11.629,5,47,9.009,2.62,4,0.655,4.042,0.775,0.7648
VAL_H2M_2026_00628,SPEAKER_01,42,1077.5609,1078.7709,1.21,1,11,1.21,0.0,0,0.0,9.091,1.0,
VAL_H2M_2026_00628,SPEAKER_00,43,1081.2839,1096.2349,14.951,5,54,11.18,3.771,4,0.9427,3.612,0.748,0.7192
VAL_H3A_1999_00226,SPEAKER_01,1,587.5099,668.8099,81.3,34,359,60.981,20.319,33,0.6157,4.416,0.75,0.8157
VAL_H3A_1999_00226,SPEAKER_00,2,692.2919,710.5699,18.278,4,95,16.256,2.022,3,0.674,5.198,0.889,
VAL_H3A_1999_00226,SPEAKER_01,3,711.2799,931.1049,219.825,83,1052,166.529,53.296,82,0.65,4.786,0.758,0.8175
VAL_H3A_1999_00226,SPEAKER_00,4,932.3939,958.0399,25.646,10,114,17.415,8.231,9,0.9146,4.445,0.679,
VAL_H3A_1999_00226,SPEAKER_01,5,959.7449,1148.1609,188.416,60,930,149.194,39.222,59,0.6648,4.936,0.792,0.7759
VAL_H3A_1999_00231,SPEAKER_01,1,459.1386,468.8606,9.722,4,48,8.732,0.99,3,0.33,4.937,0.898,
VAL_H3A_1999_00231,SPEAKER_00,2,470.5536,550.5836,80.03,25,378,67.613,12.417,24,0.5174,4.723,0.845,0.7430
VAL_H3A_1999_00231,SPEAKER_01,3,551.6166,553.2766,1.66,1,12,1.66,0.0,0,0.0,7.229,1.0,
VAL_H3A_1999_00231,SPEAKER_00,4,555.7276,641.4896,85.762,31,345,65.362,20.4,30,0.68,4.023,0.762,0.8213
VAL_H3A_1999_00231,SPEAKER_01,5,642.5796,657.9126,15.333,6,60,10.951,4.382,5,0.8764,3.913,0.714,
VAL_H3A_1999_00231,SPEAKER_00,6,658.9436,677.2196,18.276,8,77,11.701,6.575,7,0.9393,4.213,0.64,0.7901
VAL_H3A_1999_00231,SPEAKER_01,7,678.0286,699.6446,21.616,6,101,17.755,3.861,5,0.7722,4.672,0.821,
VAL_H3A_1999_00231,SPEAKER_00,8,701.5566,826.6066,125.05,35,365,70.4221,54.6279,34,1.6067,2.919,0.563,0.7881
VAL_H3A_1999_00231,SPEAKER_01,9,828.7826,839.6526,10.87,3,42,9.81,1.06,2,0.53,3.864,0.902,
VAL_H3A_1999_00231,SPEAKER_00,10,840.5966,914.1746,73.578,33,324,55.171,18.407,32,0.5752,4.403,0.75,0.7784
VAL_H3A_2000_00235,SPEAKER_01,1,424.0904,455.2184,31.128,12,186,23.85,7.278,11,0.6616,5.975,0.766,0.7978
VAL_H3A_2000_00235,SPEAKER_00,2,456.7294,460.8394,4.11,1,24,4.11,0.0,0,0.0,5.839,1.0,
VAL_H3A_2000_00235,SPEAKER_01,3,463.6504,490.3434,26.693,8,146,20.871,5.822,7,0.8317,5.47,0.782,0.7584
VAL_H3A_2000_00235,SPEAKER_00,4,490.7764,491.1864,0.41,1,4,0.41,0.0,0,0.0,9.756,1.0,
VAL_H3A_2000_00235,SPEAKER_01,5,491.8564,497.7874,5.931,4,18,2.1,3.831,3,1.277,3.035,0.354,0.8062
VAL_H3A_2000_00235,SPEAKER_00,6,498.7174,501.5174,2.8,1,14,2.8,0.0,0,0.0,5.0,1.0,
VAL_H3A_2000_00235,SPEAKER_01,7,503.0384,530.7854,27.747,14,120,18.46,9.287,13,0.7144,4.325,0.665,0.7848
VAL_H3A_2000_00235,SPEAKER_00,8,531.3414,537.4114,6.07,1,36,6.07,0.0,0,0.0,5.931,1.0,
VAL_H3A_2000_00235,SPEAKER_01,9,538.3444,567.4094,29.065,13,137,20.488,8.577,12,0.7147,4.714,0.705,0.7874
VAL_H3A_2000_00235,SPEAKER_00,10,567.8594,574.8774,7.018,3,23,5.103,1.915,2,0.9575,3.277,0.727,
VAL_H3A_2000_00235,SPEAKER_01,11,576.0184,587.0034,10.985,3,31,6.443,4.542,2,2.271,2.822,0.587,0.4060
VAL_H3A_2000_00235,SPEAKER_00,12,588.1574,591.6474,3.49,2,17,3.15,0.34,1,0.34,4.871,0.903,
VAL_H3A_2000_00235,SPEAKER_01,13,593.5204,596.5704,3.05,1,27,3.05,0.0,0,0.0,8.852,1.0,0.8137
VAL_H3A_2000_00235,SPEAKER_00,14,597.5124,600.9124,3.4,1,24,3.4,0.0,0,0.0,7.059,1.0,
VAL_H3A_2000_00235,SPEAKER_01,15,602.7054,616.4414,13.736,6,73,9.854,3.882,5,0.7764,5.315,0.717,0.7715
VAL_H3A_2000_00235,SPEAKER_00,16,619.3374,624.1574,4.82,3,26,4.16,0.66,2,0.33,5.394,0.863,
VAL_H3A_2000_00235,SPEAKER_01,17,625.8604,645.3534,19.493,8,100,14.684,4.809,7,0.687,5.13,0.753,0.7102
VAL_H3A_2000_00235,SPEAKER_00,18,646.4154,647.4254,1.01,1,7,1.01,0.0,0,0.0,6.931,1.0,
VAL_H3A_2000_00235,SPEAKER_01,19,648.8364,665.4474,16.611,6,78,12.5,4.111,5,0.8222,4.696,0.753,0.7341
VAL_H3A_2000_00235,SPEAKER_00,20,665.8474,669.6854,3.838,2,16,2.212,1.626,1,1.626,4.169,0.576,
VAL_H3A_2000_00235,SPEAKER_01,21,670.4064,683.1834,12.777,5,71,9.377,3.4,4,0.85,5.557,0.734,0.8236
VAL_H3A_2000_00235,SPEAKER_00,22,683.7554,685.8254,2.07,1,14,2.07,0.0,0,0.0,6.763,1.0,
VAL_H3A_2000_00235,SPEAKER_01,23,686.4384,690.7884,4.35,3,24,3.18,1.17,2,0.585,5.517,0.731,0.8565
VAL_H3A_2000_00235,SPEAKER_00,24,692.9114,699.0234,6.112,1,36,6.112,0.0,0,0.0,5.89,1.0,
VAL_H3A_2000_00235,SPEAKER_01,25,699.9974,717.0764,17.079,6,119,14.597,2.482,5,0.4964,6.968,0.855,0.7467
VAL_H3A_2000_00235,SPEAKER_00,26,718.8314,722.2944,3.463,1,16,3.463,0.0,0,0.0,4.62,1.0,
VAL_H3A_2000_00235,SPEAKER_01,27,723.6594,725.3794,1.72,2,6,1.12,0.6,1,0.6,3.488,0.651,0.8660
VAL_H3A_2000_00235,SPEAKER_00,28,725.9614,733.9454,7.984,2,42,7.363,0.621,1,0.621,5.261,0.922,
VAL_H3A_2000_00235,SPEAKER_01,29,734.9074,778.0554,43.148,14,195,32.04,11.108,13,0.8545,4.519,0.743,0.8255
VAL_H3A_2000_00235,SPEAKER_00,30,778.3554,780.6754,2.32,1,17,2.32,0.0,0,0.0,7.328,1.0,
VAL_H3A_2000_00235,SPEAKER_01,31,780.7874,782.8674,2.08,2,18,1.7,0.38,1,0.38,8.654,0.817,0.5201
VAL_H3A_2000_00235,SPEAKER_00,32,784.1094,797.7724,13.663,4,67,10.746,2.917,3,0.9723,4.904,0.787,
VAL_H3A_2000_00235,SPEAKER_01,33,800.5434,818.0074,17.464,7,60,10.143,7.321,6,1.2202,3.436,0.581,0.7908
VAL_H3A_2000_00235,SPEAKER_00,34,818.6874,820.6774,1.99,1,15,1.99,0.0,0,0.0,7.538,1.0,
VAL_H3A_2000_00235,SPEAKER_01,35,821.8074,823.6174,1.81,1,16,1.81,0.0,0,0.0,8.84,1.0,0.4208
VAL_H3A_2000_00235,SPEAKER_00,36,823.7504,826.4304,2.68,1,13,2.68,0.0,0,0.0,4.851,1.0,
VAL_H3A_2000_00235,SPEAKER_01,37,827.5354,834.1954,6.66,3,43,5.78,0.88,2,0.44,6.456,0.868,0.7481
VAL_H3A_2000_00235,SPEAKER_00,38,834.5054,834.6054,0.1,1,1,0.1,0.0,0,0.0,10.0,1.0,
VAL_H3A_2000_00235,SPEAKER_01,39,835.5364,846.2014,10.665,6,58,8.002,2.663,5,0.5326,5.438,0.75,0.7349
VAL_H3A_2000_00237,SPEAKER_00,1,542.2884,835.7104,293.422,107,1260,221.248,72.174,106,0.6809,4.294,0.754,0.7530
VAL_H3A_2000_00237,SPEAKER_01,2,836.4314,838.7844,2.353,1,13,2.353,0.0,0,0.0,5.525,1.0,
VAL_H3A_2000_00237,SPEAKER_00,3,868.3074,976.6104,108.303,39,406,81.263,27.04,38,0.7116,3.749,0.75,0.7316
VAL_H3A_2000_00237,SPEAKER_01,4,977.1524,979.7024,2.55,2,11,2.17,0.38,1,0.38,4.314,0.851,
VAL_H3A_2000_00237,SPEAKER_00,5,981.4934,1073.6324,92.139,27,394,71.102,21.037,26,0.8091,4.276,0.772,0.7867
VAL_H3A_2000_00237,SPEAKER_01,6,1074.6614,1082.8354,8.174,2,42,7.29,0.884,1,0.884,5.138,0.892,
VAL_H3A_2000_00237,SPEAKER_00,7,1083.6214,1083.8434,0.222,1,3,0.222,0.0,0,0.0,13.514,1.0,
VAL_H3A_2019_00204,SPEAKER_01,1,491.1337,570.4537,79.32,27,301,56.433,22.887,26,0.8803,3.795,0.711,0.8528
VAL_H3A_2019_00204,SPEAKER_00,2,571.8947,576.2857,4.391,2,22,3.401,0.99,1,0.99,5.01,0.775,
VAL_H3A_2019_00204,SPEAKER_01,3,580.1227,690.8417,110.719,30,346,77.331,33.388,29,1.1513,3.125,0.698,0.7857
VAL_H3A_2019_00204,SPEAKER_00,4,692.8117,694.2717,1.46,1,12,1.46,0.0,0,0.0,8.219,1.0,
VAL_H3A_2019_00204,SPEAKER_01,5,695.1607,716.8207,21.66,4,85,19.29,2.37,3,0.79,3.924,0.891,0.7821
VAL_H3A_2019_00204,SPEAKER_00,6,718.4077,720.8087,2.401,1,16,2.401,0.0,0,0.0,6.664,1.0,
VAL_H3A_2019_00204,SPEAKER_01,7,722.7457,760.3897,37.644,11,171,31.1219,6.5221,10,0.6522,4.543,0.827,0.8205
VAL_H3A_2019_00204,SPEAKER_00,8,763.0507,766.0527,3.002,2,18,2.712,0.29,1,0.29,5.996,0.903,
VAL_H3A_2019_00204,SPEAKER_01,9,767.3837,770.1737,2.79,1,14,2.79,0.0,0,0.0,5.018,1.0,0.7330
VAL_H3A_2019_00204,SPEAKER_00,10,770.9157,771.3057,0.39,1,2,0.39,0.0,0,0.0,5.128,1.0,
VAL_H3A_2019_00204,SPEAKER_01,11,772.8867,803.0097,30.123,14,111,21.066,9.057,13,0.6967,3.685,0.699,0.8699
VAL_H3A_2019_00204,SPEAKER_00,12,803.9907,805.6707,1.68,1,12,1.68,0.0,0,0.0,7.143,1.0,
VAL_H3A_2019_00204,SPEAKER_01,13,806.7587,813.4627,6.704,3,36,6.044,0.66,2,0.33,5.37,0.902,0.7865
VAL_H3A_2019_00204,SPEAKER_00,14,814.7227,818.1927,3.47,1,22,3.47,0.0,0,0.0,6.34,1.0,
VAL_H3A_2019_00204,SPEAKER_01,15,820.2657,856.8857,36.62,14,113,25.455,11.165,13,0.8588,3.086,0.695,0.7870
VAL_H3A_2019_00204,SPEAKER_00,16,859.2517,863.1537,3.902,1,25,3.902,0.0,0,0.0,6.407,1.0,
VAL_H3A_2019_00204,SPEAKER_01,17,865.8887,910.0107,44.122,17,156,31.914,12.208,16,0.763,3.536,0.723,0.8585
VAL_H3A_2019_00204,SPEAKER_00,18,911.6747,917.5497,5.875,2,31,5.555,0.32,1,0.32,5.277,0.946,
VAL_H3A_2019_00204,SPEAKER_01,19,918.3697,949.9257,31.556,5,114,27.18,4.376,4,1.094,3.613,0.861,0.7554
VAL_H3A_2019_00204,SPEAKER_00,20,952.5507,954.8617,2.311,2,14,1.871,0.44,1,0.44,6.058,0.81,
VAL_H3A_2019_00204,SPEAKER_01,21,956.1347,957.4647,1.33,1,9,1.33,0.0,0,0.0,6.767,1.0,0.6883
VAL_H3A_2019_00204,SPEAKER_00,22,961.6897,963.0397,1.35,1,7,1.35,0.0,0,0.0,5.185,1.0,
VAL_H3A_2019_00204,SPEAKER_01,23,964.5417,978.9037,14.362,5,61,11.352,3.01,4,0.7525,4.247,0.79,0.7672
VAL_H3A_2020_00174,SPEAKER_01,1,572.3571,580.2491,7.892,4,33,4.8,3.092,3,1.0307,4.181,0.608,
VAL_H3A_2020_00174,SPEAKER_00,2,581.7001,619.1731,37.473,14,212,30.136,7.337,13,0.5644,5.657,0.804,0.7130
VAL_H3A_2020_00174,SPEAKER_01,3,621.0331,629.0331,8.0,3,49,6.271,1.729,2,0.8645,6.125,0.784,
VAL_H3A_2020_00174,SPEAKER_00,4,631.5241,656.9691,25.445,11,157,19.394,6.051,10,0.6051,6.17,0.762,0.6617
VAL_H3A_2020_00174,SPEAKER_01,5,659.8891,660.7491,0.86,1,7,0.86,0.0,0,0.0,8.14,1.0,
VAL_H3A_2020_00174,SPEAKER_00,6,661.5501,684.8091,23.259,10,104,14.612,8.647,9,0.9608,4.471,0.628,0.7771
VAL_H3A_2020_00174,SPEAKER_01,7,685.3701,688.1201,2.75,1,23,2.75,0.0,0,0.0,8.364,1.0,
VAL_H3A_2020_00174,SPEAKER_00,8,690.2431,748.4381,58.195,21,306,42.537,15.658,20,0.7829,5.258,0.731,0.7317
VAL_H3A_2020_00174,SPEAKER_01,9,749.5791,750.4691,0.89,1,8,0.89,0.0,0,0.0,8.989,1.0,
VAL_H3A_2020_00174,SPEAKER_00,10,750.9801,754.0801,3.1,2,15,1.9,1.2,1,1.2,4.839,0.613,0.7710
VAL_H3A_2020_00174,SPEAKER_01,11,755.1801,765.2711,10.091,6,45,5.821,4.27,5,0.854,4.459,0.577,
VAL_H3A_2020_00174,SPEAKER_00,12,768.6831,793.0251,24.342,11,115,16.623,7.719,10,0.7719,4.724,0.683,0.7106
VAL_H3A_2020_00174,SPEAKER_01,13,796.4351,803.9371,7.502,3,22,5.48,2.022,2,1.011,2.933,0.73,
VAL_H3A_2020_00174,SPEAKER_00,14,807.5291,809.8891,2.36,2,13,2.03,0.33,1,0.33,5.508,0.86,0.7316
VAL_H3A_2020_00174,SPEAKER_01,15,812.0691,814.6191,2.55,1,12,2.55,0.0,0,0.0,4.706,1.0,
VAL_H3A_2020_00174,SPEAKER_00,16,815.1111,897.4631,82.352,35,420,58.7281,23.6239,34,0.6948,5.1,0.713,0.7379
VAL_H3A_2020_00174,SPEAKER_01,17,898.0831,901.3631,3.28,2,14,2.94,0.34,1,0.34,4.268,0.896,
VAL_H3A_2020_00174,SPEAKER_00,18,902.4551,963.7671,61.312,25,298,42.416,18.896,24,0.7873,4.86,0.692,0.7577
VAL_H3A_2020_00174,SPEAKER_01,19,965.8791,973.8401,7.961,6,29,4.524,3.437,5,0.6874,3.643,0.568,
VAL_H3A_2020_00174,SPEAKER_00,20,974.0401,1047.8601,73.82,34,332,49.296,24.524,33,0.7432,4.497,0.668,0.7356
VAL_H3A_2020_00174,SPEAKER_01,21,1049.5021,1053.9621,4.46,2,30,3.34,1.12,1,1.12,6.726,0.749,
VAL_H3A_2020_00174,SPEAKER_00,22,1054.7671,1081.2071,26.44,13,155,17.263,9.177,12,0.7647,5.862,0.653,0.6363
VAL_H3A_2020_00174,SPEAKER_01,23,1082.4141,1092.5271,10.113,5,57,7.95,2.163,4,0.5408,5.636,0.786,
VAL_H3A_2020_00174,SPEAKER_00,24,1093.8601,1116.7811,22.921,7,130,18.245,4.676,6,0.7793,5.672,0.796,0.7598
VAL_H3A_2020_00174,SPEAKER_01,25,1118.3141,1124.3241,6.01,3,37,5.17,0.84,2,0.42,6.156,0.86,
VAL_H3A_2020_00174,SPEAKER_00,26,1125.1411,1142.9551,17.814,7,91,12.831,4.983,6,0.8305,5.108,0.72,0.7085
VAL_H3A_2022_0082,SPEAKER_01,1,652.5406,762.0016,109.461,41,530,83.0689,26.3921,40,0.6598,4.842,0.759,0.7464
VAL_H3A_2022_0082,SPEAKER_00,2,762.3166,763.2966,0.98,1,12,0.98,0.0,0,0.0,12.245,1.0,
VAL_H3A_2022_0082,SPEAKER_01,3,763.3486,884.8326,121.484,51,509,94.139,27.345,50,0.5469,4.19,0.775,0.7800
VAL_H3A_2022_0082,SPEAKER_00,4,886.3696,887.5896,1.22,1,7,1.22,0.0,0,0.0,5.738,1.0,
VAL_H3A_2022_0082,SPEAKER_01,5,887.6806,914.8316,27.151,13,122,18.762,8.389,12,0.6991,4.493,0.691,0.8826
VAL_H3A_2022_0082,SPEAKER_00,6,915.7536,916.7946,1.041,1,9,1.041,0.0,0,0.0,8.646,1.0,
VAL_H3A_2022_0082,SPEAKER_01,7,916.8146,923.7786,6.964,4,37,5.324,1.64,3,0.5467,5.313,0.765,0.7676
VAL_H3A_2022_0082,SPEAKER_00,8,924.2386,924.4186,0.18,1,3,0.18,0.0,0,0.0,16.667,1.0,
VAL_H3A_2022_0082,SPEAKER_01,9,925.0086,971.7636,46.755,19,205,33.409,13.346,18,0.7414,4.385,0.715,0.7655
VAL_H3A_2022_0082,SPEAKER_00,10,972.9146,974.0546,1.14,1,10,1.14,0.0,0,0.0,8.772,1.0,
VAL_H3A_2022_0082,SPEAKER_01,11,974.0746,990.3876,16.313,7,75,12.663,3.65,6,0.6083,4.598,0.776,0.7163
VAL_H3A_2022_0082,SPEAKER_00,12,990.8786,991.5186,0.64,1,6,0.64,0.0,0,0.0,9.375,1.0,
VAL_H3A_2022_0082,SPEAKER_01,13,992.1786,1027.3186,35.14,13,184,28.209,6.931,12,0.5776,5.236,0.803,0.7831
VAL_H3A_2022_0082,SPEAKER_00,14,1028.5916,1029.8216,1.23,1,14,1.23,0.0,0,0.0,11.382,1.0,
VAL_H3A_2022_0082,SPEAKER_01,15,1029.9126,1037.4866,7.574,2,38,7.144,0.43,1,0.43,5.017,0.943,0.7068
VAL_H3A_2022_0082,SPEAKER_00,16,1038.4976,1043.9796,5.482,1,28,5.482,0.0,0,0.0,5.108,1.0,
VAL_H3A_2022_0082,SPEAKER_01,17,1044.1806,1111.7236,67.543,29,244,45.884,21.659,28,0.7735,3.613,0.679,0.8640
VAL_H3A_2022_0082,SPEAKER_00,18,1112.3946,1113.0346,0.64,1,4,0.64,0.0,0,0.0,6.25,1.0,
VAL_H3A_2022_0082,SPEAKER_01,19,1113.2946,1227.3036,114.009,49,551,85.068,28.941,48,0.6029,4.833,0.746,0.7795
VAL_H3A_2022_0082,SPEAKER_00,20,1227.3236,1228.0736,0.75,1,5,0.75,0.0,0,0.0,6.667,1.0,
VAL_H3A_2022_0082,SPEAKER_01,21,1228.7636,1257.8656,29.102,17,169,21.697,7.405,16,0.4628,5.807,0.746,0.7571
VAL_H3A_2022_0082,SPEAKER_00,22,1258.5996,1271.6046,13.005,5,69,10.484,2.521,4,0.6302,5.306,0.806,
VAL_H3A_2022_0082,SPEAKER_01,23,1272.2656,1303.9846,31.719,14,131,21.1,10.619,13,0.8168,4.13,0.665,0.7759
VAL_H3A_2023_00260,SPEAKER_00,1,559.5622,562.3262,2.764,1,17,2.764,0.0,0,0.0,6.151,1.0,
VAL_H3A_2023_00260,SPEAKER_01,2,565.3692,567.4512,2.082,2,6,1.532,0.55,1,0.55,2.882,0.736,0.6935
VAL_H3A_2023_00260,SPEAKER_00,3,580.4652,583.7882,3.323,2,16,3.053,0.27,1,0.27,4.815,0.919,
VAL_H3A_2023_00260,SPEAKER_01,4,586.4302,610.5482,24.118,10,89,14.994,9.124,9,1.0138,3.69,0.622,0.7850
VAL_H3A_2023_00260,SPEAKER_00,5,612.2752,615.8362,3.561,2,22,3.211,0.35,1,0.35,6.178,0.902,
VAL_H3A_2023_00260,SPEAKER_01,6,616.0982,664.8252,48.727,20,146,31.674,17.053,19,0.8975,2.996,0.65,0.7590
VAL_H3A_2023_00260,SPEAKER_00,7,679.9212,686.0012,6.08,3,24,4.34,1.74,2,0.87,3.947,0.714,
VAL_H3A_2023_00260,SPEAKER_01,8,686.8622,768.1882,81.326,31,232,42.148,39.178,30,1.3059,2.853,0.518,0.7600
VAL_H3A_2023_00260,SPEAKER_00,9,769.9512,781.7152,11.764,3,66,10.783,0.981,2,0.4905,5.61,0.917,
VAL_H3A_2023_00260,SPEAKER_01,10,782.2192,817.6062,35.387,12,122,26.616,8.771,11,0.7974,3.448,0.752,0.7554
VAL_H3A_2023_00260,SPEAKER_00,11,818.1982,819.4082,1.21,1,6,1.21,0.0,0,0.0,4.959,1.0,
VAL_H3A_2023_00260,SPEAKER_01,12,820.3792,862.4952,42.116,14,74,14.382,27.734,13,2.1334,1.757,0.341,0.7812
VAL_H3A_2023_00260,SPEAKER_00,13,863.8922,872.5112,8.619,3,43,8.069,0.55,2,0.275,4.989,0.936,
VAL_H3A_2023_00260,SPEAKER_01,14,877.1082,915.1212,38.013,17,145,23.53,14.483,16,0.9052,3.814,0.619,0.7579
VAL_H3A_2023_00260,SPEAKER_00,15,916.3582,926.3012,9.943,4,51,8.065,1.878,3,0.626,5.129,0.811,
VAL_H3A_2023_00260,SPEAKER_01,16,926.6412,947.4602,20.819,8,59,11.412,9.407,7,1.3439,2.834,0.548,0.7268
VAL_H3A_2023_00260,SPEAKER_00,17,973.3372,974.0382,0.701,1,4,0.701,0.0,0,0.0,5.706,1.0,
VAL_H3A_2023_00260,SPEAKER_01,18,974.5382,978.3282,3.79,2,8,2.69,1.1,1,1.1,2.111,0.71,0.8593
VAL_H3A_2023_00260,SPEAKER_00,19,979.0032,981.4832,2.48,1,13,2.48,0.0,0,0.0,5.242,1.0,
VAL_H3A_2023_00260,SPEAKER_01,20,981.7062,1003.8012,22.095,8,59,13.604,8.491,7,1.213,2.67,0.616,0.6990
VAL_H3A_2023_00260,SPEAKER_00,21,1019.4722,1021.7152,2.243,1,15,2.243,0.0,0,0.0,6.687,1.0,
VAL_H3A_2023_00260,SPEAKER_01,22,1024.2202,1096.4064,72.1862,19,162,34.1002,38.086,18,2.1159,2.244,0.472,0.8015
VAL_H3A_2023_00280,SPEAKER_01,1,484.5398,513.6888,29.149,15,157,21.896,7.253,14,0.5181,5.386,0.751,0.6854
VAL_H3A_2023_00280,SPEAKER_00,2,514.3268,515.3678,1.041,1,8,1.041,0.0,0,0.0,7.685,1.0,
VAL_H3A_2023_00280,SPEAKER_01,3,515.8278,516.5288,0.701,1,5,0.701,0.0,0,0.0,7.133,1.0,0.9040
VAL_H3A_2023_00280,SPEAKER_00,4,517.0188,529.6678,12.649,6,49,8.4661,4.1829,5,0.8366,3.874,0.669,
VAL_H3A_2023_00280,SPEAKER_01,5,529.7808,541.3708,11.59,7,46,6.483,5.107,6,0.8512,3.969,0.559,0.7523
VAL_H3A_2023_00280,SPEAKER_00,6,542.5628,543.4038,0.841,1,3,0.841,0.0,0,0.0,3.567,1.0,
VAL_H3A_2023_00280,SPEAKER_01,7,543.6838,548.0138,4.33,2,19,3.77,0.56,1,0.56,4.388,0.871,0.7951
VAL_H3A_2023_00280,SPEAKER_00,8,549.1468,550.0168,0.87,1,6,0.87,0.0,0,0.0,6.897,1.0,
VAL_H3A_2023_00280,SPEAKER_01,9,550.4078,568.8538,18.446,9,67,13.263,5.183,8,0.6479,3.632,0.719,0.8243
VAL_H3A_2023_00280,SPEAKER_00,10,569.2388,570.3088,1.07,1,11,1.07,0.0,0,0.0,10.28,1.0,
VAL_H3A_2023_00280,SPEAKER_01,11,570.6198,577.4958,6.876,4,26,5.401,1.475,3,0.4917,3.781,0.785,0.5910
VAL_H3A_2023_00280,SPEAKER_00,12,577.7758,579.5258,1.75,1,10,1.75,0.0,0,0.0,5.714,1.0,
VAL_H3A_2023_00280,SPEAKER_01,13,579.5768,594.1948,14.618,7,52,10.197,4.421,6,0.7368,3.557,0.698,0.6763
VAL_H3A_2023_00280,SPEAKER_00,14,597.4508,604.1528,6.702,2,42,6.101,0.601,1,0.601,6.267,0.91,
VAL_H3A_2023_00280,SPEAKER_01,15,605.0838,632.3238,27.24,10,104,18.047,9.193,9,1.0214,3.818,0.663,0.7921
VAL_H3A_2023_00280,SPEAKER_00,16,632.8238,644.6668,11.843,6,35,9.161,2.682,5,0.5364,2.955,0.774,
VAL_H3A_2023_00280,SPEAKER_01,17,644.6868,683.0968,38.41,19,133,27.546,10.864,18,0.6036,3.463,0.717,0.7691
VAL_H3A_2023_00280,SPEAKER_00,18,684.3398,692.1038,7.764,2,45,6.184,1.58,1,1.58,5.796,0.796,
VAL_H3A_2023_00280,SPEAKER_01,19,692.4548,719.0268,26.572,12,123,20.849,5.723,11,0.5203,4.629,0.785,0.6937
VAL_H3A_2023_00280,SPEAKER_00,20,721.6418,727.1338,5.492,3,28,4.18,1.312,2,0.656,5.098,0.761,
VAL_H3A_2023_00280,SPEAKER_01,21,727.1938,779.7888,52.595,16,251,42.731,9.864,15,0.6576,4.772,0.812,0.7376
VAL_H3A_2023_00280,SPEAKER_00,22,780.1198,785.2588,5.139,3,22,4.27,0.869,2,0.4345,4.281,0.831,
VAL_H3A_2023_00280,SPEAKER_01,23,786.8408,876.4188,89.578,34,406,67.205,22.373,33,0.678,4.532,0.75,0.6895
VAL_H3A_2023_00280,SPEAKER_00,24,876.7588,885.5428,8.784,2,62,8.384,0.4,1,0.4,7.058,0.954,
VAL_H3A_2023_00280,SPEAKER_01,25,888.2448,905.7068,17.462,5,105,15.441,2.021,4,0.5052,6.013,0.884,0.7495
VAL_H3A_2023_00280,SPEAKER_00,26,906.3578,908.2878,1.93,1,16,1.93,0.0,0,0.0,8.29,1.0,
VAL_H3A_2023_00280,SPEAKER_01,27,910.3208,910.9908,0.67,1,5,0.67,0.0,0,0.0,7.463,1.0,0.7020
VAL_H3A_2023_00280,SPEAKER_00,28,911.6218,913.4428,1.821,1,3,1.821,0.0,0,0.0,1.647,1.0,
VAL_H3A_2023_00280,SPEAKER_01,29,913.4828,935.0868,21.604,8,101,17.838,3.766,7,0.538,4.675,0.826,0.7322
VAL_H3A_2023_00280,SPEAKER_00,30,936.4978,959.3838,22.886,10,94,16.351,6.535,9,0.7261,4.107,0.714,
VAL_H3A_2023_00280,SPEAKER_01,31,960.6448,968.7138,8.069,4,42,6.263,1.806,3,0.602,5.205,0.776,0.7720
VAL_H3A_2026_00645,SPEAKER_00,1,691.1064,729.1704,38.064,20,108,21.668,16.396,19,0.8629,2.837,0.569,0.8320
VAL_H3A_2026_00645,SPEAKER_01,2,731.1804,732.5904,1.41,1,10,1.41,0.0,0,0.0,7.092,1.0,
VAL_H3A_2026_00645,SPEAKER_00,3,734.9424,772.9824,38.04,12,98,17.589,20.451,11,1.8592,2.576,0.462,0.8039
VAL_H3A_2026_00645,SPEAKER_01,4,774.6434,779.7434,5.1,2,18,3.28,1.82,1,1.82,3.529,0.643,
VAL_H3A_2026_00645,SPEAKER_00,5,782.1304,782.5704,0.44,1,3,0.44,0.0,0,0.0,6.818,1.0,0.8285
VAL_H3A_2026_00645,SPEAKER_01,6,783.4514,786.8534,3.402,2,10,1.652,1.75,1,1.75,2.939,0.486,
VAL_H3A_2026_00645,SPEAKER_00,7,788.2954,818.7174,30.422,13,130,19.434,10.988,12,0.9157,4.273,0.639,0.7760
VAL_H3A_2026_00645,UNKNOWN,8,818.8584,818.9584,0.1,1,1,0.1,0.0,0,0.0,10.0,1.0,
VAL_H3A_2026_00645,SPEAKER_01,9,822.0524,825.5454,3.493,1,25,3.493,0.0,0,0.0,7.157,1.0,
VAL_H3A_2026_00645,SPEAKER_00,10,826.5354,898.5714,72.036,21,209,36.374,35.662,20,1.7831,2.901,0.505,0.7345
VAL_H3A_2026_00645,SPEAKER_01,11,899.5194,904.3614,4.842,2,30,4.462,0.38,1,0.38,6.196,0.922,
VAL_H3A_2026_00645,SPEAKER_00,12,906.7804,948.9524,42.172,16,164,25.295,16.877,15,1.1251,3.889,0.6,0.8016
VAL_H3A_2026_00645,SPEAKER_01,13,954.8464,959.9064,5.06,2,34,4.77,0.29,1,0.29,6.719,0.943,
VAL_H3A_2026_00645,SPEAKER_00,14,961.6004,1020.4304,58.83,23,199,35.691,23.139,22,1.0518,3.383,0.607,0.7417
VAL_H3A_2026_00645,SPEAKER_01,15,1022.5654,1028.9854,6.42,3,24,4.0,2.42,2,1.21,3.738,0.623,
VAL_H3A_2026_00645,SPEAKER_00,16,1031.1724,1100.8744,69.702,33,239,41.323,28.379,32,0.8868,3.429,0.593,0.8131
VAL_H3A_2026_00645,SPEAKER_01,17,1104.7924,1111.0744,6.282,2,27,5.782,0.5,1,0.5,4.298,0.92,
VAL_H3A_2026_00645,SPEAKER_00,18,1111.6354,1213.4874,101.852,35,246,43.972,57.88,34,1.7024,2.415,0.432,0.8018
VAL_H3A_2026_00645,SPEAKER_01,19,1217.2314,1222.7744,5.543,2,33,5.313,0.23,1,0.23,5.953,0.959,
VAL_H3A_2026_00645,SPEAKER_00,20,1225.8764,1309.8934,84.017,29,322,53.203,30.814,28,1.1005,3.833,0.633,0.7434
VAL_H3A_2026_00645,SPEAKER_01,21,1317.3714,1322.2834,4.912,1,22,4.912,0.0,0,0.0,4.479,1.0,
VAL_H3A_2026_00645,SPEAKER_00,22,1323.5164,1380.7304,57.214,23,180,29.423,27.791,22,1.2632,3.146,0.514,0.8027
VAL_H3B_2020_00130,SPEAKER_01,1,480.6406,518.4057,37.7651,13,130,26.0671,11.698,12,0.9748,3.442,0.69,0.7512
VAL_H3B_2020_00130,SPEAKER_00,2,518.6256,529.6156,10.99,5,46,8.46,2.53,4,0.6325,4.186,0.77,
VAL_H3B_2020_00130,SPEAKER_01,3,530.8306,615.5186,84.688,29,285,56.343,28.345,28,1.0123,3.365,0.665,0.8180
VAL_H3B_2020_00130,SPEAKER_00,4,618.5266,623.3476,4.821,1,25,4.821,0.0,0,0.0,5.186,1.0,
VAL_H3B_2020_00130,SPEAKER_01,5,624.7676,660.0636,35.296,13,128,24.541,10.755,12,0.8963,3.626,0.695,0.8536
VAL_H3B_2020_00130,SPEAKER_00,6,661.8156,666.8006,4.985,2,24,4.535,0.45,1,0.45,4.814,0.91,
VAL_H3B_2020_00130,SPEAKER_01,7,668.0816,730.3476,62.266,20,196,44.04,18.226,19,0.9593,3.148,0.707,0.7979
VAL_H3B_2020_00130,SPEAKER_00,8,731.2916,740.1945,8.9029,2,47,8.6429,0.26,1,0.26,5.279,0.971,
VAL_H3B_2020_00130,SPEAKER_01,9,740.8346,792.6976,51.863,14,167,35.972,15.891,13,1.2224,3.22,0.694,0.8413
VAL_H3B_2020_00130,SPEAKER_00,10,794.1706,798.9206,4.75,3,18,3.27,1.48,2,0.74,3.789,0.688,
VAL_H3B_2020_00130,SPEAKER_01,11,800.1546,890.0336,89.879,31,337,63.66,26.219,30,0.874,3.749,0.708,0.8370
VAL_H3B_2020_00130,SPEAKER_00,12,891.2146,894.8166,3.602,1,23,3.602,0.0,0,0.0,6.385,1.0,
VAL_H3B_2020_00130,SPEAKER_01,13,895.4176,960.5566,65.139,23,235,47.096,18.043,22,0.8201,3.608,0.723,0.7940
VAL_H3B_2021_0063,SPEAKER_00,1,590.3376,600.9076,10.57,4,23,4.581,5.989,3,1.9963,2.176,0.433,0.8467
VAL_H3B_2021_0063,SPEAKER_01,2,601.2076,602.1276,0.92,1,4,0.92,0.0,0,0.0,4.348,1.0,
VAL_H3B_2021_0063,SPEAKER_00,3,602.7896,635.7446,32.955,13,39,15.879,17.076,12,1.423,1.183,0.482,0.7788
VAL_H3B_2021_0063,SPEAKER_01,4,636.2246,641.7766,5.552,2,23,5.061,0.491,1,0.491,4.143,0.912,
VAL_H3B_2021_0063,SPEAKER_00,5,645.2476,665.3406,20.093,9,63,14.196,5.897,8,0.7371,3.135,0.707,0.7720
VAL_H3B_2021_0063,SPEAKER_01,6,665.5606,666.2206,0.66,1,5,0.66,0.0,0,0.0,7.576,1.0,
VAL_H3B_2021_0063,SPEAKER_00,7,666.2406,701.0296,34.789,15,73,16.164,18.625,14,1.3304,2.098,0.465,0.7890
VAL_H3B_2021_0063,SPEAKER_01,8,702.3096,707.0326,4.723,2,23,4.093,0.63,1,0.63,4.87,0.867,
VAL_H3B_2021_0063,SPEAKER_00,9,708.2426,773.2126,64.97,24,143,34.26,30.71,23,1.3352,2.201,0.527,0.8180
VAL_H3B_2021_0063,SPEAKER_01,10,774.9846,775.9346,0.95,1,8,0.95,0.0,0,0.0,8.421,1.0,
VAL_H3B_2021_0063,SPEAKER_00,11,778.8866,787.3826,8.496,5,25,3.042,5.454,4,1.3635,2.943,0.358,0.6300
VAL_H3B_2021_0063,SPEAKER_01,12,787.8126,800.2496,12.437,4,37,8.965,3.472,3,1.1573,2.975,0.721,
VAL_H3B_2021_0063,SPEAKER_00,13,802.9586,927.9416,124.983,46,348,68.7441,56.2389,45,1.2498,2.784,0.55,0.8140
VAL_H3B_2021_0063,SPEAKER_01,14,929.4336,930.4636,1.03,1,4,1.03,0.0,0,0.0,3.883,1.0,
VAL_H3B_2021_0063,SPEAKER_00,15,932.3956,966.4036,34.008,12,77,17.96,16.048,11,1.4589,2.264,0.528,0.8935
VAL_H3B_2021_0063,SPEAKER_01,16,968.6936,972.2036,3.51,2,21,3.27,0.24,1,0.24,5.983,0.932,
VAL_H3B_2021_0063,SPEAKER_00,17,976.7676,1033.6636,56.896,21,199,39.281,17.615,20,0.8808,3.498,0.69,0.7900
VAL_H3B_2021_0063,SPEAKER_01,18,1037.7066,1038.4886,0.782,1,5,0.782,0.0,0,0.0,6.394,1.0,
VAL_H3B_2021_0063,SPEAKER_00,19,1041.2826,1142.9246,101.642,39,339,64.564,37.078,38,0.9757,3.335,0.635,0.7921
VAL_H3B_2021_0063,SPEAKER_01,20,1143.3046,1144.8846,1.58,1,12,1.58,0.0,0,0.0,7.595,1.0,
VAL_H3B_2021_0063,SPEAKER_00,21,1146.9256,1151.3566,4.431,2,21,3.481,0.95,1,0.95,4.739,0.786,0.3610
VAL_H3B_2021_0063,SPEAKER_01,22,1152.9266,1155.5356,2.609,2,11,1.591,1.018,1,1.018,4.216,0.61,
VAL_H3B_2021_0063,SPEAKER_00,23,1157.4686,1177.0736,19.605,8,51,11.792,7.813,7,1.1161,2.601,0.601,0.8247
VAL_H3B_2022_0076,SPEAKER_01,1,562.9698,594.5118,31.542,15,106,21.326,10.216,14,0.7297,3.361,0.676,0.7150
VAL_H3B_2022_0076,SPEAKER_00,2,595.7428,598.7828,3.04,1,18,3.04,0.0,0,0.0,5.921,1.0,
VAL_H3B_2022_0076,SPEAKER_01,3,600.3738,627.0618,26.688,11,90,16.744,9.944,10,0.9944,3.372,0.627,0.7844
VAL_H3B_2022_0076,SPEAKER_00,4,627.7828,629.8528,2.07,1,11,2.07,0.0,0,0.0,5.314,1.0,
VAL_H3B_2022_0076,SPEAKER_01,5,630.2838,630.6738,0.39,1,1,0.39,0.0,0,0.0,2.564,1.0,0.4920
VAL_H3B_2022_0076,SPEAKER_00,6,630.7638,633.0548,2.291,1,11,2.291,0.0,0,0.0,4.801,1.0,
VAL_H3B_2022_0076,SPEAKER_01,7,634.3448,665.4018,31.057,12,139,22.568,8.489,11,0.7717,4.476,0.727,0.7503
VAL_H3B_2022_0076,SPEAKER_00,8,667.5118,669.7118,2.2,2,11,1.67,0.53,1,0.53,5.0,0.759,
VAL_H3B_2022_0076,SPEAKER_01,9,670.5038,683.6838,13.18,7,64,10.726,2.454,6,0.409,4.856,0.814,0.7359
VAL_H3B_2022_0076,SPEAKER_00,10,684.7038,687.6138,2.91,1,17,2.91,0.0,0,0.0,5.842,1.0,
VAL_H3B_2022_0076,SPEAKER_01,11,690.2758,709.4398,19.164,7,66,11.483,7.681,6,1.2802,3.444,0.599,0.7394
VAL_H3B_2022_0076,SPEAKER_00,12,711.3408,713.7508,2.41,1,15,2.41,0.0,0,0.0,6.224,1.0,
VAL_H3B_2022_0076,SPEAKER_01,13,713.8018,714.3218,0.52,1,2,0.52,0.0,0,0.0,3.846,1.0,0.6400
VAL_H3B_2022_0076,SPEAKER_00,14,715.2818,718.2828,3.001,1,20,3.001,0.0,0,0.0,6.664,1.0,
VAL_H3B_2022_0076,SPEAKER_01,15,718.7628,751.2198,32.457,15,142,24.266,8.191,14,0.5851,4.375,0.748,0.7297
VAL_H3B_2022_0076,SPEAKER_00,16,752.1208,755.8208,3.7,2,18,3.38,0.32,1,0.32,4.865,0.914,
VAL_H3B_2022_0076,SPEAKER_01,17,756.1608,762.0718,5.911,3,27,4.681,1.23,2,0.615,4.568,0.792,0.8117
VAL_H3B_2022_0076,SPEAKER_00,18,762.7728,764.7528,1.98,1,15,1.98,0.0,0,0.0,7.576,1.0,
VAL_H3B_2022_0076,SPEAKER_01,19,766.4858,773.9308,7.445,3,16,4.075,3.37,2,1.685,2.149,0.547,0.6571
VAL_H3B_2022_0076,SPEAKER_00,20,777.0528,783.5928,6.54,2,28,5.82,0.72,1,0.72,4.281,0.89,
VAL_H3B_2022_0076,SPEAKER_01,21,785.0388,812.1148,27.076,10,98,18.768,8.308,9,0.9231,3.619,0.693,0.7480
VAL_H3B_2022_0076,SPEAKER_00,22,812.4948,820.0868,7.592,4,35,4.93,2.662,3,0.8873,4.61,0.649,
VAL_H3B_2022_0076,SPEAKER_01,23,821.6688,849.2748,27.606,10,104,20.195,7.411,9,0.8234,3.767,0.732,0.7859
VAL_H3B_2022_0076,SPEAKER_00,24,851.9568,858.4988,6.542,3,27,5.252,1.29,2,0.645,4.127,0.803,
VAL_H3B_2022_0076,SPEAKER_01,25,859.6398,883.3078,23.668,11,55,12.583,11.085,10,1.1085,2.324,0.532,0.8438
VAL_H3B_2022_0076,SPEAKER_00,26,885.0088,893.0488,8.04,3,23,5.94,2.1,2,1.05,2.861,0.739,
VAL_H3B_2022_0076,SPEAKER_01,27,893.9778,921.2628,27.285,10,122,21.617,5.668,9,0.6298,4.471,0.792,0.6776
VAL_H3B_2022_0076,SPEAKER_00,28,926.6938,928.7638,2.07,1,13,2.07,0.0,0,0.0,6.28,1.0,
VAL_H3B_2022_0076,SPEAKER_01,29,930.3878,959.1248,28.737,11,120,21.753,6.984,10,0.6984,4.176,0.757,0.7653
VAL_H3B_2022_0076,SPEAKER_00,30,961.2328,964.3828,3.15,2,17,2.75,0.4,1,0.4,5.397,0.873,
VAL_H3B_2022_0076,SPEAKER_01,31,965.0248,990.2798,25.255,11,117,17.966,7.289,10,0.7289,4.633,0.711,0.7433
VAL_H3B_2022_0076,SPEAKER_00,32,992.6038,1001.7778,9.174,4,41,6.112,3.062,3,1.0207,4.469,0.666,
VAL_H3B_2022_0076,SPEAKER_01,33,1002.4278,1044.9478,42.52,15,176,32.924,9.596,14,0.6854,4.139,0.774,0.7590
VAL_H3B_2022_0076,SPEAKER_00,34,1047.4668,1052.5868,5.12,1,29,5.12,0.0,0,0.0,5.664,1.0,
VAL_H3B_2022_0076,SPEAKER_01,35,1054.2808,1093.5978,39.317,17,186,29.843,9.474,16,0.5921,4.731,0.759,0.7026
VAL_H3B_2022_0076,SPEAKER_00,36,1096.3878,1101.9138,5.526,3,18,3.321,2.205,2,1.1025,3.257,0.601,
VAL_H3B_2022_0076,SPEAKER_01,37,1102.5348,1102.8248,0.29,1,1,0.29,0.0,0,0.0,3.448,1.0,0.7610
VAL_H3B_2022_0076,SPEAKER_00,38,1103.3358,1105.0168,1.681,1,7,1.681,0.0,0,0.0,4.164,1.0,
VAL_H3B_2022_0076,SPEAKER_01,39,1105.8408,1125.6828,19.842,8,80,13.743,6.099,7,0.8713,4.032,0.693,0.6679
VAL_H3B_2022_0090,SPEAKER_00,1,370.8209,384.3779,13.557,4,15,3.621,9.936,3,3.312,1.106,0.267,0.4722
VAL_H3B_2022_0090,SPEAKER_01,2,385.9989,396.7049,10.706,3,25,5.661,5.045,2,2.5225,2.335,0.529,
VAL_H3B_2022_0090,SPEAKER_00,3,397.4449,398.2349,0.79,1,4,0.79,0.0,0,0.0,5.063,1.0,0.8510
VAL_H3B_2022_0090,SPEAKER_01,4,398.5259,399.0759,0.55,1,4,0.55,0.0,0,0.0,7.273,1.0,
VAL_H3B_2022_0090,SPEAKER_00,5,400.2509,414.9019,14.651,4,31,5.394,9.257,3,3.0857,2.116,0.368,0.8230
VAL_H3B_2022_0090,SPEAKER_01,6,416.5229,417.9229,1.4,1,5,1.4,0.0,0,0.0,3.571,1.0,
VAL_H3B_2022_0090,SPEAKER_00,7,420.1459,424.9889,4.843,2,14,2.343,2.5,1,2.5,2.891,0.484,0.7375
VAL_H3B_2022_0090,SPEAKER_01,8,426.4289,429.7529,3.324,2,4,1.131,2.193,1,2.193,1.203,0.34,
VAL_H3B_2022_0090,SPEAKER_00,9,430.7549,449.9789,19.224,7,37,8.802,10.422,6,1.737,1.925,0.458,0.8403
VAL_H3B_2022_0090,SPEAKER_01,10,451.1189,471.9119,20.793,6,46,12.45,8.343,5,1.6686,2.212,0.599,
VAL_H3B_2022_0090,SPEAKER_00,11,472.8899,474.6899,1.8,1,11,1.8,0.0,0,0.0,6.111,1.0,0.6603
VAL_H3B_2022_0090,SPEAKER_01,12,474.8219,476.7839,1.962,1,7,1.962,0.0,0,0.0,3.568,1.0,
VAL_H3B_2022_0090,SPEAKER_00,13,477.9249,480.4949,2.57,1,16,2.57,0.0,0,0.0,6.226,1.0,0.7722
VAL_H3B_2022_0090,SPEAKER_01,14,481.4669,484.7869,3.32,1,16,3.32,0.0,0,0.0,4.819,1.0,
VAL_H3B_2022_0090,SPEAKER_00,15,486.7119,500.7569,14.045,7,53,9.965,4.08,6,0.68,3.774,0.71,0.6952
VAL_H3B_2022_0090,SPEAKER_01,16,501.0889,533.1209,32.032,10,66,13.943,18.089,9,2.0099,2.06,0.435,
VAL_H3B_2022_0090,SPEAKER_00,17,535.1749,542.1069,6.932,2,19,4.0,2.932,1,2.932,2.741,0.577,0.8856
VAL_H3B_2022_0090,SPEAKER_01,18,544.3179,544.8479,0.53,1,2,0.53,0.0,0,0.0,3.774,1.0,
VAL_H3B_2022_0090,SPEAKER_00,19,545.6399,546.9499,1.31,1,9,1.31,0.0,0,0.0,6.87,1.0,0.8554
VAL_H3B_2022_0090,SPEAKER_01,20,548.5489,555.6589,7.11,2,32,5.87,1.24,1,1.24,4.501,0.826,
VAL_H3B_2022_0090,SPEAKER_00,21,556.9919,558.0119,1.02,1,7,1.02,0.0,0,0.0,6.863,1.0,0.8935
VAL_H3B_2022_0090,SPEAKER_01,22,558.7729,560.0229,1.25,1,5,1.25,0.0,0,0.0,4.0,1.0,
VAL_H3B_2022_0090,SPEAKER_00,23,562.0939,576.5909,14.497,6,46,8.261,6.236,5,1.2472,3.173,0.57,0.7809
VAL_H3B_2022_0090,SPEAKER_01,24,578.1709,593.8009,15.63,5,38,10.631,4.999,4,1.2497,2.431,0.68,
VAL_H3B_2022_0090,SPEAKER_00,25,598.4809,602.2009,3.72,2,15,2.68,1.04,1,1.04,4.032,0.72,0.8843
VAL_H3B_2022_0090,SPEAKER_01,26,602.4259,603.3359,0.91,1,5,0.91,0.0,0,0.0,5.495,1.0,
VAL_H3B_2022_0090,SPEAKER_00,27,605.4759,640.5059,35.03,15,98,20.525,14.505,14,1.0361,2.798,0.586,0.8455
VAL_H3B_2022_0090,SPEAKER_01,28,641.4859,679.6229,38.137,12,106,22.954,15.183,11,1.3803,2.779,0.602,
VAL_H3B_2022_0090,SPEAKER_00,29,682.6129,689.0099,6.397,3,32,5.275,1.122,2,0.561,5.002,0.825,0.8546
VAL_H3B_2022_0090,SPEAKER_01,30,690.1299,715.7049,25.575,8,57,11.896,13.679,7,1.9541,2.229,0.465,
VAL_H3B_2022_0090,SPEAKER_00,31,716.5249,737.2479,20.723,7,74,13.927,6.796,6,1.1327,3.571,0.672,0.7796
VAL_H3B_2022_0090,SPEAKER_01,32,737.7019,739.2059,1.504,1,9,1.504,0.0,0,0.0,5.984,1.0,
VAL_H3B_2022_0094,SPEAKER_01,1,583.5137,606.7737,23.26,10,65,11.14,12.12,9,1.3467,2.794,0.479,0.7280
VAL_H3B_2022_0094,SPEAKER_00,2,606.8197,608.4097,1.59,1,8,1.59,0.0,0,0.0,5.031,1.0,
VAL_H3B_2022_0094,SPEAKER_01,3,608.5997,621.6427,13.043,5,55,7.571,5.472,4,1.368,4.217,0.58,0.6980
VAL_H3B_2022_0094,SPEAKER_00,4,622.4177,629.2207,6.803,2,38,4.353,2.45,1,2.45,5.586,0.64,
VAL_H3B_2022_0094,SPEAKER_01,5,633.2027,658.4967,25.294,10,102,16.172,9.122,9,1.0136,4.033,0.639,0.7998
VAL_H3B_2022_0094,SPEAKER_00,6,661.1077,665.3897,4.282,2,21,3.202,1.08,1,1.08,4.904,0.748,
VAL_H3B_2022_0094,SPEAKER_01,7,667.1997,697.7447,30.545,12,90,14.805,15.74,11,1.4309,2.946,0.485,0.7870
VAL_H3B_2022_0094,SPEAKER_00,8,700.6267,703.0287,2.402,1,14,2.402,0.0,0,0.0,5.828,1.0,
VAL_H3B_2022_0094,SPEAKER_01,9,704.6897,720.8727,16.183,6,45,10.392,5.791,5,1.1582,2.781,0.642,0.7913
VAL_H3B_2022_0094,SPEAKER_00,10,722.7217,724.6047,1.883,1,14,1.883,0.0,0,0.0,7.435,1.0,
VAL_H3B_2022_0094,SPEAKER_01,11,727.3727,764.7177,37.345,15,117,21.624,15.721,14,1.1229,3.133,0.579,0.7710
VAL_H3B_2022_0094,SPEAKER_00,12,766.8797,771.7417,4.862,2,25,4.142,0.72,1,0.72,5.142,0.852,
VAL_H3B_2022_0094,SPEAKER_01,13,772.8447,799.6617,26.817,10,78,10.984,15.833,9,1.7592,2.909,0.41,0.7377
VAL_H3B_2022_0094,SPEAKER_00,14,800.9317,805.9517,5.02,2,25,4.34,0.68,1,0.68,4.98,0.865,
VAL_H3B_2022_0094,SPEAKER_01,15,808.2637,860.1227,51.859,21,181,31.396,20.463,20,1.0232,3.49,0.605,0.6725
VAL_H3B_2022_0094,SPEAKER_00,16,864.9627,867.2927,2.33,1,15,2.33,0.0,0,0.0,6.438,1.0,
VAL_H3B_2022_0094,SPEAKER_01,17,870.6247,901.4237,30.799,12,86,16.032,14.767,11,1.3425,2.792,0.521,0.7979
VAL_H3B_2022_0094,SPEAKER_00,18,903.6937,906.6737,2.98,1,25,2.98,0.0,0,0.0,8.389,1.0,
VAL_H3B_2022_0094,SPEAKER_01,19,909.9257,952.4207,42.495,16,150,27.809,14.686,15,0.9791,3.53,0.654,0.7424
VAL_H3B_2022_0094,SPEAKER_00,20,954.4477,957.3287,2.881,1,18,2.881,0.0,0,0.0,6.248,1.0,
VAL_H3B_2022_0094,SPEAKER_01,21,959.0297,990.4257,31.396,15,123,16.796,14.6,14,1.0429,3.918,0.535,0.7297
VAL_H3B_2022_0094,SPEAKER_00,22,991.4377,993.6877,2.25,1,14,2.25,0.0,0,0.0,6.222,1.0,
VAL_H3B_2022_0094,SPEAKER_01,23,994.2997,1011.8797,17.58,9,59,10.951,6.629,8,0.8286,3.356,0.623,0.7045
VAL_H3B_2022_0094,SPEAKER_00,24,1015.1117,1025.4807,10.369,3,49,8.569,1.8,2,0.9,4.726,0.826,
VAL_H3B_2022_0094,SPEAKER_01,25,1026.9617,1066.7487,39.787,15,141,24.437,15.35,14,1.0964,3.544,0.614,0.7745
VAL_H3B_2022_0094,SPEAKER_00,26,1070.4497,1072.7997,2.35,1,20,2.35,0.0,0,0.0,8.511,1.0,
VAL_H3B_2022_0094,SPEAKER_01,27,1076.1147,1106.8947,30.78,14,103,15.498,15.282,13,1.1755,3.346,0.504,0.7978
VAL_H3B_2022_0094,SPEAKER_00,28,1110.1057,1117.1357,7.03,3,29,5.24,1.79,2,0.895,4.125,0.745,
VAL_H3B_2022_0094,SPEAKER_01,29,1120.4477,1144.0177,23.57,9,63,13.717,9.853,8,1.2316,2.673,0.582,0.6955
VAL_H3B_2022_0094,SPEAKER_00,30,1146.3527,1148.3347,1.982,1,9,1.982,0.0,0,0.0,4.541,1.0,
VAL_H3B_2022_0094,SPEAKER_01,31,1148.8747,1158.7807,9.906,5,31,4.94,4.966,4,1.2415,3.129,0.499,0.6427
VAL_H3B_2023_0010,SPEAKER_01,1,557.4202,613.3492,55.929,18,196,30.4579,25.4711,17,1.4983,3.504,0.545,0.6888
VAL_H3B_2023_0010,SPEAKER_00,2,618.4592,622.9612,4.502,2,17,4.09,0.412,1,0.412,3.776,0.908,
VAL_H3B_2023_0010,SPEAKER_01,3,624.6722,756.0382,131.366,36,402,67.655,63.711,35,1.8203,3.06,0.515,0.6502
VAL_H3B_2023_0010,SPEAKER_00,4,762.7562,768.6682,5.912,2,18,5.382,0.53,1,0.53,3.045,0.91,
VAL_H3B_2023_0010,SPEAKER_01,5,769.2612,986.2752,217.014,62,774,117.053,99.961,61,1.6387,3.567,0.539,0.6524
VAL_H3B_2023_0010,SPEAKER_00,6,987.2652,991.7372,4.472,2,15,4.082,0.39,1,0.39,3.354,0.913,
VAL_H3B_2023_0010,SPEAKER_01,7,992.0382,997.9892,5.951,3,17,3.6,2.351,2,1.1755,2.857,0.605,0.6374
VAL_H3B_2023_0010,SPEAKER_00,8,998.9562,1015.6182,16.662,6,92,14.989,1.673,5,0.3346,5.522,0.9,
VAL_H3B_2023_0010,SPEAKER_01,9,1016.0892,1081.0212,64.932,24,217,38.27,26.662,23,1.1592,3.342,0.589,0.6542
VAL_H3B_2023_0010,SPEAKER_00,10,1081.9912,1083.8022,1.811,1,9,1.811,0.0,0,0.0,4.97,1.0,
VAL_H3B_2023_0010,SPEAKER_01,11,1095.1052,1113.2352,18.13,6,106,14.843,3.287,5,0.6574,5.847,0.819,0.6736
VAL_H3B_2023_00296,SPEAKER_01,1,546.67,552.763,6.093,2,30,5.843,0.25,1,0.25,4.924,0.959,
VAL_H3B_2023_00296,SPEAKER_00,2,554.023,601.535,47.512,15,270,40.607,6.905,14,0.4932,5.683,0.855,0.7515
VAL_H3B_2023_00296,SPEAKER_01,3,602.895,603.757,0.862,1,8,0.862,0.0,0,0.0,9.281,1.0,
VAL_H3B_2023_00296,SPEAKER_00,4,604.887,628.075,23.188,8,126,20.239,2.949,7,0.4213,5.434,0.873,0.7670
VAL_H3B_2023_00296,SPEAKER_01,5,629.958,632.308,2.35,2,13,1.89,0.46,1,0.46,5.532,0.804,
VAL_H3B_2023_00296,SPEAKER_00,6,633.161,652.879,19.718,8,102,16.875,2.843,7,0.4061,5.173,0.856,0.8135
VAL_H3B_2023_00296,SPEAKER_01,7,653.613,655.173,1.56,1,11,1.56,0.0,0,0.0,7.051,1.0,
VAL_H3B_2023_00296,SPEAKER_00,8,655.675,690.121,34.446,14,184,27.517,6.929,13,0.533,5.342,0.799,0.7999
VAL_H3B_2023_00296,SPEAKER_01,9,690.841,695.711,4.87,1,32,4.87,0.0,0,0.0,6.571,1.0,
VAL_H3B_2023_00296,SPEAKER_00,10,695.984,738.867,42.883,14,216,36.664,6.219,13,0.4784,5.037,0.855,0.7515
VAL_H3B_2023_00296,SPEAKER_01,11,740.027,745.627,5.6,2,17,4.99,0.61,1,0.61,3.036,0.891,
VAL_H3B_2023_00296,SPEAKER_00,12,745.72,774.168,28.448,9,133,22.167,6.281,8,0.7851,4.675,0.779,0.7275
VAL_H3B_2023_00296,SPEAKER_01,13,775.188,777.248,2.06,1,12,2.06,0.0,0,0.0,5.825,1.0,
VAL_H3B_2023_00296,SPEAKER_00,14,777.791,785.594,7.803,3,40,6.323,1.48,2,0.74,5.126,0.81,0.7091
VAL_H3B_2023_00296,SPEAKER_01,15,788.254,795.765,7.511,3,42,5.89,1.621,2,0.8105,5.592,0.784,
VAL_H3B_2023_00296,SPEAKER_00,16,796.736,797.076,0.34,1,2,0.34,0.0,0,0.0,5.882,1.0,0.8255
VAL_H3B_2023_00296,SPEAKER_01,17,797.936,800.246,2.31,1,20,2.31,0.0,0,0.0,8.658,1.0,
VAL_H3B_2023_00296,SPEAKER_00,18,800.636,840.846,40.21,16,159,29.782,10.428,15,0.6952,3.954,0.741,0.7480
VAL_H3B_2023_00296,SPEAKER_01,19,842.259,845.579,3.32,1,20,3.32,0.0,0,0.0,6.024,1.0,
VAL_H3B_2023_00296,SPEAKER_00,20,846.28,865.525,19.245,5,98,16.014,3.231,4,0.8077,5.092,0.832,0.6891
VAL_H3B_2023_00296,SPEAKER_01,21,866.856,872.509,5.653,2,32,5.353,0.3,1,0.3,5.661,0.947,
VAL_H3B_2023_00296,SPEAKER_00,22,872.549,1025.555,153.006,56,601,113.399,39.607,55,0.7201,3.928,0.741,0.7552
VAL_H3B_2023_00296,SPEAKER_01,23,1027.105,1027.695,0.59,1,5,0.59,0.0,0,0.0,8.475,1.0,
VAL_H3B_2023_00296,SPEAKER_00,24,1027.945,1029.735,1.79,1,20,1.79,0.0,0,0.0,11.173,1.0,0.4540
VAL_H3B_2023_00296,SPEAKER_01,25,1030.567,1032.087,1.52,1,7,1.52,0.0,0,0.0,4.605,1.0,
VAL_H3B_2023_00296,SPEAKER_00,26,1032.428,1049.155,16.727,5,88,14.426,2.301,4,0.5752,5.261,0.862,0.7552
VAL_H3B_2023_00296,SPEAKER_01,27,1049.257,1051.158,1.901,1,13,1.901,0.0,0,0.0,6.839,1.0,
VAL_H3B_2023_00296,SPEAKER_00,28,1051.198,1065.035,13.837,4,65,11.666,2.171,3,0.7237,4.698,0.843,0.8377
VAL_H3B_2023_00296,SPEAKER_01,29,1065.919,1067.649,1.73,1,12,1.73,0.0,0,0.0,6.936,1.0,
VAL_H3B_2023_00296,SPEAKER_00,30,1068.181,1074.424,6.243,3,25,4.56,1.683,2,0.8415,4.004,0.73,0.7296
VAL_H3B_2023_00296,SPEAKER_01,31,1074.527,1076.969,2.442,1,16,2.442,0.0,0,0.0,6.552,1.0,
VAL_H3B_2023_00296,SPEAKER_00,32,1077.47,1089.684,12.214,5,71,10.096,2.118,4,0.5295,5.813,0.827,0.7503
VAL_H3B_2026_00637,SPEAKER_00,1,568.6657,621.8677,53.202,19,274,38.834,14.368,18,0.7982,5.15,0.73,0.6969
VAL_H3B_2026_00637,SPEAKER_01,2,622.8197,626.1997,3.38,2,13,3.04,0.34,1,0.34,3.846,0.899,
VAL_H3B_2026_00637,SPEAKER_00,3,628.1207,629.1207,1.0,1,4,1.0,0.0,0,0.0,4.0,1.0,0.6960
VAL_H3B_2026_00637,SPEAKER_01,4,629.1407,629.5307,0.39,1,2,0.39,0.0,0,0.0,5.128,1.0,
VAL_H3B_2026_00637,SPEAKER_00,5,629.7407,677.2247,47.484,20,186,31.704,15.78,19,0.8305,3.917,0.668,0.8030
VAL_H3B_2026_00637,SPEAKER_01,6,677.3187,677.6797,0.361,1,2,0.361,0.0,0,0.0,5.54,1.0,
VAL_H3B_2026_00637,SPEAKER_00,7,677.9597,692.6297,14.67,6,70,11.769,2.901,5,0.5802,4.772,0.802,0.7111
VAL_H3B_2026_00637,SPEAKER_01,8,692.7297,692.8797,0.15,1,1,0.15,0.0,0,0.0,6.667,1.0,
VAL_H3B_2026_00637,SPEAKER_00,9,693.8487,732.9997,39.151,12,166,30.872,8.279,11,0.7526,4.24,0.789,0.7148
VAL_H3B_2026_00637,SPEAKER_01,10,734.7787,736.2687,1.49,1,7,1.49,0.0,0,0.0,4.698,1.0,
VAL_H3B_2026_00637,SPEAKER_00,11,736.9407,834.3157,97.375,36,442,68.2268,29.1482,35,0.8328,4.539,0.701,0.6940
VAL_H3B_2026_00637,SPEAKER_01,12,835.2557,838.6187,3.363,1,20,3.363,0.0,0,0.0,5.947,1.0,
VAL_H3B_2026_00637,SPEAKER_00,13,838.7997,839.5097,0.71,1,3,0.71,0.0,0,0.0,4.225,1.0,0.6820
VAL_H3B_2026_00637,SPEAKER_01,14,840.0007,841.0107,1.01,1,5,1.01,0.0,0,0.0,4.95,1.0,
VAL_H3B_2026_00637,SPEAKER_00,15,841.2817,841.4717,0.19,1,1,0.19,0.0,0,0.0,5.263,1.0,
VAL_H3B_2026_00637,SPEAKER_01,16,841.8817,843.4217,1.54,1,11,1.54,0.0,0,0.0,7.143,1.0,
VAL_H3B_2026_00637,SPEAKER_00,17,844.3237,921.3927,77.069,24,283,49.557,27.512,23,1.1962,3.672,0.643,0.7368
VAL_H3B_2026_00637,SPEAKER_01,18,921.7537,922.2837,0.53,1,4,0.53,0.0,0,0.0,7.547,1.0,
VAL_H3B_2026_00637,SPEAKER_00,19,923.5147,942.5217,19.007,7,86,12.153,6.854,6,1.1423,4.525,0.639,0.7224
VAL_H3B_2026_00637,SPEAKER_01,20,943.0817,944.5917,1.51,1,7,1.51,0.0,0,0.0,4.636,1.0,
VAL_H3B_2026_00637,SPEAKER_00,21,944.8227,960.0967,15.274,6,66,10.032,5.242,5,1.0484,4.321,0.657,0.6835
VAL_H3B_2026_00637,SPEAKER_01,22,969.2077,976.4977,7.29,3,20,2.5,4.79,2,2.395,2.743,0.343,
VAL_H3B_2026_00637,SPEAKER_00,23,976.5517,977.9917,1.44,1,12,1.44,0.0,0,0.0,8.333,1.0,0.4037
VAL_H3B_2026_00637,SPEAKER_01,24,978.5327,978.9827,0.45,1,3,0.45,0.0,0,0.0,6.667,1.0,
VAL_H3B_2026_00637,SPEAKER_00,25,979.5927,1019.6467,40.054,13,190,32.084,7.97,12,0.6642,4.744,0.801,0.7337
VAL_H3B_2026_00637,SPEAKER_01,26,1019.9617,1024.0847,4.123,2,25,3.8,0.323,1,0.323,6.064,0.922,
VAL_H3B_2026_00637,SPEAKER_00,27,1024.6157,1136.9767,112.361,44,514,82.4801,29.8809,43,0.6949,4.575,0.734,0.7941
VAL_H3B_2026_00638,SPEAKER_00,1,669.9956,720.0876,50.092,18,206,33.124,16.968,17,0.9981,4.112,0.661,0.6459
VAL_H3B_2026_00638,SPEAKER_01,2,721.7686,735.7116,13.943,8,67,9.996,3.947,7,0.5639,4.805,0.717,
VAL_H3B_2026_00638,SPEAKER_00,3,736.5716,827.9916,91.42,37,386,59.294,32.126,36,0.8924,4.222,0.649,0.7164
VAL_H3B_2026_00638,SPEAKER_01,4,828.6116,849.6666,21.055,10,110,16.192,4.863,9,0.5403,5.224,0.769,
VAL_H3B_2026_00638,SPEAKER_00,5,849.6866,868.2396,18.553,10,80,11.077,7.476,9,0.8307,4.312,0.597,0.6430
VAL_H3B_2026_00638,SPEAKER_01,6,868.2596,869.6696,1.41,1,11,1.41,0.0,0,0.0,7.801,1.0,
VAL_H3B_2026_00638,SPEAKER_00,7,869.9216,873.1726,3.251,3,9,1.3,1.951,2,0.9755,2.768,0.4,0.8260
VAL_H3B_2026_00638,SPEAKER_01,8,873.8026,892.9056,19.103,8,84,13.94,5.163,7,0.7376,4.397,0.73,
VAL_H3B_2026_00638,SPEAKER_00,9,893.6556,933.0286,39.373,19,170,27.06,12.313,18,0.6841,4.318,0.687,0.5686
VAL_H3B_2026_00638,SPEAKER_01,10,933.0796,934.4096,1.33,1,11,1.33,0.0,0,0.0,8.271,1.0,
VAL_H3B_2026_00638,SPEAKER_00,11,934.8006,957.9766,23.176,8,106,18.43,4.746,7,0.678,4.574,0.795,0.6295
VAL_H3B_2026_00638,SPEAKER_01,12,960.4526,987.1066,26.654,10,126,20.414,6.24,9,0.6933,4.727,0.766,
VAL_H3B_2026_00638,SPEAKER_00,13,987.8466,1013.2466,25.4,13,94,16.082,9.318,12,0.7765,3.701,0.633,0.6405
VAL_H3B_2026_00638,SPEAKER_01,14,1014.0466,1019.4096,5.363,3,25,4.423,0.94,2,0.47,4.662,0.825,
VAL_H3B_2026_00638,SPEAKER_00,15,1019.4296,1020.2896,0.86,1,5,0.86,0.0,0,0.0,5.814,1.0,0.5587
VAL_H3B_2026_00638,SPEAKER_01,16,1020.5096,1024.1516,3.642,1,23,3.642,0.0,0,0.0,6.315,1.0,
VAL_H3B_2026_00638,SPEAKER_00,17,1024.1916,1074.9966,50.805,22,206,30.367,20.438,21,0.9732,4.055,0.598,0.6692
VAL_H3B_2026_00638,SPEAKER_01,18,1075.5966,1076.1666,0.57,1,4,0.57,0.0,0,0.0,7.018,1.0,
VAL_H3B_2026_00638,SPEAKER_00,19,1076.2366,1186.5366,110.3,45,475,72.352,37.948,44,0.8625,4.306,0.656,0.7354
VAL_H3B_2026_00638,SPEAKER_01,20,1189.0186,1218.0946,29.076,10,111,21.514,7.562,9,0.8402,3.818,0.74,
VAL_H3B_2026_00638,SPEAKER_00,21,1218.6956,1323.5096,104.814,46,426,67.402,37.412,45,0.8314,4.064,0.643,0.7039
VAL_H3B_2026_00641,SPEAKER_00,1,564.7716,599.7416,34.97,16,126,24.252,10.718,15,0.7145,3.603,0.694,0.8140
VAL_H3B_2026_00641,SPEAKER_01,2,600.5826,614.2686,13.686,8,52,8.976,4.71,7,0.6729,3.8,0.656,
VAL_H3B_2026_00641,SPEAKER_00,3,615.1486,620.4066,5.258,2,24,3.871,1.387,1,1.387,4.564,0.736,0.7896
VAL_H3B_2026_00641,SPEAKER_01,4,621.4986,622.0386,0.54,1,2,0.54,0.0,0,0.0,3.704,1.0,
VAL_H3B_2026_00641,SPEAKER_00,5,623.4196,786.8186,163.399,65,509,96.75,66.649,64,1.0414,3.115,0.592,0.8417
VAL_H3B_2026_00641,SPEAKER_01,6,788.4326,795.5456,7.113,2,30,6.413,0.7,1,0.7,4.218,0.902,
VAL_H3B_2026_00641,SPEAKER_00,7,796.8366,899.0806,102.244,39,323,62.561,39.683,38,1.0443,3.159,0.612,0.8500
VAL_H3B_2026_00641,SPEAKER_01,8,900.9036,914.4436,13.54,4,69,11.312,2.228,3,0.7427,5.096,0.835,
VAL_H3B_2026_00641,SPEAKER_00,9,916.4646,962.7876,46.323,20,161,31.305,15.018,19,0.7904,3.476,0.676,0.8246
VAL_H3B_2026_00641,SPEAKER_01,10,964.4976,973.5026,9.005,4,24,5.714,3.291,3,1.097,2.665,0.635,
VAL_H3B_2026_00641,SPEAKER_00,11,975.6636,1033.7886,58.125,24,170,35.11,23.015,23,1.0007,2.925,0.604,0.8279
VAL_H3B_2026_00641,SPEAKER_01,12,1036.2316,1050.6836,14.452,3,78,10.972,3.48,2,1.74,5.397,0.759,
VAL_H3B_2026_00641,SPEAKER_00,13,1050.7036,1089.3586,38.655,17,120,22.853,15.802,16,0.9876,3.104,0.591,0.8747
VAL_H3B_2026_00641,SPEAKER_01,14,1091.2086,1094.8686,3.66,1,19,3.66,0.0,0,0.0,5.191,1.0,
VAL_H3B_2026_00641,SPEAKER_00,15,1096.8836,1125.0286,28.145,12,82,16.226,11.919,11,1.0835,2.913,0.577,0.8459
VAL_H3M_2019_00209,SPEAKER_01,1,541.5864,1015.9834,474.397,181,1803,320.9389,153.4581,180,0.8525,3.801,0.677,0.7867
VAL_H3M_2019_00209,SPEAKER_00,2,1018.5124,1027.8174,9.305,1,50,9.305,0.0,0,0.0,5.373,1.0,
VAL_H3M_2019_00209,SPEAKER_01,3,1028.7584,1072.2134,43.455,14,164,29.53,13.925,13,1.0712,3.774,0.68,0.8168
VAL_H3M_2020_0011,SPEAKER_01,1,490.0406,538.6016,48.561,21,235,36.672,11.889,20,0.5944,4.839,0.755,0.7817
VAL_H3M_2020_0011,SPEAKER_00,2,539.5816,543.3636,3.782,3,19,1.971,1.811,2,0.9055,5.024,0.521,
VAL_H3M_2020_0011,SPEAKER_01,3,545.0036,588.3846,43.381,17,163,30.976,12.405,16,0.7753,3.757,0.714,0.7770
VAL_H3M_2020_0011,SPEAKER_00,4,590.3056,590.6856,0.38,1,6,0.38,0.0,0,0.0,15.789,1.0,
VAL_H3M_2020_0011,SPEAKER_01,5,591.6466,614.9916,23.345,8,94,18.823,4.522,7,0.646,4.027,0.806,0.7392
VAL_H3M_2020_0011,SPEAKER_00,6,616.6556,618.7756,2.12,1,19,2.12,0.0,0,0.0,8.962,1.0,
VAL_H3M_2020_0011,SPEAKER_01,7,619.9066,675.8416,55.935,24,237,38.1081,17.8269,23,0.7751,4.237,0.681,0.7471
VAL_H3M_2020_0011,SPEAKER_00,8,676.0516,677.8116,1.76,1,10,1.76,0.0,0,0.0,5.682,1.0,
VAL_H3M_2020_0011,SPEAKER_01,9,678.5426,716.5096,37.967,17,163,27.276,10.691,16,0.6682,4.293,0.718,0.8143
VAL_H3M_2020_0011,SPEAKER_00,10,718.1096,720.5506,2.441,1,0,2.441,0.0,0,0.0,0.0,1.0,
VAL_H3M_2020_0011,SPEAKER_01,11,721.3966,770.6466,49.25,17,218,36.01,13.24,16,0.8275,4.426,0.731,0.6763
VAL_H3M_2020_0011,SPEAKER_00,12,771.7266,775.8366,4.11,1,18,4.11,0.0,0,0.0,4.38,1.0,
VAL_H3M_2020_0011,SPEAKER_01,13,776.7476,813.4606,36.713,19,121,25.206,11.507,18,0.6393,3.296,0.687,0.7997
VAL_H3M_2020_0011,SPEAKER_00,14,814.1906,816.6416,2.451,1,14,2.451,0.0,0,0.0,5.712,1.0,
VAL_H3M_2020_0011,SPEAKER_01,15,817.0216,875.4956,58.474,29,213,37.852,20.622,28,0.7365,3.643,0.647,0.7234
VAL_H3M_2020_0011,SPEAKER_00,16,879.3976,885.4096,6.012,1,43,6.012,0.0,0,0.0,7.152,1.0,
VAL_H3M_2020_0011,SPEAKER_01,17,886.4416,910.7836,24.342,13,98,16.121,8.221,12,0.6851,4.026,0.662,0.7837
VAL_H3M_2020_0011,SPEAKER_00,18,911.5946,915.9646,4.37,1,22,4.37,0.0,0,0.0,5.034,1.0,
VAL_H3M_2020_0011,SPEAKER_01,19,917.0916,953.3646,36.273,13,119,24.343,11.93,12,0.9942,3.281,0.671,0.6923
VAL_H3M_2020_0011,SPEAKER_00,20,955.5446,957.3346,1.79,1,15,1.79,0.0,0,0.0,8.38,1.0,
VAL_H3M_2020_0011,SPEAKER_01,21,958.6856,977.2966,18.611,7,87,14.61,4.001,6,0.6668,4.675,0.785,0.7120
VAL_H3M_2023_00269,SPEAKER_00,1,587.5293,834.5673,247.038,126,879,155.846,91.192,125,0.7295,3.558,0.631,0.7224
VAL_H3M_2023_00269,SPEAKER_01,2,834.7873,836.5273,1.74,1,11,1.74,0.0,0,0.0,6.322,1.0,
VAL_H3M_2023_00269,SPEAKER_00,3,837.5383,1145.9833,308.445,143,1038,201.583,106.862,142,0.7525,3.365,0.654,0.7558
VAL_H3M_2023_00269,SPEAKER_01,4,1146.1343,1148.3363,2.202,1,9,2.202,0.0,0,0.0,4.087,1.0,
VAL_H3M_2023_00269,SPEAKER_00,5,1148.3563,1174.1653,25.809,14,58,15.841,9.968,13,0.7668,2.247,0.614,0.8345
VAL_H3M_2023_00286,SPEAKER_00,1,595.4006,617.1106,21.71,6,52,10.124,11.586,5,2.3172,2.395,0.466,0.6766
VAL_H3M_2023_00286,SPEAKER_01,2,619.0006,621.2206,2.22,2,8,1.6,0.62,1,0.62,3.604,0.721,
VAL_H3M_2023_00286,SPEAKER_00,3,622.9136,712.3366,89.423,34,346,59.127,30.296,33,0.9181,3.869,0.661,0.7306
VAL_H3M_2023_00286,SPEAKER_01,4,712.8776,713.8576,0.98,1,7,0.98,0.0,0,0.0,7.143,1.0,
VAL_H3M_2023_00286,SPEAKER_00,5,714.3886,767.2436,52.855,20,161,31.8409,21.0141,19,1.106,3.046,0.602,0.7848
VAL_H3M_2023_00286,SPEAKER_01,6,769.4656,770.8156,1.35,1,7,1.35,0.0,0,0.0,5.185,1.0,
VAL_H3M_2023_00286,SPEAKER_00,7,772.1696,794.7896,22.62,8,36,9.312,13.308,7,1.9011,1.592,0.412,0.6480
VAL_H3M_2023_00286,SPEAKER_01,8,794.8596,807.4146,12.555,4,36,5.583,6.972,3,2.324,2.867,0.445,
VAL_H3M_2023_00286,SPEAKER_00,9,808.8756,809.7366,0.861,1,5,0.861,0.0,0,0.0,5.807,1.0,0.7820
VAL_H3M_2023_00286,SPEAKER_01,10,809.8966,814.0476,4.151,2,10,1.8,2.351,1,2.351,2.409,0.434,
VAL_H3M_2023_00286,SPEAKER_00,11,815.1796,881.5476,66.368,30,233,40.06,26.308,29,0.9072,3.511,0.604,0.7200
VAL_H3M_2023_00286,SPEAKER_01,12,881.9706,883.5006,1.53,1,14,1.53,0.0,0,0.0,9.15,1.0,
VAL_H3M_2023_00286,SPEAKER_00,13,885.5226,902.7906,17.268,8,66,12.372,4.896,7,0.6994,3.822,0.716,0.8725
VAL_H3M_2023_00286,SPEAKER_01,14,904.6356,906.3056,1.67,1,10,1.67,0.0,0,0.0,5.988,1.0,
VAL_H3M_2023_00286,SPEAKER_00,15,909.2286,998.9376,89.709,34,282,52.57,37.139,33,1.1254,3.143,0.586,0.7320
VAL_H3M_2023_00286,SPEAKER_01,16,1000.1876,1005.3476,5.16,2,30,4.68,0.48,1,0.48,5.814,0.907,
VAL_H3M_2023_00286,SPEAKER_00,17,1006.3416,1081.8976,75.556,30,229,45.609,29.947,29,1.0327,3.031,0.604,0.7893
VAL_H3M_2023_00286,SPEAKER_01,18,1083.2856,1088.4556,5.17,2,23,4.02,1.15,1,1.15,4.449,0.778,
VAL_H3M_2023_00286,SPEAKER_00,19,1089.4606,1172.4086,82.948,32,238,46.308,36.64,31,1.1819,2.869,0.558,0.7840
VAL_H3M_2023_00286,SPEAKER_01,20,1174.0106,1174.7506,0.74,1,4,0.74,0.0,0,0.0,5.405,1.0,
VAL_H3M_2023_00286,SPEAKER_00,21,1177.9726,1189.9392,11.9666,5,50,6.4386,5.528,4,1.382,4.178,0.538,0.6370
VAL_H3M_2023_00293,SPEAKER_01,1,492.613,500.06,7.447,3,23,5.497,1.95,2,0.975,3.088,0.738,0.6848
VAL_H3M_2023_00293,SPEAKER_00,2,501.681,505.434,3.753,1,25,3.753,0.0,0,0.0,6.661,1.0,
VAL_H3M_2023_00293,SPEAKER_01,3,505.685,548.03,42.345,14,122,32.736,9.609,13,0.7392,2.881,0.773,0.7731
VAL_H3M_2023_00293,SPEAKER_00,4,549.562,554.923,5.361,2,26,4.361,1.0,1,1.0,4.85,0.813,
VAL_H3M_2023_00293,SPEAKER_01,5,554.963,634.425,79.462,19,292,65.6319,13.8301,18,0.7683,3.675,0.826,0.7372
VAL_H3M_2023_00293,SPEAKER_00,6,636.042,640.246,4.204,1,22,4.204,0.0,0,0.0,5.233,1.0,
VAL_H3M_2023_00293,SPEAKER_01,7,640.927,641.687,0.76,1,7,0.76,0.0,0,0.0,9.211,1.0,0.7190
VAL_H3M_2023_00293,SPEAKER_00,8,642.068,643.649,1.581,1,6,1.581,0.0,0,0.0,3.795,1.0,
VAL_H3M_2023_00293,SPEAKER_01,9,644.33,657.148,12.818,3,29,7.502,5.316,2,2.658,2.262,0.585,0.7151
VAL_H3M_2023_00293,SPEAKER_00,10,658.032,660.672,2.64,1,15,2.64,0.0,0,0.0,5.682,1.0,
VAL_H3M_2023_00293,SPEAKER_01,11,660.784,779.45,118.666,27,451,99.25,19.416,26,0.7468,3.801,0.836,0.7711
VAL_H3M_2023_00293,SPEAKER_00,12,780.4,781.691,1.291,1,9,1.291,0.0,0,0.0,6.971,1.0,
VAL_H3M_2023_00293,SPEAKER_01,13,782.211,803.96,21.749,7,79,17.259,4.49,6,0.7483,3.632,0.794,0.6972
VAL_H3M_2023_00293,SPEAKER_00,14,804.24,806.941,2.701,1,18,2.701,0.0,0,0.0,6.664,1.0,
VAL_H3M_2023_00293,SPEAKER_01,15,806.961,883.719,76.758,21,327,63.566,13.192,20,0.6596,4.26,0.828,0.7420
VAL_H3M_2023_00293,SPEAKER_00,16,885.011,893.569,8.558,2,42,8.045,0.513,1,0.513,4.908,0.94,
VAL_H3M_2023_00293,SPEAKER_01,17,893.929,945.983,52.054,15,194,40.382,11.672,14,0.8337,3.727,0.776,0.7785
VAL_H3M_2023_00293,SPEAKER_00,18,947.919,953.04,5.121,1,29,5.121,0.0,0,0.0,5.663,1.0,
VAL_H3M_2023_00293,SPEAKER_01,19,953.4,984.039,30.639,8,130,26.433,4.206,7,0.6009,4.243,0.863,0.7229
VAL_H3M_2023_00337,SPEAKER_00,1,515.0991,535.7561,20.657,6,113,17.587,3.07,5,0.614,5.47,0.851,0.8055
VAL_H3M_2023_00337,SPEAKER_01,2,536.4561,541.9561,5.5,3,28,4.49,1.01,2,0.505,5.091,0.816,
VAL_H3M_2023_00337,SPEAKER_00,3,543.6381,567.5801,23.942,8,92,16.887,7.055,7,1.0079,3.843,0.705,0.8219
VAL_H3M_2023_00337,SPEAKER_01,4,568.8141,574.6401,5.826,2,30,5.371,0.455,1,0.455,5.149,0.922,
VAL_H3M_2023_00337,SPEAKER_00,5,575.7731,624.4281,48.655,22,211,36.201,12.454,21,0.593,4.337,0.744,0.7840
VAL_H3M_2023_00337,SPEAKER_01,6,626.1581,627.8281,1.67,1,9,1.67,0.0,0,0.0,5.389,1.0,
VAL_H3M_2023_00337,SPEAKER_00,7,634.4701,674.0091,39.539,14,171,30.47,9.069,13,0.6976,4.325,0.771,0.8146
VAL_H3M_2023_00337,SPEAKER_01,8,674.8791,675.2691,0.39,1,3,0.39,0.0,0,0.0,7.692,1.0,
VAL_H3M_2023_00337,SPEAKER_00,9,675.6591,716.6821,41.023,18,184,29.632,11.391,17,0.6701,4.485,0.722,0.7268
VAL_H3M_2023_00337,SPEAKER_01,10,717.0211,718.3421,1.321,1,10,1.321,0.0,0,0.0,7.57,1.0,
VAL_H3M_2023_00337,SPEAKER_00,11,719.5231,732.9631,13.44,4,58,12.26,1.18,3,0.3933,4.315,0.912,0.8207
VAL_H3M_2023_00337,SPEAKER_01,12,733.5931,734.4341,0.841,1,4,0.841,0.0,0,0.0,4.756,1.0,
VAL_H3M_2023_00337,SPEAKER_00,13,736.3511,751.3561,15.005,6,55,9.835,5.17,5,1.034,3.665,0.655,0.6900
VAL_H3M_2023_00337,SPEAKER_01,14,751.4961,759.4391,7.943,5,24,5.072,2.871,4,0.7177,3.022,0.639,
VAL_H3M_2023_00337,SPEAKER_00,15,760.4791,806.6891,46.21,15,240,37.0269,9.1831,14,0.6559,5.194,0.801,0.7212
VAL_H3M_2023_00337,SPEAKER_01,16,807.7691,812.6391,4.87,2,26,4.58,0.29,1,0.29,5.339,0.94,
VAL_H3M_2023_00337,SPEAKER_00,17,814.6751,857.4661,42.791,17,166,30.849,11.942,16,0.7464,3.879,0.721,0.7473
VAL_H3M_2023_00337,SPEAKER_01,18,858.0661,859.4271,1.361,1,5,1.361,0.0,0,0.0,3.674,1.0,
VAL_H3M_2023_00337,SPEAKER_00,19,860.0471,888.9451,28.898,9,144,24.11,4.788,8,0.5985,4.983,0.834,0.7738
VAL_H3M_2023_00337,SPEAKER_01,20,890.5491,894.7511,4.202,1,25,4.202,0.0,0,0.0,5.95,1.0,
VAL_H3M_2023_00337,SPEAKER_00,21,895.3621,924.5311,29.169,11,131,22.488,6.681,10,0.6681,4.491,0.771,0.8470
VAL_H3M_2023_00337,SPEAKER_01,22,925.8511,926.3311,0.48,1,5,0.48,0.0,0,0.0,10.417,1.0,
VAL_H3M_2023_00337,SPEAKER_00,23,926.9721,940.1831,13.211,7,50,9.771,3.44,6,0.5733,3.785,0.74,0.7629
VAL_H3M_2023_00337,SPEAKER_01,24,940.9931,943.8831,2.89,1,15,2.89,0.0,0,0.0,5.19,1.0,
VAL_H3M_2023_00337,SPEAKER_00,25,944.8441,964.6531,19.809,9,112,15.493,4.316,8,0.5395,5.654,0.782,0.5492
VAL_H3M_2023_00337,SPEAKER_01,26,966.1231,967.0031,0.88,1,8,0.88,0.0,0,0.0,9.091,1.0,
VAL_H3M_2023_00337,SPEAKER_00,27,967.9551,977.8431,9.888,4,58,7.467,2.421,3,0.807,5.866,0.755,0.6597
VAL_H3M_2023_00337,SPEAKER_01,28,978.9931,980.1431,1.15,1,6,1.15,0.0,0,0.0,5.217,1.0,
VAL_H3M_2023_00337,SPEAKER_00,29,980.7461,1022.4801,41.734,16,159,28.544,13.19,15,0.8793,3.81,0.684,0.7570
VAL_H3M_2023_00404,SPEAKER_00,1,570.9883,639.3213,68.333,27,312,46.511,21.822,26,0.8393,4.566,0.681,0.7530
VAL_H3M_2023_00404,SPEAKER_01,2,640.8513,648.6223,7.771,3,31,6.05,1.721,2,0.8605,3.989,0.779,
VAL_H3M_2023_00404,SPEAKER_00,3,649.8333,662.9393,13.106,7,56,9.523,3.583,6,0.5972,4.273,0.727,0.8037
VAL_H3M_2023_00404,UNKNOWN,4,663.3193,663.4393,0.12,1,1,0.12,0.0,0,0.0,8.333,1.0,
VAL_H3M_2023_00404,SPEAKER_00,5,664.1793,710.1823,46.003,24,197,30.922,15.081,23,0.6557,4.282,0.672,0.7635
VAL_H3M_2023_00404,SPEAKER_01,6,710.2753,723.7853,13.51,5,32,10.522,2.988,4,0.747,2.369,0.779,
VAL_H3M_2023_00404,SPEAKER_00,7,724.1753,777.6303,53.455,26,225,36.408,17.047,25,0.6819,4.209,0.681,0.7715
VAL_H3M_2023_00404,SPEAKER_01,8,784.6753,784.8453,0.17,1,1,0.17,0.0,0,0.0,5.882,1.0,
VAL_H3M_2023_00404,SPEAKER_00,9,793.4323,840.3653,46.933,16,185,30.48,16.453,15,1.0969,3.942,0.649,0.7563
VAL_H3M_2023_00404,SPEAKER_01,10,840.9853,841.1253,0.14,1,1,0.14,0.0,0,0.0,7.143,1.0,
VAL_H3M_2023_00404,SPEAKER_00,11,842.1903,862.9533,20.763,10,81,15.136,5.627,9,0.6252,3.901,0.729,0.7635
VAL_H3M_2023_00404,SPEAKER_01,12,874.1823,896.5073,22.325,7,51,10.082,12.243,6,2.0405,2.284,0.452,
VAL_H3M_2023_00404,SPEAKER_00,13,897.5553,972.4553,74.9,32,299,52.343,22.557,31,0.7276,3.992,0.699,0.6799
VAL_H3M_2023_00404,SPEAKER_01,14,973.4823,976.9723,3.49,1,11,3.49,0.0,0,0.0,3.152,1.0,
VAL_H3M_2023_00404,SPEAKER_00,15,980.4953,1027.6053,47.11,19,203,31.081,16.029,18,0.8905,4.309,0.66,0.7876
VAL_H3M_2023_00404,SPEAKER_01,16,1028.1423,1031.3633,3.221,4,10,1.431,1.79,3,0.5967,3.105,0.444,
VAL_H3M_2023_00404,SPEAKER_00,17,1032.6663,1060.5213,27.855,10,117,20.788,7.067,9,0.7852,4.2,0.746,0.7598
VAL_H3M_2023_00404,SPEAKER_01,18,1060.5723,1069.1323,8.56,4,13,5.05,3.51,3,1.17,1.519,0.59,
VAL_H3M_2023_00404,SPEAKER_00,19,1069.8793,1074.5823,4.703,2,22,4.393,0.31,1,0.31,4.678,0.934,0.5929
VAL_H3M_2023_00404,SPEAKER_01,20,1078.7143,1079.6243,0.91,1,3,0.91,0.0,0,0.0,3.297,1.0,
VAL_H3M_2023_00404,SPEAKER_00,21,1081.1553,1082.8453,1.69,1,8,1.69,0.0,0,0.0,4.734,1.0,0.7122
VAL_H3M_2023_00404,SPEAKER_01,22,1083.5563,1083.9363,0.38,1,1,0.38,0.0,0,0.0,2.632,1.0,
VAL_H3M_2023_00404,SPEAKER_00,23,1084.1563,1092.1393,7.983,5,30,5.45,2.533,4,0.6332,3.758,0.683,0.6465
VAL_H3M_2023_00404,SPEAKER_01,24,1093.2403,1094.4202,1.1799,1,7,1.1799,0.0,0,0.0,5.933,1.0,
VAL_H3M_2023_00404,SPEAKER_00,25,1095.1803,1100.2823,5.102,2,18,1.85,3.252,1,3.252,3.528,0.363,0.5350
VAL_H3M_2023_00404,SPEAKER_01,26,1103.8643,1105.7843,1.92,2,3,0.7,1.22,1,1.22,1.562,0.365,
VAL_H3M_2023_00404,SPEAKER_00,27,1106.3653,1106.9653,0.6,1,7,0.6,0.0,0,0.0,11.667,1.0,0.5782
VAL_H3M_2023_00404,SPEAKER_01,28,1107.8823,1119.1723,11.29,5,18,3.0,8.29,4,2.0725,1.594,0.266,
VAL_H3M_2023_00404,SPEAKER_00,29,1120.1653,1128.0163,7.851,2,28,5.741,2.11,1,2.11,3.566,0.731,0.7087
VAL_H3M_2023_00404,SPEAKER_01,30,1128.5673,1141.3613,12.794,6,38,7.812,4.982,5,0.9964,2.97,0.611,
VAL_H3M_2024_00465,SPEAKER_01,1,543.3707,555.6627,12.292,4,67,10.702,1.59,3,0.53,5.451,0.871,0.7203
VAL_H3M_2024_00465,SPEAKER_00,2,560.6357,568.1977,7.562,3,46,6.492,1.07,2,0.535,6.083,0.859,
VAL_H3M_2024_00465,SPEAKER_01,3,568.3977,617.1628,48.7651,19,168,36.7571,12.008,18,0.6671,3.445,0.754,0.7910
VAL_H3M_2024_00465,SPEAKER_00,4,618.9357,621.9657,3.03,1,13,3.03,0.0,0,0.0,4.29,1.0,
VAL_H3M_2024_00465,SPEAKER_01,5,622.7807,662.0097,39.229,13,161,30.267,8.962,12,0.7468,4.104,0.772,0.7649
VAL_H3M_2024_00465,SPEAKER_00,6,662.5697,665.0107,2.441,1,15,2.441,0.0,0,0.0,6.145,1.0,
VAL_H3M_2024_00465,SPEAKER_01,7,665.5947,708.8147,43.22,13,197,35.187,8.033,12,0.6694,4.558,0.814,0.8063
VAL_H3M_2024_00465,SPEAKER_00,8,710.0197,716.4797,6.46,3,18,3.24,3.22,2,1.61,2.786,0.502,
VAL_H3M_2024_00465,SPEAKER_01,9,718.2617,783.7317,65.47,16,314,53.241,12.229,15,0.8153,4.796,0.813,0.7611
VAL_H3M_2024_00465,SPEAKER_00,10,785.7207,788.7807,3.06,1,19,3.06,0.0,0,0.0,6.209,1.0,
VAL_H3M_2024_00465,SPEAKER_01,11,789.3357,856.9347,67.599,19,264,51.936,15.663,18,0.8702,3.905,0.768,0.7904
VAL_H3M_2024_00465,SPEAKER_00,12,857.5637,862.4877,4.924,2,24,4.574,0.35,1,0.35,4.874,0.929,
VAL_H3M_2024_00465,SPEAKER_01,13,862.7277,936.9557,74.228,24,322,57.116,17.112,23,0.744,4.338,0.769,0.8005
VAL_H3M_2024_00465,SPEAKER_00,14,938.2997,941.9997,3.7,1,19,3.7,0.0,0,0.0,5.135,1.0,
VAL_H3M_2024_00465,SPEAKER_01,15,944.0937,983.8697,39.776,19,183,29.794,9.982,18,0.5546,4.601,0.749,0.7818
VAL_H3M_2024_00465,SPEAKER_00,16,986.0107,987.8707,1.86,1,15,1.86,0.0,0,0.0,8.065,1.0,
VAL_H3M_2024_00465,SPEAKER_01,17,991.2477,1030.0797,38.832,14,163,26.92,11.912,13,0.9163,4.198,0.693,0.7189
VAL_H3M_2024_00465,SPEAKER_00,18,1030.9107,1035.0207,4.11,1,22,4.11,0.0,0,0.0,5.353,1.0,
VAL_H3M_2024_00465,SPEAKER_01,19,1036.0387,1084.5607,48.522,12,200,39.818,8.704,11,0.7913,4.122,0.821,0.7524
VAL_H3M_2025_00660,SPEAKER_01,1,541.1857,556.0937,14.908,5,86,12.545,2.363,4,0.5907,5.769,0.841,0.6535
VAL_H3M_2025_00660,SPEAKER_00,2,556.8937,559.6837,2.79,2,23,2.2,0.59,1,0.59,8.244,0.789,
VAL_H3M_2025_00660,SPEAKER_01,3,560.7697,573.3537,12.584,2,73,12.244,0.34,1,0.34,5.801,0.973,0.6049
VAL_H3M_2025_00660,SPEAKER_00,4,574.5937,576.4237,1.83,1,19,1.83,0.0,0,0.0,10.383,1.0,
VAL_H3M_2025_00660,SPEAKER_01,5,578.2347,603.9647,25.73,5,129,23.09,2.64,4,0.66,5.014,0.897,0.7252
VAL_H3M_2025_00660,SPEAKER_00,6,604.4497,605.3997,0.95,1,7,0.95,0.0,0,0.0,7.368,1.0,
VAL_H3M_2025_00660,SPEAKER_01,7,607.0697,624.6497,17.58,3,87,16.38,1.2,2,0.6,4.949,0.932,0.6781
VAL_H3M_2025_00660,SPEAKER_00,8,628.0137,629.7237,1.71,2,8,1.3,0.41,1,0.41,4.678,0.76,
VAL_H3M_2025_00660,SPEAKER_01,9,632.4087,687.4777,55.069,15,267,46.649,8.42,14,0.6014,4.848,0.847,0.7164
VAL_H3M_2025_00660,SPEAKER_00,10,688.0277,689.1277,1.1,1,11,1.1,0.0,0,0.0,10.0,1.0,
VAL_H3M_2025_00660,SPEAKER_01,11,690.7567,707.3087,16.552,6,90,14.601,1.951,5,0.3902,5.437,0.882,0.6290
VAL_H3M_2025_00660,SPEAKER_00,12,708.0487,710.1587,2.11,1,19,2.11,0.0,0,0.0,9.005,1.0,
VAL_H3M_2025_00660,SPEAKER_01,13,712.1327,716.8957,4.763,2,21,4.183,0.58,1,0.58,4.409,0.878,0.7359
VAL_H3M_2025_00660,SPEAKER_00,14,717.3867,718.2967,0.91,1,8,0.91,0.0,0,0.0,8.791,1.0,
VAL_H3M_2025_00660,SPEAKER_01,15,720.0447,746.9567,26.912,8,130,23.081,3.831,7,0.5473,4.831,0.858,0.7319
VAL_H3M_2025_00660,SPEAKER_00,16,748.3367,749.8867,1.55,2,9,1.31,0.24,1,0.24,5.806,0.845,
VAL_H3M_2025_00660,SPEAKER_01,17,751.2177,773.6677,22.45,5,113,20.84,1.61,4,0.4025,5.033,0.928,0.7270
VAL_H3M_2025_00660,SPEAKER_00,18,774.4617,775.8717,1.41,1,12,1.41,0.0,0,0.0,8.511,1.0,
VAL_H3M_2025_00660,SPEAKER_01,19,776.5627,817.2397,40.677,13,190,33.2881,7.3889,12,0.6157,4.671,0.818,0.7200
VAL_H3M_2025_00660,SPEAKER_00,20,817.9327,820.0027,2.07,1,16,2.07,0.0,0,0.0,7.729,1.0,
VAL_H3M_2025_00660,SPEAKER_01,21,820.9967,825.1767,4.18,1,23,4.18,0.0,0,0.0,5.502,1.0,0.6226
VAL_H3M_2025_00660,SPEAKER_00,22,826.3207,831.5017,5.181,3,25,3.52,1.661,2,0.8305,4.825,0.679,
VAL_H3M_2025_00660,SPEAKER_01,23,831.6247,832.3147,0.69,1,5,0.69,0.0,0,0.0,7.246,1.0,0.6060
VAL_H3M_2025_00660,SPEAKER_00,24,832.3657,833.7557,1.39,1,8,1.39,0.0,0,0.0,5.755,1.0,
VAL_H3M_2025_00660,SPEAKER_01,25,834.7967,859.3757,24.579,6,118,22.082,2.497,5,0.4994,4.801,0.898,0.7192
VAL_H3M_2025_00660,SPEAKER_00,26,860.1577,867.4977,7.34,1,49,7.34,0.0,0,0.0,6.676,1.0,
VAL_H3M_2025_00660,SPEAKER_01,27,868.5247,917.8267,49.302,12,243,41.648,7.654,11,0.6958,4.929,0.845,0.7214
VAL_H3M_2025_00660,SPEAKER_00,28,918.4677,922.2397,3.772,1,22,3.772,0.0,0,0.0,5.832,1.0,
VAL_H3M_2025_00660,SPEAKER_01,29,922.9737,973.1047,50.131,9,218,43.758,6.373,8,0.7966,4.349,0.873,0.7390
VAL_H3M_2025_00660,SPEAKER_00,30,973.6047,975.0947,1.49,1,12,1.49,0.0,0,0.0,8.054,1.0,
VAL_H3M_2025_00660,SPEAKER_01,31,976.2677,978.1897,1.922,1,7,1.922,0.0,0,0.0,3.642,1.0,0.8768
VAL_H3M_2025_00660,SPEAKER_00,32,979.2307,981.5527,2.322,2,6,1.692,0.63,1,0.63,2.584,0.729,
VAL_H3M_2025_00660,SPEAKER_01,33,982.7117,987.1817,4.47,1,27,4.47,0.0,0,0.0,6.04,1.0,0.5029
VAL_H3M_2025_00660,SPEAKER_00,34,990.0427,993.9747,3.932,1,30,3.932,0.0,0,0.0,7.63,1.0,
VAL_H3M_2025_00660,SPEAKER_01,35,994.6347,1004.4977,9.863,1,70,9.863,0.0,0,0.0,7.097,1.0,0.7088
VAL_H3M_2025_00660,SPEAKER_00,36,1005.2777,1007.4677,2.19,1,18,2.19,0.0,0,0.0,8.219,1.0,
VAL_H3M_2025_00660,SPEAKER_01,37,1008.8487,1023.7187,14.87,4,65,12.8,2.07,3,0.69,4.371,0.861,0.7053
VAL_H3M_2025_00660,SPEAKER_00,38,1026.3977,1029.4277,3.03,1,21,3.03,0.0,0,0.0,6.931,1.0,
VAL_H3M_2025_00660,SPEAKER_01,39,1031.3797,1048.5597,17.18,4,70,15.37,1.81,3,0.6033,4.075,0.895,0.7121
VAL_H3M_2025_00660,SPEAKER_00,40,1049.7487,1051.9887,2.24,2,13,1.64,0.6,1,0.6,5.804,0.732,
VAL_H3M_2025_00660,SPEAKER_01,41,1053.9477,1065.6097,11.662,4,46,10.112,1.55,3,0.5167,3.944,0.867,0.8272
VAL_H3M_2025_00660,SPEAKER_00,42,1072.4107,1075.1907,2.78,1,19,2.78,0.0,0,0.0,6.835,1.0,
VAL_H3M_2025_00660,SPEAKER_01,43,1076.3497,1081.7397,5.39,1,22,5.39,0.0,0,0.0,4.082,1.0,0.6685
VAL_H3M_2026_00636,SPEAKER_01,1,578.3626,661.2506,82.888,25,274,61.662,21.226,24,0.8844,3.306,0.744,0.8335
VAL_H3M_2026_00636,SPEAKER_00,2,663.2916,671.2936,8.002,3,28,7.082,0.92,2,0.46,3.499,0.885,
VAL_H3M_2026_00636,SPEAKER_01,3,672.4736,804.0066,131.533,44,423,98.641,32.892,43,0.7649,3.216,0.75,0.8458
VAL_H3M_2026_00636,SPEAKER_00,4,805.1446,814.2686,9.124,2,42,8.274,0.85,1,0.85,4.603,0.907,
VAL_H3M_2026_00636,SPEAKER_01,5,814.3296,975.3626,161.033,50,621,130.1419,30.8911,49,0.6304,3.856,0.808,0.8072
VAL_H3M_2026_00636,SPEAKER_00,6,976.2446,1003.1296,26.885,4,109,22.576,4.309,3,1.4363,4.054,0.84,
VAL_H3M_2026_00636,SPEAKER_01,7,1003.4696,1073.1536,69.684,23,260,54.731,14.953,22,0.6797,3.731,0.785,0.8447
VAL_H3M_2026_00636,SPEAKER_00,8,1074.7936,1090.9066,16.113,4,53,13.133,2.98,3,0.9933,3.289,0.815,
VAL_H3M_2026_00636,SPEAKER_01,9,1091.6406,1156.1826,64.542,22,204,51.1861,13.3559,21,0.636,3.161,0.793,0.8488
VAL_M1A_2019_0012,SPEAKER_00,1,452.0929,458.3379,6.245,4,27,3.183,3.062,3,1.0207,4.323,0.51,
VAL_M1A_2019_0012,SPEAKER_01,2,458.3579,471.1129,12.755,6,56,8.682,4.073,5,0.8146,4.39,0.681,0.7730
VAL_M1A_2019_0012,SPEAKER_00,3,472.0879,473.1379,1.05,1,5,1.05,0.0,0,0.0,4.762,1.0,
VAL_M1A_2019_0012,SPEAKER_01,4,474.1549,478.3549,4.2,2,20,3.6,0.6,1,0.6,4.762,0.857,0.6206
VAL_M1A_2019_0012,SPEAKER_00,5,480.6269,484.7389,4.112,1,20,4.112,0.0,0,0.0,4.864,1.0,
VAL_M1A_2019_0012,SPEAKER_01,6,486.6199,508.9129,22.293,8,129,16.845,5.448,7,0.7783,5.787,0.756,0.7471
VAL_M1A_2019_0012,SPEAKER_00,7,509.0929,525.2249,16.132,7,78,11.283,4.849,6,0.8082,4.835,0.699,
VAL_M1A_2019_0012,SPEAKER_01,8,525.8949,526.3349,0.44,1,3,0.44,0.0,0,0.0,6.818,1.0,0.7340
VAL_M1A_2019_0012,SPEAKER_00,9,526.4949,534.0769,7.582,3,40,7.072,0.51,2,0.255,5.276,0.933,
VAL_M1A_2019_0012,SPEAKER_01,10,534.2569,549.4599,15.203,6,71,10.992,4.211,5,0.8422,4.67,0.723,0.8272
VAL_M1A_2019_0012,SPEAKER_00,11,550.0399,553.8009,3.761,1,27,3.761,0.0,0,0.0,7.179,1.0,
VAL_M1A_2019_0012,SPEAKER_01,12,554.4419,563.4059,8.964,2,49,6.75,2.214,1,2.214,5.466,0.753,0.6617
VAL_M1A_2019_0012,SPEAKER_00,13,563.5379,573.9199,10.382,4,48,8.38,2.002,3,0.6673,4.623,0.807,
VAL_M1A_2019_0012,SPEAKER_01,14,576.1869,595.8299,19.643,6,104,15.587,4.056,5,0.8112,5.295,0.794,0.8067
VAL_M1A_2019_0012,SPEAKER_00,15,596.2929,610.6279,14.335,5,72,11.066,3.269,4,0.8172,5.023,0.772,
VAL_M1A_2019_0012,SPEAKER_01,16,611.9399,626.2899,14.35,5,70,11.18,3.17,4,0.7925,4.878,0.779,0.8160
VAL_M1A_2019_0012,SPEAKER_00,17,626.6489,644.0389,17.39,5,97,13.494,3.896,4,0.974,5.578,0.776,
VAL_M1A_2019_0012,SPEAKER_01,18,645.0509,664.9739,19.923,5,119,18.013,1.91,4,0.4775,5.973,0.904,0.7462
VAL_M1A_2019_0012,SPEAKER_00,19,670.7739,680.7029,9.929,2,47,7.713,2.216,1,2.216,4.734,0.777,
VAL_M1A_2019_0012,SPEAKER_01,20,681.2079,690.1949,8.987,3,39,8.102,0.885,2,0.4425,4.34,0.902,0.7878
VAL_M1A_2019_0012,SPEAKER_00,21,691.6159,694.3979,2.782,1,27,2.782,0.0,0,0.0,9.705,1.0,
VAL_M1A_2019_0012,SPEAKER_01,22,694.4179,697.8279,3.41,1,22,3.41,0.0,0,0.0,6.452,1.0,0.6924
VAL_M1A_2019_0012,SPEAKER_00,23,700.7569,706.1869,5.43,2,35,4.66,0.77,1,0.77,6.446,0.858,
VAL_M1A_2019_0012,SPEAKER_01,24,707.9399,726.1679,18.228,6,105,14.834,3.394,5,0.6788,5.76,0.814,0.7229
VAL_M1A_2019_0012,SPEAKER_00,25,726.8079,728.6979,1.89,1,17,1.89,0.0,0,0.0,8.995,1.0,
VAL_M1A_2019_0012,SPEAKER_01,26,730.4739,734.4649,3.991,2,26,3.24,0.751,1,0.751,6.515,0.812,0.6489
VAL_M1A_2019_0012,SPEAKER_00,27,735.5759,742.2069,6.631,1,40,6.631,0.0,0,0.0,6.032,1.0,
VAL_M1A_2019_0012,SPEAKER_01,28,744.7379,756.7499,12.012,4,60,10.86,1.152,3,0.384,4.995,0.904,0.6633
VAL_M1A_2019_0012,SPEAKER_00,29,758.6769,767.1219,8.445,3,41,7.415,1.03,2,0.515,4.855,0.878,
VAL_M1A_2019_0012,SPEAKER_01,30,767.2219,789.7939,22.572,7,99,18.93,3.642,6,0.607,4.386,0.839,0.7169
VAL_M1A_2019_0012,SPEAKER_00,31,790.1159,791.1459,1.03,1,9,1.03,0.0,0,0.0,8.738,1.0,
VAL_M1A_2019_0012,SPEAKER_01,32,791.4559,791.6359,0.18,1,1,0.18,0.0,0,0.0,5.556,1.0,
VAL_M1A_2019_0012,SPEAKER_00,33,792.7369,809.0969,16.36,5,73,13.09,3.27,4,0.8175,4.462,0.8,
VAL_M1A_2019_0012,SPEAKER_01,34,811.8189,823.9459,12.127,4,82,10.877,1.25,3,0.4167,6.762,0.897,0.7280
VAL_M1A_2019_0012,SPEAKER_00,35,823.9659,824.7159,0.75,1,5,0.75,0.0,0,0.0,6.667,1.0,
VAL_M1A_2019_0012,SPEAKER_01,36,824.8059,825.6959,0.89,1,5,0.89,0.0,0,0.0,5.618,1.0,0.5430
VAL_M1A_2019_0012,SPEAKER_00,37,827.4279,838.6019,11.174,4,51,8.714,2.46,3,0.82,4.564,0.78,
VAL_M1A_2019_0012,SPEAKER_01,38,839.4499,858.9299,19.48,3,111,18.47,1.01,2,0.505,5.698,0.948,0.7404
VAL_M1A_2019_0012,SPEAKER_00,39,861.6229,875.0459,13.423,5,66,9.702,3.721,4,0.9302,4.917,0.723,
VAL_M1A_2019_0012,SPEAKER_01,40,875.1059,901.7629,26.657,9,124,20.032,6.625,8,0.8281,4.652,0.751,0.8043
VAL_M1A_2019_0012,SPEAKER_00,41,902.0519,904.0199,1.968,1,16,1.968,0.0,0,0.0,8.13,1.0,
VAL_M1A_2020_0013,SPEAKER_01,1,497.6936,514.1066,16.413,7,67,9.96,6.453,6,1.0755,4.082,0.607,0.4939
VAL_M1A_2020_0013,SPEAKER_00,2,515.2296,523.1456,7.916,5,29,5.46,2.456,4,0.614,3.663,0.69,
VAL_M1A_2020_0013,SPEAKER_01,3,524.3666,538.6036,14.237,6,80,11.91,2.327,5,0.4654,5.619,0.837,0.6417
VAL_M1A_2020_0013,SPEAKER_00,4,538.9386,560.5786,21.64,5,107,19.037,2.603,4,0.6507,4.945,0.88,
VAL_M1A_2020_0013,SPEAKER_01,5,561.0196,568.3706,7.351,3,50,6.68,0.671,2,0.3355,6.802,0.909,0.5431
VAL_M1A_2020_0013,SPEAKER_00,6,569.9616,578.1036,8.142,4,53,7.112,1.03,3,0.3433,6.509,0.873,
VAL_M1A_2020_0013,SPEAKER_01,7,578.2036,597.5916,19.388,8,109,16.618,2.77,7,0.3957,5.622,0.857,0.6670
VAL_M1A_2020_0013,SPEAKER_00,8,597.6716,615.4616,17.79,5,96,15.269,2.521,4,0.6302,5.396,0.858,
VAL_M1A_2020_0013,SPEAKER_01,9,616.1316,618.8916,2.76,1,18,2.76,0.0,0,0.0,6.522,1.0,0.1890
VAL_M1A_2020_0013,SPEAKER_00,10,619.0636,637.2896,18.226,7,93,15.992,2.234,6,0.3723,5.103,0.877,
VAL_M1A_2020_0013,SPEAKER_01,11,637.5876,661.0326,23.445,7,137,20.053,3.392,6,0.5653,5.843,0.855,0.6871
VAL_M1A_2020_0013,SPEAKER_00,12,661.2436,661.3636,0.12,1,2,0.12,0.0,0,0.0,16.667,1.0,
VAL_M1A_2020_0013,SPEAKER_01,13,661.9036,679.7836,17.88,5,101,15.643,2.237,4,0.5593,5.649,0.875,0.6768
VAL_M1A_2020_0013,SPEAKER_00,14,680.0276,681.2776,1.25,2,3,0.97,0.28,1,0.28,2.4,0.776,
VAL_M1A_2020_0013,SPEAKER_01,15,681.8046,717.5876,35.783,12,191,32.043,3.74,11,0.34,5.338,0.895,0.6694
VAL_M1A_2020_0013,SPEAKER_00,16,719.6196,720.8496,1.23,1,6,1.23,0.0,0,0.0,4.878,1.0,
VAL_M1A_2020_0013,SPEAKER_01,17,722.2636,741.7506,19.487,7,110,16.34,3.147,6,0.5245,5.645,0.839,0.7003
VAL_M1A_2020_0013,SPEAKER_00,18,742.1166,761.3196,19.203,5,111,17.242,1.961,4,0.4902,5.78,0.898,
VAL_M1A_2020_0013,SPEAKER_01,19,761.5806,762.2506,0.67,1,6,0.67,0.0,0,0.0,8.955,1.0,
VAL_M1A_2020_0013,SPEAKER_00,20,762.4406,783.8966,21.456,6,114,18.58,2.876,5,0.5752,5.313,0.866,
VAL_M1A_2020_0013,SPEAKER_01,21,784.2616,795.4116,11.15,4,61,9.73,1.42,3,0.4733,5.471,0.873,0.6572
VAL_M1A_2020_0013,SPEAKER_00,22,795.4716,796.7926,1.321,1,10,1.321,0.0,0,0.0,7.57,1.0,
VAL_M1A_2020_0013,SPEAKER_01,23,797.0126,797.8226,0.81,1,6,0.81,0.0,0,0.0,7.407,1.0,0.9020
VAL_M1A_2020_0013,SPEAKER_00,24,797.8736,798.3336,0.46,1,3,0.46,0.0,0,0.0,6.522,1.0,
VAL_M1A_2020_0013,SPEAKER_01,25,799.9946,802.7646,2.77,1,22,2.77,0.0,0,0.0,7.942,1.0,0.3605
VAL_M1A_2020_0013,SPEAKER_00,26,803.3856,858.4956,55.11,20,275,44.147,10.963,19,0.577,4.99,0.801,
VAL_M1A_2020_0013,SPEAKER_01,27,858.5556,860.2656,1.71,1,12,1.71,0.0,0,0.0,7.018,1.0,0.3537
VAL_M1A_2020_0013,SPEAKER_00,28,860.4156,870.8066,10.391,4,59,8.88,1.511,3,0.5037,5.678,0.855,
VAL_M1A_2020_0013,SPEAKER_01,29,871.1206,888.6546,17.534,8,99,13.4,4.134,7,0.5906,5.646,0.764,0.5709
VAL_M1A_2020_0013,SPEAKER_00,30,889.2156,901.0596,11.844,4,62,8.47,3.374,3,1.1247,5.235,0.715,
VAL_M1A_2020_0013,SPEAKER_01,31,901.9686,919.5316,17.563,7,102,15.252,2.311,6,0.3852,5.808,0.868,0.6663
VAL_M1A_2020_0013,SPEAKER_00,32,919.5516,919.9716,0.42,1,5,0.42,0.0,0,0.0,11.905,1.0,
VAL_M1A_2020_0013,SPEAKER_01,33,920.6516,936.1446,15.493,5,89,13.016,2.477,4,0.6192,5.745,0.84,0.6619
VAL_M1A_2020_0013,SPEAKER_00,34,936.3966,938.8876,2.491,1,21,2.491,0.0,0,0.0,8.43,1.0,
VAL_M1A_2020_0013,SPEAKER_01,35,940.8076,942.0976,1.29,1,11,1.29,0.0,0,0.0,8.527,1.0,0.2860
VAL_M1A_2020_0013,SPEAKER_00,36,942.6986,952.5716,9.873,3,43,8.563,1.31,2,0.655,4.355,0.867,
VAL_M1A_2020_0013,SPEAKER_01,37,953.1566,958.7276,5.571,3,32,4.531,1.04,2,0.52,5.744,0.813,0.5760
VAL_M1A_2020_0013,SPEAKER_00,38,959.0396,971.2956,12.256,6,71,10.534,1.722,5,0.3444,5.793,0.859,
VAL_M1A_2020_0013,SPEAKER_01,39,971.5056,978.0386,6.533,5,34,3.961,2.572,4,0.643,5.204,0.606,0.5010
VAL_M1A_2020_0013,SPEAKER_00,40,978.2496,994.4286,16.179,7,73,12.017,4.162,6,0.6937,4.512,0.743,
VAL_M1A_2021_0020,SPEAKER_00,1,491.8535,523.4535,31.6,16,112,21.111,10.489,15,0.6993,3.544,0.668,0.7552
VAL_M1A_2021_0020,SPEAKER_01,2,527.0045,529.3345,2.33,1,16,2.33,0.0,0,0.0,6.867,1.0,
VAL_M1A_2021_0020,SPEAKER_00,3,531.4095,555.3605,23.951,8,65,13.44,10.511,7,1.5016,2.714,0.561,0.8324
VAL_M1A_2021_0020,SPEAKER_01,4,559.4735,562.7135,3.24,2,8,1.51,1.73,1,1.73,2.469,0.466,
VAL_M1A_2021_0020,SPEAKER_00,5,563.6945,566.5945,2.9,1,17,2.9,0.0,0,0.0,5.862,1.0,0.8469
VAL_M1A_2021_0020,SPEAKER_01,6,567.5345,567.7145,0.18,1,1,0.18,0.0,0,0.0,5.556,1.0,
VAL_M1A_2021_0020,SPEAKER_00,7,572.1755,981.767,409.5915,149,1362,251.0835,158.508,148,1.071,3.325,0.613,0.7772
VAL_M1A_2021_0022,SPEAKER_00,1,529.6536,605.2416,75.588,26,334,57.543,18.045,25,0.7218,4.419,0.761,0.7384
VAL_M1A_2021_0022,SPEAKER_01,2,607.9066,613.5686,5.662,1,21,5.662,0.0,0,0.0,3.709,1.0,
VAL_M1A_2021_0022,SPEAKER_00,3,614.1936,691.7126,77.519,28,362,56.52,20.999,27,0.7777,4.67,0.729,0.6957
VAL_M1A_2021_0022,SPEAKER_01,4,693.1026,703.2836,10.181,4,32,7.53,2.651,3,0.8837,3.143,0.74,
VAL_M1A_2021_0022,SPEAKER_00,5,703.7346,732.7236,28.989,12,127,19.184,9.805,11,0.8914,4.381,0.662,0.7008
VAL_M1A_2021_0022,SPEAKER_01,6,733.7546,742.2276,8.473,5,25,5.532,2.941,4,0.7352,2.951,0.653,
VAL_M1A_2021_0022,SPEAKER_00,7,742.5396,781.7226,39.183,15,193,29.265,9.918,14,0.7084,4.926,0.747,0.6859
VAL_M1A_2021_0022,SPEAKER_01,8,782.7096,783.8496,1.14,1,6,1.14,0.0,0,0.0,5.263,1.0,
VAL_M1A_2021_0022,SPEAKER_00,9,784.0706,784.5606,0.49,1,3,0.49,0.0,0,0.0,6.122,1.0,0.4795
VAL_M1A_2021_0022,SPEAKER_01,10,785.8106,790.2936,4.483,2,15,4.163,0.32,1,0.32,3.346,0.929,
VAL_M1A_2021_0022,SPEAKER_00,11,790.9136,830.7456,39.832,15,219,30.642,9.19,14,0.6564,5.498,0.769,0.7052
VAL_M1A_2021_0022,SPEAKER_01,12,831.1366,836.9786,5.842,2,23,5.222,0.62,1,0.62,3.937,0.894,
VAL_M1A_2021_0022,SPEAKER_00,13,837.9386,850.1686,12.23,5,64,9.435,2.795,4,0.6987,5.233,0.771,0.8342
VAL_M1A_2021_0022,SPEAKER_01,14,850.9786,855.4286,4.45,1,17,4.45,0.0,0,0.0,3.82,1.0,
VAL_M1A_2021_0022,SPEAKER_00,15,855.6226,858.2726,2.65,2,13,2.25,0.4,1,0.4,4.906,0.849,0.7486
VAL_M1A_2021_0022,SPEAKER_01,16,858.4836,867.0896,8.606,4,21,4.133,4.473,3,1.491,2.44,0.48,
VAL_M1A_2021_0022,SPEAKER_00,17,869.0196,886.1096,17.09,4,108,14.068,3.022,3,1.0073,6.319,0.823,0.6512
VAL_M1A_2021_0022,SPEAKER_01,18,887.1006,898.7226,11.622,5,35,8.792,2.83,4,0.7075,3.012,0.756,
VAL_M1A_2021_0022,SPEAKER_00,19,899.0026,931.3036,32.301,13,158,24.885,7.416,12,0.618,4.891,0.77,0.7592
VAL_M1A_2021_0022,SPEAKER_01,20,932.8446,939.2986,6.454,2,20,6.124,0.33,1,0.33,3.099,0.949,
VAL_M1A_2021_0022,SPEAKER_00,21,939.9786,960.9166,20.938,10,97,14.523,6.415,9,0.7128,4.633,0.694,0.7671
VAL_M1A_2021_0022,SPEAKER_01,22,961.1676,961.7476,0.58,1,3,0.58,0.0,0,0.0,5.172,1.0,
VAL_M1A_2021_0022,SPEAKER_00,23,963.0886,1015.1016,52.013,21,196,34.174,17.839,20,0.8919,3.768,0.657,0.7311
VAL_M1A_2021_0022,SPEAKER_01,24,1015.4016,1019.5316,4.13,1,19,4.13,0.0,0,0.0,4.6,1.0,
VAL_M1A_2021_0022,SPEAKER_00,25,1020.3426,1046.7696,26.427,11,129,19.862,6.565,10,0.6565,4.881,0.752,0.7333
VAL_M1A_2021_0022,SPEAKER_01,26,1047.7236,1054.2906,6.567,4,23,5.21,1.357,3,0.4523,3.502,0.793,
VAL_M1A_2021_0022,SPEAKER_00,27,1055.1036,1058.0436,2.94,1,18,2.94,0.0,0,0.0,6.122,1.0,0.6913
VAL_M1A_2021_0023,SPEAKER_00,1,529.3767,674.3177,144.941,38,681,117.8981,27.0429,37,0.7309,4.698,0.813,0.7639
VAL_M1A_2021_0023,SPEAKER_01,2,674.3987,695.1257,20.727,8,93,16.463,4.264,7,0.6091,4.487,0.794,
VAL_M1A_2021_0023,SPEAKER_00,3,695.5057,764.5537,69.048,25,332,55.382,13.666,24,0.5694,4.808,0.802,0.7905
VAL_M1A_2021_0023,SPEAKER_01,4,765.6177,785.4817,19.864,5,103,14.793,5.071,4,1.2677,5.185,0.745,
VAL_M1A_2021_0023,SPEAKER_00,5,785.8617,924.7237,138.862,37,631,102.379,36.483,36,1.0134,4.544,0.737,0.7930
VAL_M1A_2021_0023,SPEAKER_01,6,927.6247,938.8567,11.232,6,58,8.871,2.361,5,0.4722,5.164,0.79,
VAL_M1A_2021_0023,SPEAKER_00,7,939.6887,946.8907,7.202,3,34,6.252,0.95,2,0.475,4.721,0.868,0.7792
VAL_M1A_2021_0023,SPEAKER_01,8,947.7707,975.9607,28.19,11,110,22.4,5.79,10,0.579,3.902,0.795,
VAL_M1A_2021_0023,SPEAKER_00,9,977.2057,1000.3767,23.171,7,112,18.196,4.975,6,0.8292,4.834,0.785,0.6956
VAL_M1A_2021_0023,SPEAKER_01,10,1000.4167,1008.8447,8.428,4,36,7.268,1.16,3,0.3867,4.271,0.862,
VAL_M1A_2021_0023,SPEAKER_00,11,1009.5657,1033.4217,23.856,8,79,17.287,6.569,7,0.9384,3.312,0.725,0.8136
VAL_M1A_2021_0023,SPEAKER_01,12,1034.2697,1040.2937,6.024,2,39,5.504,0.52,1,0.52,6.474,0.914,
VAL_M1A_2021_0023,SPEAKER_00,13,1041.0957,1058.3167,17.221,7,83,13.601,3.62,6,0.6033,4.82,0.79,0.7556
VAL_M1A_2021_0035,SPEAKER_01,1,547.6289,552.4789,4.85,3,20,4.19,0.66,2,0.33,4.124,0.864,0.7304
VAL_M1A_2021_0035,SPEAKER_00,2,553.1429,554.8129,1.67,1,13,1.67,0.0,0,0.0,7.784,1.0,
VAL_M1A_2021_0035,SPEAKER_01,3,556.1749,564.3009,8.126,2,45,7.496,0.63,1,0.63,5.538,0.922,0.7708
VAL_M1A_2021_0035,SPEAKER_00,4,564.3209,568.7839,4.463,2,25,3.183,1.28,1,1.28,5.602,0.713,
VAL_M1A_2021_0035,SPEAKER_01,5,570.4049,577.0749,6.67,3,34,4.9,1.77,2,0.885,5.097,0.735,0.8470
VAL_M1A_2021_0035,SPEAKER_00,6,577.8639,579.6258,1.7619,1,14,1.7619,0.0,0,0.0,7.946,1.0,
VAL_M1A_2021_0035,SPEAKER_01,7,581.7269,586.4789,4.752,3,29,3.5,1.252,2,0.626,6.103,0.737,0.8022
VAL_M1A_2021_0035,SPEAKER_00,8,586.9319,593.5449,6.613,2,37,5.68,0.933,1,0.933,5.595,0.859,
VAL_M1A_2021_0035,SPEAKER_01,9,595.0779,601.1109,6.033,2,22,3.631,2.402,1,2.402,3.647,0.602,0.7815
VAL_M1A_2021_0035,SPEAKER_00,10,605.6219,608.1229,2.501,1,17,2.501,0.0,0,0.0,6.797,1.0,
VAL_M1A_2021_0035,SPEAKER_01,11,609.9039,620.4589,10.555,5,41,6.321,4.234,4,1.0585,3.884,0.599,0.7338
VAL_M1A_2021_0035,SPEAKER_00,12,621.2789,627.9419,6.663,1,50,6.663,0.0,0,0.0,7.504,1.0,
VAL_M1A_2021_0035,SPEAKER_01,13,630.0929,643.2769,13.184,3,67,10.84,2.344,2,1.172,5.082,0.822,0.7348
VAL_M1A_2021_0035,SPEAKER_00,14,644.2839,647.9139,3.63,1,25,3.63,0.0,0,0.0,6.887,1.0,
VAL_M1A_2021_0035,SPEAKER_01,15,652.0569,666.8569,14.8,4,79,13.5,1.3,3,0.4333,5.338,0.912,0.7349
VAL_M1A_2021_0035,SPEAKER_00,16,668.6429,680.0169,11.374,5,54,7.72,3.654,4,0.9135,4.748,0.679,
VAL_M1A_2021_0035,SPEAKER_01,17,680.6839,688.2739,7.59,2,43,7.04,0.55,1,0.55,5.665,0.928,0.6428
VAL_M1A_2021_0035,SPEAKER_00,18,688.7799,696.9469,8.167,2,34,5.855,2.312,1,2.312,4.163,0.717,
VAL_M1A_2021_0035,SPEAKER_01,19,697.8279,705.7099,7.882,5,34,6.022,1.86,4,0.465,4.314,0.764,0.8637
VAL_M1A_2021_0035,SPEAKER_00,20,706.9039,737.4949,30.591,8,120,19.796,10.795,7,1.5421,3.923,0.647,
VAL_M1A_2021_0035,SPEAKER_01,21,737.7669,743.9769,6.21,2,26,5.02,1.19,1,1.19,4.187,0.808,0.7146
VAL_M1A_2021_0035,SPEAKER_00,22,744.5119,751.4179,6.906,4,35,5.163,1.743,3,0.581,5.068,0.748,
VAL_M1A_2021_0035,SPEAKER_01,23,758.1229,769.5889,11.466,4,45,8.565,2.901,3,0.967,3.925,0.747,0.8270
VAL_M1A_2021_0035,SPEAKER_00,24,771.0209,780.1549,9.134,3,55,7.08,2.054,2,1.027,6.021,0.775,
VAL_M1A_2021_0035,SPEAKER_01,25,780.7259,793.0159,12.29,6,54,9.42,2.87,5,0.574,4.394,0.766,0.7384
VAL_M1A_2021_0035,SPEAKER_00,26,793.1309,794.6319,1.501,1,10,1.501,0.0,0,0.0,6.662,1.0,
VAL_M1A_2021_0035,SPEAKER_01,27,796.2309,798.6709,2.44,1,21,2.44,0.0,0,0.0,8.607,1.0,0.6014
VAL_M1A_2021_0035,SPEAKER_00,28,799.1519,805.5129,6.361,2,39,5.37,0.991,1,0.991,6.131,0.844,
VAL_M1A_2021_0035,SPEAKER_01,29,807.8349,819.6859,11.851,5,52,8.141,3.71,4,0.9275,4.388,0.687,0.7731
VAL_M1A_2021_0035,SPEAKER_00,30,820.1889,834.9779,14.789,6,95,11.825,2.964,5,0.5928,6.424,0.8,
VAL_M1A_2021_0035,SPEAKER_01,31,836.0599,846.3939,10.334,6,49,8.684,1.65,5,0.33,4.742,0.84,0.8444
VAL_M1A_2021_0035,SPEAKER_00,32,847.0679,852.8359,5.768,2,26,4.882,0.886,1,0.886,4.508,0.846,
VAL_M1A_2021_0035,SPEAKER_01,33,853.2169,853.9569,0.74,1,7,0.74,0.0,0,0.0,9.459,1.0,0.3497
VAL_M1A_2021_0035,SPEAKER_00,34,854.5569,860.6869,6.13,1,50,6.13,0.0,0,0.0,8.157,1.0,
VAL_M1A_2021_0035,SPEAKER_01,35,860.9179,861.9979,1.08,1,7,1.08,0.0,0,0.0,6.481,1.0,0.5957
VAL_M1A_2021_0035,SPEAKER_00,36,862.5579,886.1249,23.567,8,95,16.552,7.015,7,1.0021,4.031,0.702,
VAL_M1A_2021_0035,SPEAKER_01,37,886.9879,891.6379,4.65,3,22,3.92,0.73,2,0.365,4.731,0.843,0.8780
VAL_M1A_2021_0035,SPEAKER_00,38,892.9329,895.0149,2.082,1,12,2.082,0.0,0,0.0,5.764,1.0,
VAL_M1A_2021_0035,SPEAKER_01,39,895.5149,898.8979,3.383,1,19,3.383,0.0,0,0.0,5.616,1.0,0.7394
VAL_M1A_2021_0035,SPEAKER_00,40,899.8839,906.8469,6.963,3,43,5.651,1.312,2,0.656,6.175,0.812,
VAL_M1A_2021_0035,SPEAKER_01,41,907.4679,914.2309,6.763,2,39,6.453,0.31,1,0.31,5.767,0.954,0.6440
VAL_M1A_2021_0035,SPEAKER_00,42,915.2309,916.6609,1.43,1,9,1.43,0.0,0,0.0,6.294,1.0,
VAL_M1A_2021_0035,SPEAKER_01,43,918.2529,923.2029,4.95,3,16,3.0,1.95,2,0.975,3.232,0.606,0.9260
VAL_M1A_2021_0035,SPEAKER_00,44,924.8179,935.2229,10.405,3,50,8.53,1.875,2,0.9375,4.805,0.82,
VAL_M1A_2021_0035,SPEAKER_01,45,936.4069,944.9799,8.573,3,44,7.183,1.39,2,0.695,5.132,0.838,0.7400
VAL_M1A_2021_0035,SPEAKER_00,46,945.7339,949.4549,3.721,2,25,3.161,0.56,1,0.56,6.719,0.85,
VAL_M1A_2021_0035,SPEAKER_01,47,951.3179,959.8409,8.523,4,30,6.694,1.829,3,0.6097,3.52,0.785,0.7738
VAL_M1A_2021_0035,SPEAKER_00,48,960.7509,964.8029,4.052,1,33,4.052,0.0,0,0.0,8.144,1.0,
VAL_M1A_2021_0035,SPEAKER_01,49,965.6629,976.8279,11.165,3,52,8.385,2.78,2,1.39,4.657,0.751,0.9170
VAL_M1A_2021_0035,SPEAKER_00,50,977.7679,999.4709,21.703,6,114,17.139,4.564,5,0.9128,5.253,0.79,
VAL_M1A_2021_0035,SPEAKER_01,51,1003.5459,1014.3569,10.811,2,64,9.81,1.001,1,1.001,5.92,0.907,0.6650
VAL_M1A_2021_0035,SPEAKER_00,52,1014.3769,1016.8199,2.443,1,20,2.443,0.0,0,0.0,8.187,1.0,
VAL_M1A_2021_0035,SPEAKER_01,53,1016.8399,1018.4099,1.57,1,12,1.57,0.0,0,0.0,7.643,1.0,0.5949
VAL_M1A_2021_0035,SPEAKER_00,54,1018.9519,1020.2519,1.3,1,9,1.3,0.0,0,0.0,6.923,1.0,
VAL_M1A_2021_0035,SPEAKER_01,55,1022.8459,1033.2639,10.418,4,32,8.615,1.803,3,0.601,3.072,0.827,0.7539
VAL_M1A_2021_0035,SPEAKER_00,56,1034.1139,1046.7609,12.647,5,57,8.024,4.623,4,1.1557,4.507,0.634,
VAL_M1A_2021_0035,SPEAKER_01,57,1048.2349,1049.6749,1.44,2,6,1.06,0.38,1,0.38,4.167,0.736,0.8855
VAL_M1A_2021_0035,SPEAKER_00,58,1051.0819,1055.5539,4.472,3,23,3.68,0.792,2,0.396,5.143,0.823,
VAL_M1A_2021_0035,SPEAKER_01,59,1055.6049,1064.3508,8.7459,2,34,7.8049,0.941,1,0.941,3.888,0.892,0.7074
VAL_M1A_2021_0035,SPEAKER_00,60,1065.8309,1070.3209,4.49,1,23,4.49,0.0,0,0.0,5.122,1.0,
VAL_M1A_2021_0035,SPEAKER_01,61,1070.9779,1081.7579,10.78,5,49,9.04,1.74,4,0.435,4.545,0.839,0.7294
VAL_M1A_2021_0035,SPEAKER_00,62,1081.8029,1085.1729,3.37,2,16,2.79,0.58,1,0.58,4.748,0.828,
VAL_M1A_2021_0035,SPEAKER_01,63,1087.1249,1093.7679,6.643,1,38,6.643,0.0,0,0.0,5.72,1.0,0.7247
VAL_M1A_2023_00318,SPEAKER_01,1,513.6306,515.8206,2.19,1,14,2.19,0.0,0,0.0,6.393,1.0,
VAL_M1A_2023_00318,SPEAKER_00,2,517.5436,572.5706,55.027,17,294,44.719,10.308,16,0.6442,5.343,0.813,0.7356
VAL_M1A_2023_00318,SPEAKER_01,3,574.5976,584.3136,9.716,4,47,8.457,1.259,3,0.4197,4.837,0.87,
VAL_M1A_2023_00318,SPEAKER_00,4,588.8356,725.0286,136.193,39,672,110.375,25.818,38,0.6794,4.934,0.81,0.7590
VAL_M1A_2023_00318,SPEAKER_01,5,727.5546,733.4566,5.902,1,35,5.902,0.0,0,0.0,5.93,1.0,
VAL_M1A_2023_00318,SPEAKER_00,6,734.3496,758.4106,24.061,6,132,22.171,1.89,5,0.378,5.486,0.921,0.7838
VAL_M1A_2023_00318,SPEAKER_01,7,761.5176,766.7076,5.19,4,20,3.77,1.42,3,0.4733,3.854,0.726,
VAL_M1A_2023_00318,SPEAKER_00,8,767.8196,832.3396,64.52,19,333,50.7901,13.7299,18,0.7628,5.161,0.787,0.7670
VAL_M1A_2023_00318,SPEAKER_01,9,834.3076,836.2496,1.942,1,14,1.942,0.0,0,0.0,7.209,1.0,
VAL_M1A_2023_00318,SPEAKER_00,10,838.6276,888.0626,49.435,21,208,36.08,13.355,20,0.6677,4.208,0.73,0.7914
VAL_M1A_2023_00318,SPEAKER_01,11,890.2466,894.6866,4.44,3,24,3.9,0.54,2,0.27,5.405,0.878,
VAL_M1A_2023_00318,SPEAKER_00,12,896.9326,944.3466,47.414,16,179,31.233,16.181,15,1.0787,3.775,0.659,0.7650
VAL_M1A_2023_00318,SPEAKER_01,13,949.4216,953.1866,3.765,2,18,3.105,0.66,1,0.66,4.781,0.825,
VAL_M1A_2023_00318,SPEAKER_00,14,955.1646,1022.2246,67.06,17,260,52.303,14.757,16,0.9223,3.877,0.78,0.7845
VAL_M1A_2023_00319,SPEAKER_00,1,257.1094,283.9314,26.822,9,147,23.071,3.751,8,0.4689,5.481,0.86,0.7931
VAL_M1A_2023_00319,SPEAKER_01,2,284.9814,295.9134,10.932,5,48,9.032,1.9,4,0.475,4.391,0.826,
VAL_M1A_2023_00319,SPEAKER_00,3,298.0494,346.8384,48.789,18,295,41.821,6.968,17,0.4099,6.046,0.857,0.7393
VAL_M1A_2023_00319,SPEAKER_01,4,348.0874,353.4174,5.33,3,20,3.67,1.66,2,0.83,3.752,0.689,
VAL_M1A_2023_00319,SPEAKER_00,5,356.3284,368.2164,11.888,5,45,8.648,3.24,4,0.81,3.785,0.727,0.8380
VAL_M1A_2023_00319,SPEAKER_01,6,369.3564,373.3294,3.973,2,10,3.3,0.673,1,0.673,2.517,0.831,
VAL_M1A_2023_00319,SPEAKER_00,7,377.9164,401.3364,23.42,7,123,20.32,3.1,6,0.5167,5.252,0.868,0.7723
VAL_M1A_2023_00319,SPEAKER_01,8,402.6824,404.8624,2.18,1,16,2.18,0.0,0,0.0,7.339,1.0,
VAL_M1A_2023_00319,SPEAKER_00,9,407.0054,416.7584,9.753,4,60,7.963,1.79,3,0.5967,6.152,0.816,0.8420
VAL_M1A_2023_00319,SPEAKER_01,10,417.8114,420.6534,2.842,2,12,2.432,0.41,1,0.41,4.222,0.856,
VAL_M1A_2023_00319,SPEAKER_00,11,422.5534,469.1454,46.592,13,284,40.187,6.405,12,0.5338,6.095,0.863,0.7262
VAL_M1A_2023_00319,SPEAKER_01,12,482.5944,495.9944,13.4,8,47,8.55,4.85,7,0.6929,3.507,0.638,
VAL_M1A_2023_00319,SPEAKER_00,13,497.2264,513.9824,16.756,6,95,13.772,2.984,5,0.5968,5.67,0.822,0.8261
VAL_M1A_2026_00629,SPEAKER_01,1,571.3046,741.9226,170.618,74,813,121.127,49.491,73,0.678,4.765,0.71,0.7538
VAL_M1A_2026_00629,UNKNOWN,2,741.9936,742.1136,0.12,1,2,0.12,0.0,0,0.0,16.667,1.0,
VAL_M1A_2026_00629,SPEAKER_01,3,742.8826,945.7486,202.866,91,914,139.028,63.838,90,0.7093,4.505,0.685,0.7462
VAL_M1A_2026_00629,SPEAKER_00,4,946.8486,948.2486,1.4,1,11,1.4,0.0,0,0.0,7.857,1.0,
VAL_M1A_2026_00629,SPEAKER_01,5,949.9926,984.6636,34.671,14,177,24.715,9.956,13,0.7658,5.105,0.713,0.7786
VAL_M1A_2026_00629,SPEAKER_00,6,985.9296,989.0396,3.11,1,27,3.11,0.0,0,0.0,8.682,1.0,
VAL_M1A_2026_00629,SPEAKER_01,7,990.9336,1130.3846,139.451,56,635,102.485,36.966,55,0.6721,4.554,0.735,0.7693
VAL_M1A_2026_00632,SPEAKER_01,1,605.1616,640.0526,34.891,12,132,27.103,7.788,11,0.708,3.783,0.777,0.8410
VAL_M1A_2026_00632,SPEAKER_00,2,643.1926,647.5766,4.384,2,26,4.044,0.34,1,0.34,5.931,0.922,
VAL_M1A_2026_00632,SPEAKER_01,3,648.9436,681.8906,32.947,14,113,21.423,11.524,13,0.8865,3.43,0.65,0.7733
VAL_M1A_2026_00632,SPEAKER_00,4,682.4256,691.1616,8.736,3,43,6.233,2.503,2,1.2515,4.922,0.713,
VAL_M1A_2026_00632,SPEAKER_01,5,692.1326,912.6256,220.493,55,761,140.596,79.897,54,1.4796,3.451,0.638,0.7838
VAL_M1A_2026_00632,SPEAKER_00,6,913.9776,926.0396,12.062,3,62,10.721,1.341,2,0.6705,5.14,0.889,
VAL_M1A_2026_00632,SPEAKER_01,7,928.3996,1098.5896,170.19,50,659,120.461,49.729,49,1.0149,3.872,0.708,0.7924
VAL_M1A_2026_00632,SPEAKER_00,8,1099.8996,1104.4026,4.503,1,30,4.503,0.0,0,0.0,6.662,1.0,
VAL_M1A_2026_00632,SPEAKER_01,9,1106.3246,1191.7036,85.379,26,291,60.993,24.386,25,0.9754,3.408,0.714,0.8321
VAL_M1A_2026_00632,SPEAKER_00,10,1193.1146,1197.7156,4.601,2,20,4.251,0.35,1,0.35,4.347,0.924,
VAL_M1A_2026_00632,SPEAKER_01,11,1201.4016,1209.2656,7.864,3,33,6.344,1.52,2,0.76,4.196,0.807,0.8798
VAL_M1B_2001_00575,SPEAKER_00,1,319.9008,324.5708,4.67,2,27,4.43,0.24,1,0.24,5.782,0.949,0.6774
VAL_M1B_2001_00575,SPEAKER_01,2,325.5818,327.1818,1.6,1,10,1.6,0.0,0,0.0,6.25,1.0,
VAL_M1B_2001_00575,SPEAKER_00,3,327.2618,371.6458,44.384,13,262,38.101,6.283,12,0.5236,5.903,0.858,0.7495
VAL_M1B_2001_00575,SPEAKER_01,4,372.4018,374.0428,1.641,2,8,1.18,0.461,1,0.461,4.875,0.719,
VAL_M1B_2001_00575,SPEAKER_00,5,375.1138,377.1658,2.052,2,13,1.162,0.89,1,0.89,6.335,0.566,0.5428
VAL_M1B_2001_00575,SPEAKER_01,6,378.8778,381.9878,3.11,2,12,2.84,0.27,1,0.27,3.859,0.913,
VAL_M1B_2001_00575,SPEAKER_00,7,382.3588,399.2518,16.893,5,113,14.901,1.992,4,0.498,6.689,0.882,0.6513
VAL_M1B_2001_00575,SPEAKER_01,8,399.9018,402.9828,3.081,2,13,2.12,0.961,1,0.961,4.219,0.688,
VAL_M1B_2001_00575,SPEAKER_00,9,403.9478,427.3258,23.378,8,156,20.226,3.152,7,0.4503,6.673,0.865,0.7586
VAL_M1B_2001_00575,SPEAKER_01,10,429.1998,429.9598,0.76,1,4,0.76,0.0,0,0.0,5.263,1.0,
VAL_M1B_2001_00575,SPEAKER_00,11,430.3408,441.7648,11.424,3,80,10.463,0.961,2,0.4805,7.003,0.916,0.6825
VAL_M1B_2001_00575,SPEAKER_01,12,445.2068,452.8669,7.6601,2,36,6.5451,1.115,1,1.115,4.7,0.854,
VAL_M1B_2001_00575,SPEAKER_00,13,453.2668,492.3008,39.034,11,228,33.617,5.417,10,0.5417,5.841,0.861,0.7364
VAL_M1B_2001_00575,SPEAKER_01,14,492.6708,500.6948,8.024,3,45,6.543,1.481,2,0.7405,5.608,0.815,
VAL_M1B_2001_00575,SPEAKER_00,15,501.8748,545.9398,44.065,15,241,36.952,7.113,14,0.5081,5.469,0.839,0.7180
VAL_M1B_2001_00575,SPEAKER_01,16,546.5638,551.5548,4.991,2,24,4.721,0.27,1,0.27,4.809,0.946,
VAL_M1B_2001_00575,SPEAKER_00,17,552.4378,558.9098,6.472,4,35,4.41,2.062,3,0.6873,5.408,0.681,0.8034
VAL_M1B_2001_00575,SPEAKER_01,18,559.6918,562.0628,2.371,1,16,2.371,0.0,0,0.0,6.748,1.0,
VAL_M1B_2001_00575,SPEAKER_00,19,563.5838,568.0938,4.51,2,35,4.27,0.24,1,0.24,7.761,0.947,0.7646
VAL_M1B_2001_00575,SPEAKER_01,20,570.8858,572.5658,1.68,1,12,1.68,0.0,0,0.0,7.143,1.0,
VAL_M1B_2001_00575,SPEAKER_00,21,573.3078,601.8858,28.578,10,161,23.062,5.516,9,0.6129,5.634,0.807,0.6525
VAL_M1B_2001_00575,SPEAKER_01,22,603.3338,610.7388,7.405,1,39,7.405,0.0,0,0.0,5.267,1.0,
VAL_M1B_2001_00575,SPEAKER_00,23,611.0588,639.0088,27.95,10,202,24.608,3.342,9,0.3713,7.227,0.88,0.7616
VAL_M1B_2001_00586,SPEAKER_00,1,422.2154,428.5454,6.33,3,44,5.5,0.83,2,0.415,6.951,0.869,0.7745
VAL_M1B_2001_00586,SPEAKER_01,2,428.8274,429.9874,1.16,1,8,1.16,0.0,0,0.0,6.897,1.0,
VAL_M1B_2001_00586,SPEAKER_00,3,430.2974,432.0674,1.77,1,14,1.77,0.0,0,0.0,7.91,1.0,0.7499
VAL_M1B_2001_00586,SPEAKER_01,4,432.2284,433.3284,1.1,1,8,1.1,0.0,0,0.0,7.273,1.0,
VAL_M1B_2001_00586,SPEAKER_00,5,433.3784,437.4584,4.08,2,15,2.61,1.47,1,1.47,3.676,0.64,0.5922
VAL_M1B_2001_00586,SPEAKER_01,6,438.1994,439.3394,1.14,1,5,1.14,0.0,0,0.0,4.386,1.0,
VAL_M1B_2001_00586,SPEAKER_00,7,439.7194,461.8024,22.083,9,94,16.661,5.422,8,0.6778,4.257,0.754,0.7613
VAL_M1B_2001_00586,SPEAKER_01,8,461.8224,464.9424,3.12,1,18,3.12,0.0,0,0.0,5.769,1.0,
VAL_M1B_2001_00586,SPEAKER_00,9,465.6854,488.0014,22.316,9,122,18.474,3.842,8,0.4802,5.467,0.828,0.7491
VAL_M1B_2001_00586,SPEAKER_01,10,488.2924,492.8324,4.54,2,28,4.28,0.26,1,0.26,6.167,0.943,
VAL_M1B_2001_00586,SPEAKER_00,11,493.0334,494.0134,0.98,1,8,0.98,0.0,0,0.0,8.163,1.0,0.3878
VAL_M1B_2001_00586,SPEAKER_01,12,494.3234,497.9744,3.651,1,18,3.651,0.0,0,0.0,4.93,1.0,
VAL_M1B_2001_00586,SPEAKER_00,13,498.0344,540.2044,42.17,18,216,34.464,7.706,17,0.4533,5.122,0.817,0.6805
VAL_M1B_2001_00586,SPEAKER_01,14,541.3274,544.0904,2.763,1,17,2.763,0.0,0,0.0,6.153,1.0,
VAL_M1B_2001_00586,SPEAKER_00,15,544.1104,553.7544,9.644,3,50,8.26,1.384,2,0.692,5.185,0.856,0.8528
VAL_M1B_2001_00586,SPEAKER_01,16,555.1004,556.7004,1.6,1,13,1.6,0.0,0,0.0,8.125,1.0,
VAL_M1B_2001_00586,SPEAKER_00,17,556.9824,560.0024,3.02,2,11,2.44,0.58,1,0.58,3.642,0.808,0.5358
VAL_M1B_2001_00586,SPEAKER_01,18,561.0054,562.5954,1.59,1,12,1.59,0.0,0,0.0,7.547,1.0,
VAL_M1B_2001_00586,SPEAKER_00,19,563.2204,567.0204,3.8,2,18,3.47,0.33,1,0.33,4.737,0.913,0.6032
VAL_M1B_2001_00586,SPEAKER_01,20,567.3424,572.0424,4.7,1,34,4.7,0.0,0,0.0,7.234,1.0,
VAL_M1B_2001_00586,SPEAKER_00,21,572.5454,612.7284,40.183,19,189,30.866,9.317,18,0.5176,4.703,0.768,0.8052
VAL_M1B_2001_00586,SPEAKER_01,22,613.6794,615.5804,1.901,1,16,1.901,0.0,0,0.0,8.417,1.0,
VAL_M1B_2001_00586,SPEAKER_00,23,615.7804,617.8404,2.06,2,8,1.75,0.31,1,0.31,3.883,0.85,0.6806
VAL_M1B_2001_00586,SPEAKER_01,24,618.7204,621.3414,2.621,1,22,2.621,0.0,0,0.0,8.394,1.0,
VAL_M1B_2001_00586,SPEAKER_00,25,621.3614,624.1414,2.78,1,18,2.78,0.0,0,0.0,6.475,1.0,0.6280
VAL_M1B_2001_00586,SPEAKER_01,26,626.4524,629.0324,2.58,1,13,2.58,0.0,0,0.0,5.039,1.0,
VAL_M1B_2001_00586,SPEAKER_00,27,629.2634,630.0534,0.79,1,7,0.79,0.0,0,0.0,8.861,1.0,0.4403
VAL_M1B_2001_00586,SPEAKER_01,28,630.3034,636.8454,6.542,2,33,5.83,0.712,1,0.712,5.044,0.891,
VAL_M1B_2001_00586,SPEAKER_00,29,637.0454,645.0664,8.021,3,42,5.47,2.551,2,1.2755,5.236,0.682,0.5588
VAL_M1B_2001_00586,SPEAKER_01,30,646.1474,647.2374,1.09,1,5,1.09,0.0,0,0.0,4.587,1.0,
VAL_M1B_2001_00586,SPEAKER_00,31,647.7084,648.4094,0.701,1,5,0.701,0.0,0,0.0,7.133,1.0,0.7207
VAL_M1B_2001_00586,SPEAKER_01,32,649.4104,650.7004,1.29,1,10,1.29,0.0,0,0.0,7.752,1.0,
VAL_M1B_2001_00586,SPEAKER_00,33,651.4514,655.8544,4.403,2,19,3.341,1.062,1,1.062,4.315,0.759,0.6181
VAL_M1B_2001_00586,SPEAKER_01,34,655.9344,656.8644,0.93,1,9,0.93,0.0,0,0.0,9.677,1.0,
VAL_M1B_2001_00586,SPEAKER_00,35,657.4964,658.5064,1.01,1,8,1.01,0.0,0,0.0,7.921,1.0,0.5675
VAL_M1B_2001_00586,SPEAKER_01,36,659.3274,662.0774,2.75,2,23,2.43,0.32,1,0.32,8.364,0.884,
VAL_M1B_2001_00586,SPEAKER_00,37,662.1994,668.0924,5.893,2,14,3.951,1.942,1,1.942,2.376,0.67,0.6162
VAL_M1B_2001_00586,SPEAKER_01,38,668.1634,671.1844,3.021,2,19,2.371,0.65,1,0.65,6.289,0.785,
VAL_M1B_2001_00586,SPEAKER_00,39,672.2824,680.6244,8.342,4,50,6.541,1.801,3,0.6003,5.994,0.784,0.7212
VAL_M1B_2001_00586,SPEAKER_01,40,680.7694,681.8494,1.08,1,6,1.08,0.0,0,0.0,5.556,1.0,
VAL_M1B_2001_00586,SPEAKER_00,41,682.5304,706.9764,24.446,10,101,18.662,5.784,9,0.6427,4.132,0.763,0.8097
VAL_M1B_2001_00586,SPEAKER_01,42,707.8504,711.4714,3.621,2,18,3.061,0.56,1,0.56,4.971,0.845,
VAL_M1B_2001_00586,SPEAKER_00,43,712.4324,718.4144,5.982,2,37,5.652,0.33,1,0.33,6.185,0.945,0.8195
VAL_M1B_2001_00586,SPEAKER_01,44,719.3354,722.9454,3.61,2,20,2.87,0.74,1,0.74,5.54,0.795,
VAL_M1B_2001_00586,SPEAKER_00,45,723.8774,740.6444,16.767,6,84,14.212,2.555,5,0.511,5.01,0.848,0.6456
VAL_M1B_2001_00586,SPEAKER_01,46,741.5264,751.6764,10.15,4,54,8.48,1.67,3,0.5567,5.32,0.835,
VAL_M1B_2001_00586,SPEAKER_00,47,753.1684,770.9524,17.784,9,58,10.961,6.823,8,0.8529,3.261,0.616,0.7775
VAL_M1B_2001_00586,SPEAKER_01,48,771.8044,775.9264,4.122,2,18,3.4,0.722,1,0.722,4.367,0.825,
VAL_M1B_2001_00586,SPEAKER_00,49,777.1084,811.8674,34.759,14,136,25.83,8.929,13,0.6868,3.913,0.743,0.8930
VAL_M1B_2001_00586,SPEAKER_01,50,811.9974,812.9474,0.95,1,6,0.95,0.0,0,0.0,6.316,1.0,
VAL_M1B_2001_00586,SPEAKER_00,51,813.6174,814.4174,0.8,1,7,0.8,0.0,0,0.0,8.75,1.0,0.7193
VAL_M1B_2001_00586,SPEAKER_01,52,814.8384,819.0974,4.259,2,28,3.542,0.717,1,0.717,6.574,0.832,
VAL_M1B_2001_00586,SPEAKER_00,53,819.5174,823.6884,4.171,2,20,3.35,0.821,1,0.821,4.795,0.803,0.8395
VAL_M1B_2001_00586,SPEAKER_01,54,824.2404,825.7414,1.501,1,11,1.501,0.0,0,0.0,7.328,1.0,
VAL_M1B_2001_00586,SPEAKER_00,55,827.0414,827.8114,0.77,1,7,0.77,0.0,0,0.0,9.091,1.0,0.7605
VAL_M1B_2001_00586,SPEAKER_01,56,828.5524,831.5924,3.04,1,22,3.04,0.0,0,0.0,7.237,1.0,
VAL_M1B_2001_00586,SPEAKER_00,57,832.4054,842.8004,10.395,4,32,6.44,3.955,3,1.3183,3.078,0.62,0.4695
VAL_M1B_2006_00596,SPEAKER_01,1,407.3594,457.7104,50.351,14,258,42.28,8.071,13,0.6208,5.124,0.84,0.7536
VAL_M1B_2006_00596,SPEAKER_00,2,458.3344,461.1244,2.79,1,18,2.79,0.0,0,0.0,6.452,1.0,
VAL_M1B_2006_00596,SPEAKER_01,3,461.2364,461.9264,0.69,1,5,0.69,0.0,0,0.0,7.246,1.0,0.7065
VAL_M1B_2006_00596,SPEAKER_00,4,462.2374,462.5074,0.27,1,2,0.27,0.0,0,0.0,7.407,1.0,
VAL_M1B_2006_00596,SPEAKER_01,5,462.9374,463.8674,0.93,1,8,0.93,0.0,0,0.0,8.602,1.0,0.8067
VAL_M1B_2006_00596,SPEAKER_00,6,464.1184,465.8184,1.7,1,11,1.7,0.0,0,0.0,6.471,1.0,
VAL_M1B_2006_00596,SPEAKER_01,7,466.2404,540.1434,73.903,23,339,58.11,15.793,22,0.7179,4.587,0.786,0.8084
VAL_M1B_2006_00596,SPEAKER_00,8,541.2344,549.4804,8.246,3,43,7.324,0.922,2,0.461,5.215,0.888,
VAL_M1B_2006_00596,SPEAKER_01,9,550.1004,598.0814,47.981,14,227,38.53,9.451,13,0.727,4.731,0.803,0.8016
VAL_M1B_2006_00596,SPEAKER_00,10,598.6644,599.8644,1.2,1,7,1.2,0.0,0,0.0,5.833,1.0,
VAL_M1B_2006_00596,SPEAKER_01,11,600.2844,611.8264,11.542,5,41,10.062,1.48,4,0.37,3.552,0.872,0.8745
VAL_M1B_2006_00596,SPEAKER_00,12,612.7084,624.1934,11.485,5,47,9.004,2.481,4,0.6202,4.092,0.784,
VAL_M1B_2006_00596,SPEAKER_01,13,625.3274,793.4244,168.097,58,734,131.435,36.662,57,0.6432,4.367,0.782,0.7966
VAL_M1B_2006_00596,SPEAKER_00,14,793.4924,797.0134,3.521,1,19,3.521,0.0,0,0.0,5.396,1.0,
VAL_M1B_2006_00596,SPEAKER_01,15,797.2744,812.9444,15.67,5,69,13.6,2.07,4,0.5175,4.403,0.868,0.8407
VAL_M1B_2020_00166,SPEAKER_01,1,541.241,544.022,2.781,1,17,2.781,0.0,0,0.0,6.113,1.0,0.5499
VAL_M1B_2020_00166,SPEAKER_00,2,544.583,551.785,7.202,3,35,4.701,2.501,2,1.2505,4.86,0.653,
VAL_M1B_2020_00166,SPEAKER_01,3,552.227,588.537,36.31,17,160,24.639,11.671,16,0.7294,4.406,0.679,0.6583
VAL_M1B_2020_00166,SPEAKER_00,4,589.899,592.329,2.43,1,19,2.43,0.0,0,0.0,7.819,1.0,
VAL_M1B_2020_00166,SPEAKER_01,5,592.72,635.664,42.944,19,205,29.828,13.116,18,0.7287,4.774,0.695,0.6732
VAL_M1B_2020_00166,SPEAKER_00,6,641.794,643.474,1.68,1,7,1.68,0.0,0,0.0,4.167,1.0,
VAL_M1B_2020_00166,SPEAKER_01,7,646.53,693.658,47.128,16,191,29.863,17.265,15,1.151,4.053,0.634,0.6654
VAL_M1B_2020_00166,SPEAKER_00,8,695.9,698.75,2.85,1,18,2.85,0.0,0,0.0,6.316,1.0,
VAL_M1B_2020_00166,SPEAKER_01,9,701.064,747.019,45.955,16,230,34.307,11.648,15,0.7765,5.005,0.747,0.7176
VAL_M1B_2020_00166,SPEAKER_00,10,748.352,752.602,4.25,2,20,2.61,1.64,1,1.64,4.706,0.614,
VAL_M1B_2020_00166,SPEAKER_01,11,755.196,869.383,114.187,45,535,77.803,36.384,44,0.8269,4.685,0.681,0.6400
VAL_M1B_2020_00166,SPEAKER_00,12,870.723,873.753,3.03,1,20,3.03,0.0,0,0.0,6.601,1.0,
VAL_M1B_2020_00166,SPEAKER_01,13,874.965,955.694,80.729,31,392,52.973,27.756,30,0.9252,4.856,0.656,0.6198
VAL_M1B_2020_00166,SPEAKER_00,14,960.759,969.913,9.154,4,34,6.06,3.094,3,1.0313,3.714,0.662,
VAL_M1B_2020_00166,SPEAKER_01,15,970.826,1013.528,42.702,11,186,30.934,11.768,10,1.1768,4.356,0.724,0.7984
VAL_M1B_2020_00166,SPEAKER_00,16,1017.411,1027.427,10.016,5,40,6.295,3.721,4,0.9303,3.994,0.628,
VAL_M1B_2020_00166,SPEAKER_01,17,1028.48,1073.484,45.004,19,192,27.89,17.114,18,0.9508,4.266,0.62,0.7547
VAL_M1B_2020_00166,SPEAKER_00,18,1077.144,1078.83,1.686,1,11,1.686,0.0,0,0.0,6.524,1.0,
VAL_M1B_2020_00166,SPEAKER_01,19,1080.05,1080.49,0.44,1,3,0.44,0.0,0,0.0,6.818,1.0,0.4320
VAL_M1B_2022_00105,SPEAKER_00,1,490.0335,513.3895,23.356,10,100,15.933,7.423,9,0.8248,4.282,0.682,0.7116
VAL_M1B_2022_00105,SPEAKER_01,2,513.5315,514.4915,0.96,1,13,0.96,0.0,0,0.0,13.542,1.0,
VAL_M1B_2022_00105,SPEAKER_00,3,514.6525,514.8825,0.23,1,2,0.23,0.0,0,0.0,8.696,1.0,0.2095
VAL_M1B_2022_00105,SPEAKER_01,4,515.5745,518.2955,2.721,1,32,2.721,0.0,0,0.0,11.76,1.0,
VAL_M1B_2022_00105,SPEAKER_00,5,518.4165,531.0105,12.594,6,55,8.393,4.201,5,0.8402,4.367,0.666,0.5769
VAL_M1B_2022_00105,SPEAKER_01,6,531.5835,537.6565,6.073,1,28,6.073,0.0,0,0.0,4.611,1.0,
VAL_M1B_2022_00105,SPEAKER_00,7,538.8275,567.7005,28.873,8,166,24.465,4.408,7,0.6297,5.749,0.847,0.6708
VAL_M1B_2022_00105,SPEAKER_01,8,568.2315,570.2215,1.99,2,12,1.65,0.34,1,0.34,6.03,0.829,
VAL_M1B_2022_00105,SPEAKER_00,9,571.2525,623.9105,52.658,22,293,41.4601,11.1979,21,0.5332,5.564,0.787,0.6649
VAL_M1B_2022_00105,SPEAKER_01,10,623.9305,627.3735,3.443,2,16,1.783,1.66,1,1.66,4.647,0.518,
VAL_M1B_2022_00105,SPEAKER_00,11,627.3935,634.3475,6.954,4,39,4.833,2.121,3,0.707,5.608,0.695,0.5580
VAL_M1B_2022_00105,SPEAKER_01,12,635.2385,642.8845,7.646,3,44,5.712,1.934,2,0.967,5.755,0.747,
VAL_M1B_2022_00105,SPEAKER_00,13,642.9945,660.4975,17.503,9,70,13.933,3.57,8,0.4463,3.999,0.796,0.6545
VAL_M1B_2022_00105,SPEAKER_01,14,661.1795,679.5725,18.393,11,78,11.482,6.911,10,0.6911,4.241,0.624,
VAL_M1B_2022_00105,SPEAKER_00,15,679.8245,701.6795,21.855,8,108,18.415,3.44,7,0.4914,4.942,0.843,0.7309
VAL_M1B_2022_00105,SPEAKER_01,16,702.5925,721.2795,18.687,6,101,15.917,2.77,5,0.554,5.405,0.852,
VAL_M1B_2022_00105,SPEAKER_00,17,721.7055,725.8905,4.185,3,18,3.022,1.163,2,0.5815,4.301,0.722,0.4837
VAL_M1B_2022_00105,SPEAKER_01,18,727.6525,756.5175,28.865,12,168,21.992,6.873,11,0.6248,5.82,0.762,
VAL_M1B_2022_00105,SPEAKER_00,19,756.8285,759.0085,2.18,1,13,2.18,0.0,0,0.0,5.963,1.0,0.4902
VAL_M1B_2022_00105,SPEAKER_01,20,759.0485,764.1995,5.151,4,20,3.24,1.911,3,0.637,3.883,0.629,
VAL_M1B_2022_00105,SPEAKER_00,21,764.6505,766.0315,1.381,1,10,1.381,0.0,0,0.0,7.241,1.0,0.4778
VAL_M1B_2022_00105,SPEAKER_01,22,766.3115,767.8615,1.55,1,13,1.55,0.0,0,0.0,8.387,1.0,
VAL_M1B_2022_00105,SPEAKER_00,23,768.6915,780.6015,11.91,5,53,9.601,2.309,4,0.5773,4.45,0.806,0.6711
VAL_M1B_2022_00105,SPEAKER_01,24,780.7225,781.4225,0.7,1,6,0.7,0.0,0,0.0,8.571,1.0,
VAL_M1B_2022_00105,SPEAKER_00,25,782.3835,797.7895,15.406,4,83,12.163,3.243,3,1.081,5.388,0.789,0.6613
VAL_M1B_2022_00105,SPEAKER_01,26,797.9495,802.1905,4.241,1,25,4.241,0.0,0,0.0,5.895,1.0,
VAL_M1B_2022_00105,SPEAKER_00,27,803.2605,818.8005,15.54,6,70,12.185,3.355,5,0.671,4.505,0.784,0.6416
VAL_M1B_2022_00105,SPEAKER_01,28,819.1605,822.5215,3.361,2,21,3.001,0.36,1,0.36,6.248,0.893,
VAL_M1B_2022_00105,SPEAKER_00,29,823.1225,834.1665,11.044,5,56,8.552,2.492,4,0.623,5.071,0.774,0.7666
VAL_M1B_2022_00105,SPEAKER_01,30,834.4775,855.4115,20.934,12,120,14.53,6.404,11,0.5822,5.732,0.694,
VAL_M1B_2022_00105,SPEAKER_00,31,855.4825,913.2265,57.744,27,225,38.214,19.53,26,0.7512,3.897,0.662,0.7459
VAL_M1B_2022_00105,SPEAKER_01,32,916.0595,916.6395,0.58,1,5,0.58,0.0,0,0.0,8.621,1.0,
VAL_M1B_2022_00105,SPEAKER_00,33,916.7805,917.5405,0.76,1,8,0.76,0.0,0,0.0,10.526,1.0,0.3616
VAL_M1B_2022_00105,SPEAKER_01,34,917.5605,922.9845,5.424,3,25,3.693,1.731,2,0.8655,4.609,0.681,
VAL_M1B_2022_00105,SPEAKER_00,35,923.1045,966.3675,43.263,15,250,37.196,6.067,14,0.4334,5.779,0.86,0.6652
VAL_M1B_2022_00105,SPEAKER_01,36,967.3165,971.3995,4.083,2,20,1.843,2.24,1,2.24,4.898,0.451,
VAL_M1B_2022_00105,SPEAKER_00,37,974.5075,975.1275,0.62,1,4,0.62,0.0,0,0.0,6.452,1.0,0.5615
VAL_M1B_2022_00105,SPEAKER_01,38,975.2325,975.5755,0.343,1,2,0.343,0.0,0,0.0,5.831,1.0,
VAL_M1B_2022_00105,SPEAKER_00,39,978.0145,979.2085,1.194,1,6,1.194,0.0,0,0.0,5.025,1.0,0.7657
VAL_M1B_2022_0014,SPEAKER_01,1,710.1008,724.8838,14.783,6,82,11.86,2.923,5,0.5846,5.547,0.802,0.5886
VAL_M1B_2022_0014,SPEAKER_00,2,725.5938,740.8978,15.304,7,43,7.442,7.862,6,1.3103,2.81,0.486,
VAL_M1B_2022_0014,SPEAKER_01,3,741.9788,775.9278,33.949,15,192,25.602,8.347,14,0.5962,5.656,0.754,0.5450
VAL_M1B_2022_0014,SPEAKER_00,4,777.6888,779.1498,1.461,1,14,1.461,0.0,0,0.0,9.582,1.0,
VAL_M1B_2022_0014,SPEAKER_01,5,780.5308,881.6778,101.147,39,488,71.828,29.319,38,0.7716,4.825,0.71,0.6275
VAL_M1B_2022_0014,SPEAKER_00,6,883.0878,885.4908,2.403,1,19,2.403,0.0,0,0.0,7.907,1.0,
VAL_M1B_2022_0014,SPEAKER_01,7,887.0918,1012.3218,125.23,41,638,93.696,31.534,40,0.7883,5.095,0.748,0.6870
VAL_M1B_2022_0014,SPEAKER_00,8,1014.1648,1020.6598,6.495,3,32,5.515,0.98,2,0.49,4.927,0.849,
VAL_M1B_2022_0014,SPEAKER_01,9,1022.4018,1090.6858,68.284,26,334,49.975,18.309,25,0.7324,4.891,0.732,0.6827
VAL_M1B_2022_0014,SPEAKER_00,10,1091.9868,1092.7568,0.77,1,6,0.77,0.0,0,0.0,7.792,1.0,
VAL_M1B_2022_0014,SPEAKER_01,11,1093.7478,1128.8018,35.054,15,181,25.186,9.868,14,0.7049,5.163,0.718,0.6482
VAL_M1B_2022_0014,SPEAKER_00,12,1130.5128,1136.1878,5.675,3,17,2.9,2.775,2,1.3875,2.996,0.511,
VAL_M1B_2022_0014,SPEAKER_01,13,1138.9628,1189.3628,50.4,17,249,35.063,15.337,16,0.9586,4.94,0.696,0.5575
VAL_M1B_2022_0014,UNKNOWN,14,1189.5838,1189.8038,0.22,1,3,0.22,0.0,0,0.0,13.636,1.0,
VAL_M1B_2022_0014,SPEAKER_01,15,1190.8108,1236.5078,45.697,17,260,33.159,12.538,16,0.7836,5.69,0.726,0.5994
VAL_M1B_2022_0014,SPEAKER_00,16,1238.3298,1245.7408,7.411,3,24,2.76,4.651,2,2.3255,3.238,0.372,
VAL_M1B_2022_0014,SPEAKER_01,17,1247.1318,1313.1868,66.055,25,267,48.98,17.075,24,0.7115,4.042,0.742,0.7238
VAL_M1B_2022_0014,SPEAKER_00,18,1314.8898,1315.3298,0.44,1,2,0.44,0.0,0,0.0,4.545,1.0,
VAL_M1B_2022_0014,SPEAKER_01,19,1315.5298,1337.2718,21.742,9,109,17.582,4.16,8,0.52,5.013,0.809,0.6557
VAL_M1B_2022_0014,SPEAKER_00,20,1339.1488,1350.2428,11.094,4,41,8.07,3.024,3,1.008,3.696,0.727,
VAL_M1B_2022_0014,SPEAKER_01,21,1350.9658,1419.6498,68.684,24,391,54.464,14.22,23,0.6183,5.693,0.793,0.6982
VAL_M1B_2022_0095,SPEAKER_00,1,452.1457,457.0957,4.95,1,36,4.95,0.0,0,0.0,7.273,1.0,0.6304
VAL_M1B_2022_0095,SPEAKER_01,2,457.2487,459.1497,1.901,1,19,1.901,0.0,0,0.0,9.995,1.0,
VAL_M1B_2022_0095,SPEAKER_00,3,459.3097,516.0177,56.708,16,281,48.086,8.622,15,0.5748,4.955,0.848,0.7864
VAL_M1B_2022_0095,SPEAKER_01,4,516.8547,525.1247,8.27,2,53,6.84,1.43,1,1.43,6.409,0.827,
VAL_M1B_2022_0095,SPEAKER_00,5,525.2817,537.4117,12.13,1,72,12.13,0.0,0,0.0,5.936,1.0,0.7804
VAL_M1B_2022_0095,SPEAKER_01,6,538.9877,568.1577,29.17,11,132,22.705,6.465,10,0.6465,4.525,0.778,
VAL_M1B_2022_0095,SPEAKER_00,7,568.9297,617.6047,48.675,13,263,40.1701,8.5049,12,0.7087,5.403,0.825,0.7673
VAL_M1B_2022_0095,SPEAKER_01,8,619.0507,633.3307,14.28,6,74,11.63,2.65,5,0.53,5.182,0.814,
VAL_M1B_2022_0095,SPEAKER_00,9,634.3517,654.0427,19.691,9,99,15.955,3.736,8,0.467,5.028,0.81,0.7620
VAL_M1B_2022_0095,SPEAKER_01,10,654.1147,658.1947,4.08,1,25,4.08,0.0,0,0.0,6.127,1.0,
VAL_M1B_2022_0095,SPEAKER_00,11,658.4767,677.6017,19.125,7,99,15.341,3.784,6,0.6307,5.176,0.802,0.7740
VAL_M1B_2022_0095,SPEAKER_01,12,678.9967,693.1427,14.146,8,53,10.266,3.88,7,0.5543,3.747,0.726,
VAL_M1B_2022_0095,SPEAKER_00,13,694.3237,725.4087,31.085,10,134,24.242,6.843,9,0.7603,4.311,0.78,0.7828
VAL_M1B_2022_0095,SPEAKER_01,14,727.6897,741.1347,13.445,5,50,9.723,3.722,4,0.9305,3.719,0.723,
VAL_M1B_2022_0095,SPEAKER_00,15,742.0957,799.0417,56.946,16,278,48.182,8.764,15,0.5843,4.882,0.846,0.7912
VAL_M1B_2022_0095,SPEAKER_01,16,801.5827,818.6317,17.049,6,78,13.162,3.887,5,0.7774,4.575,0.772,
VAL_M1B_2022_0095,SPEAKER_00,17,819.1047,904.1494,85.0447,17,464,75.8827,9.162,16,0.5726,5.456,0.892,0.7877
VAL_M1B_2023_00257,SPEAKER_01,1,586.6331,601.5441,14.911,7,48,8.878,6.033,6,1.0055,3.219,0.595,0.8520
VAL_M1B_2023_00257,SPEAKER_00,2,603.3861,608.3361,4.95,2,30,4.44,0.51,1,0.51,6.061,0.897,
VAL_M1B_2023_00257,SPEAKER_01,3,610.4311,617.3621,6.931,5,21,3.682,3.249,4,0.8122,3.03,0.531,0.7055
VAL_M1B_2023_00257,SPEAKER_00,4,619.2831,624.4331,5.15,2,40,4.84,0.31,1,0.31,7.767,0.94,
VAL_M1B_2023_00257,SPEAKER_01,5,625.3261,634.5861,9.26,5,32,5.51,3.75,4,0.9375,3.456,0.595,0.6079
VAL_M1B_2023_00257,SPEAKER_00,6,637.7111,652.5671,14.856,8,51,10.43,4.426,7,0.6323,3.433,0.702,
VAL_M1B_2023_00257,SPEAKER_01,7,653.5981,708.1911,54.593,18,191,36.608,17.985,17,1.0579,3.499,0.671,0.7578
VAL_M1B_2023_00257,SPEAKER_00,8,710.2221,732.6921,22.47,11,77,17.155,5.315,10,0.5315,3.427,0.763,
VAL_M1B_2023_00257,SPEAKER_01,9,733.3531,763.2281,29.875,11,111,20.52,9.355,10,0.9355,3.715,0.687,0.8026
VAL_M1B_2023_00257,SPEAKER_00,10,765.7701,777.2021,11.432,8,38,8.32,3.112,7,0.4446,3.324,0.728,
VAL_M1B_2023_00257,SPEAKER_01,11,777.7351,844.6921,66.957,22,196,38.919,28.038,21,1.3351,2.927,0.581,0.7283
VAL_M1B_2023_00257,SPEAKER_00,12,845.7531,853.6471,7.894,4,21,5.372,2.522,3,0.8407,2.66,0.681,
VAL_M1B_2023_00257,SPEAKER_01,13,854.4681,903.6731,49.205,21,141,28.542,20.663,20,1.0332,2.866,0.58,0.8163
VAL_M1B_2023_00257,SPEAKER_00,14,907.8651,912.7471,4.882,2,24,4.452,0.43,1,0.43,4.916,0.912,
VAL_M1B_2023_00257,SPEAKER_01,15,913.2271,982.2491,69.022,27,185,41.679,27.343,26,1.0517,2.68,0.604,0.7615
VAL_M1B_2023_00257,SPEAKER_00,16,984.8471,993.5731,8.726,4,37,6.784,1.942,3,0.6473,4.24,0.777,
VAL_M1B_2023_00257,SPEAKER_01,17,994.7331,1027.3381,32.605,14,131,19.808,12.797,13,0.9844,4.018,0.608,0.6710
VAL_M1B_2023_00257,SPEAKER_00,18,1030.8191,1044.8901,14.071,6,63,9.332,4.739,5,0.9478,4.477,0.663,
VAL_M1B_2023_00257,SPEAKER_01,19,1045.2111,1116.4531,71.242,25,264,44.443,26.799,24,1.1166,3.706,0.624,0.7458
VAL_M1B_2023_00257,SPEAKER_00,20,1118.1941,1131.8771,13.683,5,46,8.693,4.99,4,1.2475,3.362,0.635,
VAL_M1B_2023_00257,SPEAKER_01,21,1134.3181,1150.6591,16.341,6,46,9.032,7.309,5,1.4618,2.815,0.553,0.7994
VAL_M1B_2023_00257,SPEAKER_00,22,1154.4721,1172.4271,17.955,11,54,10.669,7.286,10,0.7286,3.008,0.594,
VAL_M1B_2025_00647,SPEAKER_00,1,553.4781,647.4251,93.947,39,320,63.203,30.744,38,0.8091,3.406,0.673,0.8613
VAL_M1B_2025_00647,SPEAKER_01,2,648.2491,651.5811,3.332,1,16,3.332,0.0,0,0.0,4.802,1.0,
VAL_M1B_2025_00647,SPEAKER_00,3,653.5231,688.3011,34.778,14,135,24.125,10.653,13,0.8195,3.882,0.694,0.7484
VAL_M1B_2025_00647,SPEAKER_01,4,688.7211,693.2251,4.504,2,24,4.254,0.25,1,0.25,5.329,0.944,
VAL_M1B_2025_00647,SPEAKER_00,5,694.0451,773.7511,79.706,37,261,51.742,27.964,36,0.7768,3.275,0.649,0.7826
VAL_M1B_2025_00647,SPEAKER_01,6,774.8421,785.8141,10.972,3,77,10.262,0.71,2,0.355,7.018,0.935,
VAL_M1B_2025_00647,SPEAKER_00,7,787.7251,938.9401,151.215,65,482,99.8,51.415,64,0.8034,3.188,0.66,0.8036
VAL_M1B_2025_00647,SPEAKER_01,8,939.6321,948.0281,8.396,3,53,6.69,1.706,2,0.853,6.313,0.797,
VAL_M1B_2025_00647,SPEAKER_00,9,948.4991,1040.9321,92.433,38,370,68.558,23.875,37,0.6453,4.003,0.742,0.8293
VAL_M1B_2025_00647,SPEAKER_01,10,1041.6641,1047.2441,5.58,1,43,5.58,0.0,0,0.0,7.706,1.0,
VAL_M1B_2025_00647,SPEAKER_00,11,1047.9771,1105.7342,57.7571,25,194,37.3411,20.416,24,0.8507,3.359,0.647,0.8246
VAL_M1B_2026_00633,SPEAKER_00,1,543.5766,684.1886,140.612,46,652,100.525,40.087,45,0.8908,4.637,0.715,0.7595
VAL_M1B_2026_00633,SPEAKER_01,2,687.9176,701.9836,14.066,4,70,11.35,2.716,3,0.9053,4.977,0.807,
VAL_M1B_2026_00633,SPEAKER_00,3,703.6686,738.8536,35.185,13,175,25.237,9.948,12,0.829,4.974,0.717,0.7049
VAL_M1B_2026_00633,SPEAKER_01,4,741.3336,745.5166,4.183,3,9,2.973,1.21,2,0.605,2.152,0.711,
VAL_M1B_2026_00633,SPEAKER_00,5,747.7116,767.3536,19.642,6,93,15.556,4.086,5,0.8172,4.735,0.792,0.6915
VAL_M1B_2026_00633,SPEAKER_01,6,768.5346,771.4076,2.873,2,11,2.063,0.81,1,0.81,3.829,0.718,
VAL_M1B_2026_00633,SPEAKER_00,7,772.1576,775.8686,3.711,2,29,3.37,0.341,1,0.341,7.815,0.908,0.4555
VAL_M1B_2026_00633,SPEAKER_01,8,776.7396,797.0946,20.355,7,79,11.902,8.453,6,1.4088,3.881,0.585,
VAL_M1B_2026_00633,SPEAKER_00,9,797.8186,837.8456,40.027,12,221,32.3911,7.6359,11,0.6942,5.521,0.809,0.7629
VAL_M1B_2026_00633,SPEAKER_01,10,839.9636,843.8156,3.852,2,19,3.592,0.26,1,0.26,4.933,0.933,
VAL_M1B_2026_00633,SPEAKER_00,11,844.5066,941.6406,97.134,33,467,68.999,28.135,32,0.8792,4.808,0.71,0.6732
VAL_M1B_2026_00633,SPEAKER_01,12,945.4586,950.9186,5.46,4,27,4.15,1.31,3,0.4367,4.945,0.76,
VAL_M1B_2026_00633,SPEAKER_00,13,951.6816,1086.2076,134.526,45,640,100.044,34.482,44,0.7837,4.757,0.744,0.7452
VAL_M1M_2019_0018,SPEAKER_01,1,488.6637,489.6137,0.95,1,4,0.95,0.0,0,0.0,4.211,1.0,
VAL_M1M_2019_0018,SPEAKER_00,2,489.8237,520.3197,30.496,13,83,23.786,6.71,12,0.5592,2.722,0.78,0.7883
VAL_M1M_2019_0018,SPEAKER_01,3,520.8717,523.8027,2.931,1,21,2.931,0.0,0,0.0,7.165,1.0,
VAL_M1M_2019_0018,SPEAKER_00,4,524.2137,563.2377,39.024,18,159,29.678,9.346,17,0.5498,4.074,0.761,0.7188
VAL_M1M_2019_0018,SPEAKER_01,5,563.7177,576.5067,12.789,4,46,10.119,2.67,3,0.89,3.597,0.791,
VAL_M1M_2019_0018,SPEAKER_00,6,577.1167,612.6177,35.501,11,166,29.228,6.273,10,0.6273,4.676,0.823,0.7750
VAL_M1M_2019_0018,SPEAKER_01,7,614.5187,621.9687,7.45,2,28,6.96,0.49,1,0.49,3.758,0.934,
VAL_M1M_2019_0018,SPEAKER_00,8,622.5427,751.6547,129.112,45,494,103.088,26.024,44,0.5915,3.826,0.798,0.8050
VAL_M1M_2019_0018,SPEAKER_01,9,752.4747,758.1367,5.662,3,27,4.622,1.04,2,0.52,4.769,0.816,
VAL_M1M_2019_0018,SPEAKER_00,10,758.7577,803.2897,44.532,16,162,36.139,8.393,15,0.5595,3.638,0.812,0.7483
VAL_M1M_2019_0018,SPEAKER_01,11,805.6167,812.5667,6.95,2,36,6.18,0.77,1,0.77,5.18,0.889,
VAL_M1M_2019_0018,SPEAKER_00,12,813.0977,845.9907,32.893,15,133,24.192,8.701,14,0.6215,4.043,0.735,0.8300
VAL_M1M_2019_0018,SPEAKER_01,13,848.2967,854.9587,6.662,2,40,6.19,0.472,1,0.472,6.004,0.929,
VAL_M1M_2019_0018,SPEAKER_00,14,855.4607,975.5837,120.123,46,524,93.642,26.481,45,0.5885,4.362,0.78,0.7570
VAL_M1M_2019_00201,SPEAKER_01,1,507.8067,566.9717,59.165,21,269,41.939,17.226,20,0.8613,4.547,0.709,0.7611
VAL_M1M_2019_00201,SPEAKER_00,2,568.5917,575.5417,6.95,4,29,4.87,2.08,3,0.6933,4.173,0.701,
VAL_M1M_2019_00201,SPEAKER_01,3,577.8567,635.8377,57.981,20,244,44.175,13.806,19,0.7266,4.208,0.762,0.7929
VAL_M1M_2019_00201,SPEAKER_00,4,636.5097,641.3997,4.89,1,34,4.89,0.0,0,0.0,6.953,1.0,
VAL_M1M_2019_00201,SPEAKER_01,5,643.8527,665.5977,21.745,7,125,18.073,3.672,6,0.612,5.748,0.831,0.7231
VAL_M1M_2019_00201,SPEAKER_00,6,667.0227,679.3087,12.286,5,58,10.094,2.192,4,0.548,4.721,0.822,
VAL_M1M_2019_00201,SPEAKER_01,7,679.9007,723.7167,43.816,13,193,31.489,12.327,12,1.0272,4.405,0.719,0.7622
VAL_M1M_2019_00201,SPEAKER_00,8,726.3587,729.6217,3.263,1,24,3.263,0.0,0,0.0,7.355,1.0,
VAL_M1M_2019_00201,SPEAKER_01,9,729.9617,757.3117,27.35,8,134,20.724,6.626,7,0.9466,4.899,0.758,0.7346
VAL_M1M_2019_00201,SPEAKER_00,10,758.1277,770.8647,12.737,3,68,10.5,2.237,2,1.1185,5.339,0.824,
VAL_M1M_2019_00201,SPEAKER_01,11,772.5807,826.0947,53.514,19,237,40.7,12.814,18,0.7119,4.429,0.761,0.7929
VAL_M1M_2019_00201,SPEAKER_00,12,826.7357,838.7567,12.021,3,73,10.481,1.54,2,0.77,6.073,0.872,
VAL_M1M_2019_00201,SPEAKER_01,13,840.3867,896.1907,55.804,18,217,36.947,18.857,17,1.1092,3.889,0.662,0.7301
VAL_M1M_2019_00201,SPEAKER_00,14,897.5817,912.4107,14.829,5,60,10.512,4.317,4,1.0793,4.046,0.709,
VAL_M1M_2019_00201,SPEAKER_01,15,913.7717,945.6577,31.886,9,126,24.322,7.564,8,0.9455,3.952,0.763,0.7563
VAL_M1M_2019_00201,SPEAKER_00,16,948.4977,965.6327,17.135,5,57,13.461,3.674,4,0.9185,3.327,0.786,
VAL_M1M_2019_00201,SPEAKER_01,17,965.7327,1006.7267,40.994,12,145,24.666,16.328,11,1.4844,3.537,0.602,0.7486
VAL_M1M_2019_00201,SPEAKER_00,18,1007.5507,1013.6507,6.1,2,31,5.74,0.36,1,0.36,5.082,0.941,
VAL_M1M_2020_00131,SPEAKER_00,1,370.4734,387.5664,17.093,8,72,11.557,5.536,7,0.7909,4.212,0.676,0.7773
VAL_M1M_2020_00131,SPEAKER_01,2,389.0964,391.0564,1.96,1,14,1.96,0.0,0,0.0,7.143,1.0,
VAL_M1M_2020_00131,SPEAKER_00,3,392.8494,425.4434,32.594,11,182,25.43,7.164,10,0.7164,5.584,0.78,0.7824
VAL_M1M_2020_00131,SPEAKER_01,4,427.5544,431.2354,3.681,1,23,3.681,0.0,0,0.0,6.248,1.0,
VAL_M1M_2020_00131,SPEAKER_00,5,432.5354,524.1944,91.659,29,356,61.014,30.645,28,1.0945,3.884,0.666,0.8185
VAL_M1M_2020_00131,SPEAKER_01,6,525.4204,526.7904,1.37,1,11,1.37,0.0,0,0.0,8.029,1.0,
VAL_M1M_2020_00131,SPEAKER_00,7,528.1614,532.7244,4.563,1,28,4.563,0.0,0,0.0,6.136,1.0,0.7721
VAL_M1M_2020_00131,SPEAKER_01,8,532.9244,534.2744,1.35,1,9,1.35,0.0,0,0.0,6.667,1.0,
VAL_M1M_2020_00131,SPEAKER_00,9,535.3254,547.5884,12.263,5,42,7.486,4.777,4,1.1943,3.425,0.61,0.8340
VAL_M1M_2020_00131,SPEAKER_01,10,548.4894,550.9504,2.461,1,18,2.461,0.0,0,0.0,7.314,1.0,
VAL_M1M_2020_00131,SPEAKER_00,11,553.7514,567.9554,14.204,4,44,8.17,6.034,3,2.0113,3.098,0.575,0.8145
VAL_M1M_2020_00131,SPEAKER_01,12,569.5344,578.6804,9.146,3,61,8.156,0.99,2,0.495,6.67,0.892,
VAL_M1M_2020_00131,SPEAKER_00,13,580.2624,608.7754,28.513,11,120,21.46,7.053,10,0.7053,4.209,0.753,0.8892
VAL_M1M_2020_00131,SPEAKER_01,14,609.2054,611.4554,2.25,1,16,2.25,0.0,0,0.0,7.111,1.0,
VAL_M1M_2020_00131,SPEAKER_00,15,612.9964,624.8994,11.903,4,52,9.143,2.76,3,0.92,4.369,0.768,0.7987
VAL_M1M_2020_00131,SPEAKER_01,16,626.4374,631.0684,4.631,1,29,4.631,0.0,0,0.0,6.262,1.0,
VAL_M1M_2020_00131,SPEAKER_00,17,633.8384,658.5204,24.682,11,65,15.764,8.918,10,0.8918,2.633,0.639,0.8715
VAL_M1M_2020_00131,SPEAKER_01,18,661.6614,663.3214,1.66,1,14,1.66,0.0,0,0.0,8.434,1.0,
VAL_M1M_2020_00131,SPEAKER_00,19,665.9934,692.2794,26.286,10,82,17.973,8.313,9,0.9237,3.12,0.684,0.8282
VAL_M1M_2020_00131,SPEAKER_01,20,694.5124,699.9834,5.471,1,39,5.471,0.0,0,0.0,7.128,1.0,
VAL_M1M_2020_00131,SPEAKER_00,21,700.9334,728.8184,27.885,8,124,22.395,5.49,7,0.7843,4.447,0.803,0.7384
VAL_M1M_2020_00131,SPEAKER_01,22,729.7924,736.1534,6.361,2,40,6.031,0.33,1,0.33,6.288,0.948,
VAL_M1M_2020_00131,SPEAKER_00,23,736.5164,740.2494,3.733,3,21,3.103,0.63,2,0.315,5.626,0.831,0.8650
VAL_M1M_2020_00154,SPEAKER_00,1,565.0469,607.0919,42.045,20,126,25.456,16.589,19,0.8731,2.997,0.605,0.8347
VAL_M1M_2020_00154,SPEAKER_01,2,609.5959,614.7459,5.15,2,4,4.89,0.26,1,0.26,0.777,0.95,
VAL_M1M_2020_00154,SPEAKER_00,3,616.7549,666.8759,50.121,21,161,29.455,20.666,20,1.0333,3.212,0.588,0.8197
VAL_M1M_2020_00154,SPEAKER_01,4,671.4059,673.1059,1.7,1,12,1.7,0.0,0,0.0,7.059,1.0,
VAL_M1M_2020_00154,SPEAKER_00,5,674.5979,798.7399,124.142,57,390,72.255,51.887,56,0.9266,3.142,0.582,0.8303
VAL_M1M_2020_00154,SPEAKER_01,6,800.0449,809.5679,9.523,3,47,8.173,1.35,2,0.675,4.935,0.858,
VAL_M1M_2020_00154,SPEAKER_00,7,810.9939,837.6849,26.691,14,72,14.3959,12.2951,13,0.9458,2.698,0.539,0.7193
VAL_M1M_2020_00154,SPEAKER_01,8,838.6649,845.7789,7.114,2,39,6.26,0.854,1,0.854,5.482,0.88,
VAL_M1M_2020_00154,SPEAKER_00,9,850.4019,861.8069,11.405,7,59,8.355,3.05,6,0.5083,5.173,0.733,0.6738
VAL_M1M_2020_00154,SPEAKER_01,10,863.4379,867.5899,4.152,3,22,2.721,1.431,2,0.7155,5.299,0.655,
VAL_M1M_2020_00154,SPEAKER_00,11,867.6799,948.4729,80.793,33,240,40.278,40.515,32,1.2661,2.971,0.499,0.8133
VAL_M1M_2020_00154,SPEAKER_01,12,949.7339,956.3739,6.64,3,23,3.25,3.39,2,1.695,3.464,0.489,
VAL_M1M_2020_00154,SPEAKER_00,13,957.7289,1098.5369,140.808,60,423,75.3569,65.4511,59,1.1093,3.004,0.535,0.8282
VAL_M1M_2020_00154,SPEAKER_01,14,1103.6209,1111.4999,7.879,3,29,5.41,2.469,2,1.2345,3.681,0.687,
VAL_M1M_2020_00154,SPEAKER_00,15,1111.7929,1124.3719,12.579,7,32,6.699,5.88,6,0.98,2.544,0.533,0.8426
VAL_M1M_2020_00167,SPEAKER_00,1,442.5206,458.0726,15.552,3,106,14.14,1.412,2,0.706,6.816,0.909,0.7533
VAL_M1M_2020_00167,SPEAKER_01,2,459.0056,463.8676,4.862,1,32,4.862,0.0,0,0.0,6.582,1.0,
VAL_M1M_2020_00167,SPEAKER_00,3,465.1876,520.4246,55.237,21,254,42.168,13.069,20,0.6535,4.598,0.763,0.7583
VAL_M1M_2020_00167,SPEAKER_01,4,521.1556,530.4456,9.29,4,54,7.191,2.099,3,0.6997,5.813,0.774,
VAL_M1M_2020_00167,SPEAKER_00,5,531.2566,573.0716,41.815,14,228,36.116,5.699,13,0.4384,5.453,0.864,0.8292
VAL_M1M_2020_00167,SPEAKER_01,6,573.1236,579.8086,6.685,2,21,5.845,0.84,1,0.84,3.141,0.874,
VAL_M1M_2020_00167,SPEAKER_00,7,580.0886,601.4626,21.374,10,88,15.69,5.684,9,0.6316,4.117,0.734,0.8395
VAL_M1M_2020_00167,SPEAKER_01,8,601.5826,610.1276,8.545,2,62,7.845,0.7,1,0.7,7.256,0.918,
VAL_M1M_2020_00167,SPEAKER_00,9,610.9016,743.3966,132.495,37,717,106.1899,26.3051,36,0.7307,5.412,0.801,0.7705
VAL_M1M_2020_00167,SPEAKER_01,10,743.4486,745.7896,2.341,1,5,2.341,0.0,0,0.0,2.136,1.0,
VAL_M1M_2020_00167,SPEAKER_00,11,746.6696,782.0836,35.414,10,194,30.478,4.936,9,0.5484,5.478,0.861,0.8148
VAL_M1M_2020_00167,SPEAKER_01,12,782.6066,784.6486,2.042,1,16,2.042,0.0,0,0.0,7.835,1.0,
VAL_M1M_2020_00167,SPEAKER_00,13,785.0086,819.2226,34.214,10,223,28.731,5.483,9,0.6092,6.518,0.84,0.7047
VAL_M1M_2020_00167,SPEAKER_01,14,820.3966,822.7796,2.383,1,20,2.383,0.0,0,0.0,8.393,1.0,
VAL_M1M_2020_00167,SPEAKER_00,15,824.1006,830.1606,6.06,3,34,5.35,0.71,2,0.355,5.611,0.883,0.8857
VAL_M1M_2020_00167,SPEAKER_01,16,831.0066,836.3706,5.364,2,45,5.124,0.24,1,0.24,8.389,0.955,
VAL_M1M_2020_00167,SPEAKER_00,17,837.5766,882.5006,44.924,10,281,39.948,4.976,9,0.5529,6.255,0.889,0.7755
VAL_M1M_2020_00173,SPEAKER_00,1,495.8326,527.7626,31.93,12,195,27.36,4.57,11,0.4155,6.107,0.857,0.6980
VAL_M1M_2020_00173,SPEAKER_01,2,528.5926,529.3626,0.77,1,6,0.77,0.0,0,0.0,7.792,1.0,
VAL_M1M_2020_00173,SPEAKER_00,3,530.0336,606.6166,76.583,24,419,57.6329,18.9501,23,0.8239,5.471,0.753,0.7181
VAL_M1M_2020_00173,SPEAKER_01,4,608.1786,611.0746,2.896,2,12,1.582,1.314,1,1.314,4.144,0.546,
VAL_M1M_2020_00173,SPEAKER_00,5,611.0946,645.7216,34.627,12,217,28.178,6.449,11,0.5863,6.267,0.814,0.7702
VAL_M1M_2020_00173,SPEAKER_01,6,646.6726,649.1026,2.43,1,12,2.43,0.0,0,0.0,4.938,1.0,
VAL_M1M_2020_00173,SPEAKER_00,7,650.1526,720.7866,70.634,26,425,54.859,15.775,25,0.631,6.017,0.777,0.6920
VAL_M1M_2020_00173,SPEAKER_01,8,724.1396,731.4576,7.318,3,30,4.66,2.658,2,1.329,4.099,0.637,
VAL_M1M_2020_00173,SPEAKER_00,9,732.0486,754.0975,22.0489,6,122,18.8749,3.174,5,0.6348,5.533,0.856,0.6689
VAL_M1M_2020_00173,SPEAKER_01,10,757.4786,764.1436,6.665,4,17,4.162,2.503,3,0.8343,2.551,0.624,
VAL_M1M_2020_00173,SPEAKER_00,11,764.9236,800.5516,35.628,10,269,32.486,3.142,9,0.3491,7.55,0.912,0.7087
VAL_M1M_2020_00173,SPEAKER_01,12,801.2426,803.8676,2.625,1,12,2.625,0.0,0,0.0,4.571,1.0,
VAL_M1M_2020_00173,SPEAKER_00,13,804.3886,885.3136,80.925,25,515,66.56,14.365,24,0.5985,6.364,0.822,0.7214
VAL_M1M_2020_00173,SPEAKER_01,14,886.8736,900.2646,13.391,3,66,11.926,1.465,2,0.7325,4.929,0.891,
VAL_M1M_2020_00173,SPEAKER_00,15,900.9156,985.9376,85.022,34,482,60.342,24.68,33,0.7479,5.669,0.71,0.7311
VAL_M1M_2021_0047,SPEAKER_01,1,481.9596,523.2406,41.281,17,192,30.169,11.112,16,0.6945,4.651,0.731,0.6972
VAL_M1M_2021_0047,SPEAKER_00,2,525.9526,544.3396,18.387,11,45,9.354,9.033,10,0.9033,2.447,0.509,
VAL_M1M_2021_0047,SPEAKER_01,3,545.5846,705.5496,159.965,75,630,101.618,58.347,74,0.7885,3.938,0.635,0.7790
VAL_M1M_2021_0047,SPEAKER_00,4,707.0106,741.5416,34.531,13,67,12.815,21.716,12,1.8097,1.94,0.371,
VAL_M1M_2021_0047,SPEAKER_01,5,742.0216,909.8986,167.877,67,730,119.947,47.93,66,0.7262,4.348,0.714,0.7576
VAL_M1M_2021_0047,SPEAKER_00,6,912.1696,936.7376,24.568,9,120,17.63,6.938,8,0.8672,4.884,0.718,
VAL_M1M_2021_0047,SPEAKER_01,7,938.0666,960.4806,22.414,10,72,14.364,8.05,9,0.8944,3.212,0.641,0.8579
VAL_M1M_2021_0057,SPEAKER_00,1,523.1043,546.8563,23.752,10,105,16.704,7.048,9,0.7831,4.421,0.703,0.7060
VAL_M1M_2021_0057,SPEAKER_01,2,548.2963,555.3823,7.086,2,42,6.406,0.68,1,0.68,5.927,0.904,
VAL_M1M_2021_0057,SPEAKER_00,3,555.8833,583.2213,27.338,7,121,22.955,4.383,6,0.7305,4.426,0.84,0.6750
VAL_M1M_2021_0057,SPEAKER_01,4,583.5813,583.8113,0.23,1,1,0.23,0.0,0,0.0,4.348,1.0,
VAL_M1M_2021_0057,SPEAKER_00,5,584.1823,614.1993,30.017,10,120,22.16,7.857,9,0.873,3.998,0.738,0.6570
VAL_M1M_2021_0057,SPEAKER_01,6,616.2113,622.4353,6.224,3,33,5.394,0.83,2,0.415,5.302,0.867,
VAL_M1M_2021_0057,SPEAKER_00,7,624.4673,686.7673,62.3,20,297,49.412,12.888,19,0.6783,4.767,0.793,0.7175
VAL_M1M_2021_0057,SPEAKER_01,8,687.1273,712.6203,25.493,11,116,20.197,5.296,10,0.5296,4.55,0.792,
VAL_M1M_2021_0057,SPEAKER_00,9,713.7293,774.5983,60.869,18,296,51.09,9.779,17,0.5752,4.863,0.839,0.7437
VAL_M1M_2021_0057,SPEAKER_01,10,776.1393,779.8123,3.673,3,15,3.041,0.632,2,0.316,4.084,0.828,
VAL_M1M_2021_0057,SPEAKER_00,11,781.2533,809.4933,28.24,10,148,24.172,4.068,9,0.452,5.241,0.856,0.7342
VAL_M1M_2021_0057,SPEAKER_01,12,810.2683,818.0003,7.732,4,51,6.55,1.182,3,0.394,6.596,0.847,
VAL_M1M_2021_0057,SPEAKER_00,13,818.3123,854.4543,36.142,11,158,30.572,5.57,10,0.557,4.372,0.846,0.7233
VAL_M1M_2021_0057,SPEAKER_01,14,854.7543,858.2443,3.49,1,19,3.49,0.0,0,0.0,5.444,1.0,
VAL_M1M_2021_0057,SPEAKER_00,15,859.1773,877.9233,18.746,7,85,16.383,2.363,6,0.3938,4.534,0.874,0.6750
VAL_M1M_2021_0057,SPEAKER_01,16,877.9433,882.2753,4.332,4,17,2.64,1.692,3,0.564,3.924,0.609,
VAL_M1M_2021_0057,SPEAKER_00,17,883.7253,885.7663,2.041,3,9,1.081,0.96,2,0.48,4.41,0.53,0.5670
VAL_M1M_2021_0057,SPEAKER_01,18,887.9563,901.6943,13.738,6,51,9.677,4.061,5,0.8122,3.712,0.704,
VAL_M1M_2021_0057,SPEAKER_00,19,902.5553,952.7793,50.224,18,206,39.73,10.494,17,0.6173,4.102,0.791,0.7430
VAL_M1M_2021_0057,SPEAKER_01,20,954.4713,957.9423,3.471,1,15,3.471,0.0,0,0.0,4.322,1.0,
VAL_M1M_2021_0057,SPEAKER_00,21,958.3433,991.1543,32.811,13,159,26.342,6.469,12,0.5391,4.846,0.803,0.7959
VAL_M1M_2021_0057,SPEAKER_01,22,992.3443,993.7943,1.45,2,6,1.03,0.42,1,0.42,4.138,0.71,
VAL_M1M_2021_0057,SPEAKER_00,23,995.7723,1000.8543,5.082,2,25,3.27,1.812,1,1.812,4.919,0.643,0.6210
VAL_M1M_2021_0057,SPEAKER_01,24,1001.4963,1005.3473,3.851,1,27,3.851,0.0,0,0.0,7.011,1.0,
VAL_M1M_2021_0057,SPEAKER_00,25,1006.2603,1039.5243,33.264,13,147,24.947,8.317,12,0.6931,4.419,0.75,0.7361
VAL_M1M_2021_0057,SPEAKER_01,26,1039.8323,1045.2293,5.397,4,17,2.83,2.567,3,0.8557,3.15,0.524,
VAL_M1M_2022_0087,SPEAKER_01,1,393.7266,496.6326,102.906,34,406,78.36,24.546,33,0.7438,3.945,0.761,0.7777
VAL_M1M_2022_0087,SPEAKER_00,2,497.7596,512.6886,14.929,5,70,12.668,2.261,4,0.5653,4.689,0.849,
VAL_M1M_2022_0087,SPEAKER_01,3,513.3306,521.4106,8.08,1,39,8.08,0.0,0,0.0,4.827,1.0,0.6474
VAL_M1M_2022_0087,SPEAKER_00,4,523.1216,530.3966,7.275,3,24,6.074,1.201,2,0.6005,3.299,0.835,
VAL_M1M_2022_0087,SPEAKER_01,5,531.1696,565.6636,34.494,11,130,25.178,9.316,10,0.9316,3.769,0.73,0.7247
VAL_M1M_2022_0087,SPEAKER_00,6,567.3876,576.3026,8.915,4,34,7.824,1.091,3,0.3637,3.814,0.878,
VAL_M1M_2022_0087,SPEAKER_01,7,579.2376,580.3076,1.07,1,9,1.07,0.0,0,0.0,8.411,1.0,0.3548
VAL_M1M_2022_0087,SPEAKER_00,8,581.5986,589.1326,7.534,2,43,7.104,0.43,1,0.43,5.707,0.943,
VAL_M1M_2022_0087,SPEAKER_01,9,589.3656,622.4286,33.063,10,139,26.624,6.439,9,0.7154,4.204,0.805,0.7469
VAL_M1M_2022_0087,SPEAKER_00,10,623.0656,625.8956,2.83,1,19,2.83,0.0,0,0.0,6.714,1.0,
VAL_M1M_2022_0087,SPEAKER_01,11,626.4786,648.2306,21.752,7,98,18.701,3.051,6,0.5085,4.505,0.86,0.7360
VAL_M1M_2022_0087,SPEAKER_00,12,651.4316,659.4926,8.061,7,33,5.8,2.261,6,0.3768,4.094,0.72,
VAL_M1M_2022_0087,UNKNOWN,13,661.2336,661.3736,0.14,1,1,0.14,0.0,0,0.0,7.143,1.0,
VAL_M1M_2022_0087,SPEAKER_01,14,664.6146,784.9026,120.288,35,597,92.494,27.794,34,0.8175,4.963,0.769,0.7080
VAL_M1M_2026_00635,SPEAKER_00,1,427.1841,757.2661,330.082,113,1141,235.302,94.78,112,0.8463,3.457,0.713,0.8262
VAL_M1M_2026_00635,SPEAKER_01,2,758.7261,769.3661,10.64,4,24,8.23,2.41,3,0.8033,2.256,0.773,
VAL_M1M_2026_00635,SPEAKER_00,3,771.8931,853.5631,81.67,30,319,61.158,20.512,29,0.7073,3.906,0.749,0.7829
VAL_M2A_1996_00215,SPEAKER_01,1,533.4821,597.3991,63.917,26,347,44.638,19.279,25,0.7712,5.429,0.698,0.7727
VAL_M2A_1996_00215,SPEAKER_00,2,597.9111,599.0811,1.17,1,12,1.17,0.0,0,0.0,10.256,1.0,
VAL_M2A_1996_00215,SPEAKER_01,3,599.6931,679.6581,79.965,32,463,59.332,20.633,31,0.6656,5.79,0.742,0.7581
VAL_M2A_1996_00215,SPEAKER_00,4,680.7401,684.0221,3.282,3,23,2.502,0.78,2,0.39,7.008,0.762,
VAL_M2A_1996_00215,SPEAKER_01,5,685.3031,712.5231,27.22,13,172,18.862,8.358,12,0.6965,6.319,0.693,0.7690
VAL_M2A_1996_00215,SPEAKER_00,6,714.1241,716.1241,2.0,1,7,2.0,0.0,0,0.0,3.5,1.0,
VAL_M2A_1996_00215,SPEAKER_01,7,717.5971,757.1581,39.561,16,256,31.533,8.028,15,0.5352,6.471,0.797,0.7885
VAL_M2A_1996_00215,SPEAKER_00,8,757.7811,759.7111,1.93,1,14,1.93,0.0,0,0.0,7.254,1.0,
VAL_M2A_1996_00215,SPEAKER_01,9,759.8921,791.3341,31.442,14,149,20.163,11.279,13,0.8676,4.739,0.641,0.7463
VAL_M2A_1996_00215,SPEAKER_00,10,791.5551,794.3951,2.84,1,16,2.84,0.0,0,0.0,5.634,1.0,
VAL_M2A_1996_00215,SPEAKER_01,11,794.5971,838.5711,43.974,19,226,30.741,13.233,18,0.7352,5.139,0.699,0.7492
VAL_M2A_1996_00215,SPEAKER_00,12,838.6711,839.2011,0.53,1,4,0.53,0.0,0,0.0,7.547,1.0,
VAL_M2A_1996_00215,SPEAKER_01,13,839.5111,840.0011,0.49,1,4,0.49,0.0,0,0.0,8.163,1.0,0.5427
VAL_M2A_1996_00215,SPEAKER_00,14,840.0711,843.2521,3.181,2,16,2.881,0.3,1,0.3,5.03,0.906,
VAL_M2A_1996_00215,SPEAKER_01,15,843.4521,843.8121,0.36,1,3,0.36,0.0,0,0.0,8.333,1.0,0.8460
VAL_M2A_1996_00215,SPEAKER_00,16,843.9121,845.4321,1.52,1,9,1.52,0.0,0,0.0,5.921,1.0,
VAL_M2A_1996_00215,SPEAKER_01,17,846.3531,1064.2181,217.865,90,1286,165.225,52.64,89,0.5915,5.903,0.758,0.7226
VAL_M2A_2020_00113,SPEAKER_01,1,553.6087,560.8697,7.261,2,44,6.891,0.37,1,0.37,6.06,0.949,
VAL_M2A_2020_00113,SPEAKER_00,2,561.5907,676.0827,114.492,46,379,78.839,35.653,45,0.7923,3.31,0.689,0.8098
VAL_M2A_2020_00113,SPEAKER_01,3,678.4557,688.3587,9.903,5,42,5.903,4.0,4,1.0,4.241,0.596,
VAL_M2A_2020_00113,SPEAKER_00,4,690.3427,703.1997,12.857,4,50,9.456,3.401,3,1.1337,3.889,0.735,0.7977
VAL_M2A_2020_00113,SPEAKER_01,5,703.6797,705.5497,1.87,1,7,1.87,0.0,0,0.0,3.743,1.0,
VAL_M2A_2020_00113,SPEAKER_00,6,706.2007,723.3297,17.129,8,73,11.778,5.351,7,0.7644,4.262,0.688,0.8119
VAL_M2A_2020_00113,UNKNOWN,7,723.6197,723.7497,0.13,1,2,0.13,0.0,0,0.0,15.385,1.0,
VAL_M2A_2020_00113,SPEAKER_00,8,724.6907,756.3067,31.616,10,128,23.339,8.277,9,0.9197,4.049,0.738,0.8566
VAL_M2A_2020_00113,SPEAKER_01,9,757.4077,766.2337,8.826,3,36,7.406,1.42,2,0.71,4.079,0.839,
VAL_M2A_2020_00113,SPEAKER_00,10,766.8937,790.9227,24.029,10,105,17.595,6.434,9,0.7149,4.37,0.732,0.8565
VAL_M2A_2020_00113,SPEAKER_01,11,793.2637,798.8137,5.55,2,21,3.05,2.5,1,2.5,3.784,0.55,
VAL_M2A_2020_00113,SPEAKER_00,12,800.8647,884.8417,83.977,32,261,56.558,27.419,31,0.8845,3.108,0.673,0.8309
VAL_M2A_2020_00113,SPEAKER_01,13,885.6907,887.2307,1.54,1,11,1.54,0.0,0,0.0,7.143,1.0,
VAL_M2A_2020_00113,SPEAKER_00,14,887.5917,890.3577,2.766,2,15,2.09,0.676,1,0.676,5.423,0.756,0.8126
VAL_M2A_2020_00113,SPEAKER_01,15,890.6177,899.1397,8.522,5,37,5.62,2.902,4,0.7255,4.342,0.659,
VAL_M2A_2020_00113,SPEAKER_00,16,899.2017,908.8727,9.671,3,28,7.271,2.4,2,1.2,2.895,0.752,0.8070
VAL_M2A_2020_00113,SPEAKER_01,17,909.5057,911.5657,2.06,1,9,2.06,0.0,0,0.0,4.369,1.0,
VAL_M2A_2020_00113,SPEAKER_00,18,911.9677,912.2877,0.32,1,2,0.32,0.0,0,0.0,6.25,1.0,0.9740
VAL_M2A_2020_00113,SPEAKER_01,19,913.2637,917.2337,3.97,2,21,3.67,0.3,1,0.3,5.29,0.924,
VAL_M2A_2020_00113,SPEAKER_00,20,917.5557,945.3057,27.75,11,95,21.444,6.306,10,0.6306,3.423,0.773,0.8105
VAL_M2A_2020_00113,SPEAKER_01,21,947.0067,951.7907,4.784,1,26,4.784,0.0,0,0.0,5.435,1.0,
VAL_M2A_2020_00113,SPEAKER_00,22,952.0707,964.2907,12.22,4,50,9.55,2.67,3,0.89,4.092,0.782,0.7482
VAL_M2A_2020_00113,SPEAKER_01,23,964.8397,966.7427,1.903,2,14,1.661,0.242,1,0.242,7.357,0.873,
VAL_M2A_2020_00113,SPEAKER_00,24,967.3627,984.9747,17.612,6,84,15.132,2.48,5,0.496,4.769,0.859,0.8642
VAL_M2A_2020_00113,SPEAKER_01,25,985.4077,999.2237,13.816,5,64,10.531,3.285,4,0.8213,4.632,0.762,
VAL_M2A_2020_00113,SPEAKER_00,26,1000.6057,1072.2897,71.684,29,224,46.331,25.353,28,0.9055,3.125,0.646,0.8200
VAL_M2A_2020_00113,SPEAKER_01,27,1076.0257,1090.4597,14.434,4,68,10.273,4.161,3,1.387,4.711,0.712,
VAL_M2A_2020_00113,SPEAKER_00,28,1090.6207,1105.2137,14.593,8,30,8.004,6.589,7,0.9413,2.056,0.548,0.8513
VAL_M2A_2020_00158,SPEAKER_01,1,543.5424,565.7924,22.25,8,104,19.25,3.0,7,0.4286,4.674,0.865,0.7101
VAL_M2A_2020_00158,SPEAKER_00,2,567.5834,574.0074,6.424,3,25,4.924,1.5,2,0.75,3.892,0.767,
VAL_M2A_2020_00158,SPEAKER_01,3,575.0684,687.6074,112.539,48,492,83.363,29.176,47,0.6208,4.372,0.741,0.7545
VAL_M2A_2020_00158,SPEAKER_00,4,688.6474,692.0484,3.401,1,29,3.401,0.0,0,0.0,8.527,1.0,
VAL_M2A_2020_00158,SPEAKER_01,5,694.0874,791.2844,97.197,40,410,72.421,24.776,39,0.6353,4.218,0.745,0.7564
VAL_M2A_2020_00158,SPEAKER_00,6,792.4804,793.7904,1.31,1,9,1.31,0.0,0,0.0,6.87,1.0,
VAL_M2A_2020_00158,SPEAKER_01,7,795.7184,844.5104,48.792,18,234,39.045,9.747,17,0.5734,4.796,0.8,0.7757
VAL_M2A_2020_00158,SPEAKER_00,8,845.8204,856.0254,10.205,4,63,8.02,2.185,3,0.7283,6.173,0.786,
VAL_M2A_2020_00158,SPEAKER_01,9,856.1854,900.0794,43.894,20,187,33.628,10.266,19,0.5403,4.26,0.766,0.7650
VAL_M2A_2020_00158,SPEAKER_00,10,901.1494,912.7474,11.598,5,52,8.511,3.087,4,0.7717,4.484,0.734,
VAL_M2A_2020_00158,SPEAKER_01,11,914.1404,1084.5164,170.376,61,662,119.593,50.783,60,0.8464,3.886,0.702,0.8108
VAL_M2A_2021_0021,SPEAKER_00,1,559.4097,738.0467,178.637,55,927,133.975,44.662,54,0.8271,5.189,0.75,0.7605
VAL_M2A_2021_0021,SPEAKER_01,2,739.0397,749.8127,10.773,2,57,10.473,0.3,1,0.3,5.291,0.972,
VAL_M2A_2021_0021,SPEAKER_00,3,750.2137,786.3647,36.151,15,161,24.613,11.538,14,0.8241,4.454,0.681,0.7616
VAL_M2A_2021_0021,SPEAKER_01,4,786.6247,788.3857,1.761,1,12,1.761,0.0,0,0.0,6.814,1.0,
VAL_M2A_2021_0021,SPEAKER_00,5,789.7857,792.4267,2.641,1,16,2.641,0.0,0,0.0,6.058,1.0,0.6711
VAL_M2A_2021_0021,SPEAKER_01,6,792.7267,807.4347,14.708,6,46,7.518,7.19,5,1.438,3.128,0.511,
VAL_M2A_2021_0021,SPEAKER_00,7,808.1407,971.4487,163.308,63,720,112.399,50.909,62,0.8211,4.409,0.688,0.7814
VAL_M2A_2021_0021,SPEAKER_01,8,972.7107,986.0627,13.352,4,67,11.88,1.472,3,0.4907,5.018,0.89,
VAL_M2A_2021_0021,SPEAKER_00,9,986.8137,1085.4617,98.648,35,493,72.893,25.755,34,0.7575,4.998,0.739,0.7697
VAL_M2A_2021_0021,SPEAKER_01,10,1086.5217,1087.0317,0.51,1,4,0.51,0.0,0,0.0,7.843,1.0,
VAL_M2A_2021_0021,SPEAKER_00,11,1087.5227,1110.5677,23.045,7,124,17.329,5.716,6,0.9527,5.381,0.752,0.6655
VAL_M2A_2021_0037,SPEAKER_00,1,483.2531,494.1501,10.897,5,51,8.1,2.797,4,0.6992,4.68,0.743,0.8285
VAL_M2A_2021_0037,SPEAKER_01,2,494.7831,495.3041,0.521,1,4,0.521,0.0,0,0.0,7.678,1.0,
VAL_M2A_2021_0037,SPEAKER_00,3,496.7811,569.6881,72.907,30,242,50.041,22.866,29,0.7885,3.319,0.686,0.7757
VAL_M2A_2021_0037,SPEAKER_01,4,570.7491,576.9721,6.223,5,28,4.323,1.9,4,0.475,4.499,0.695,
VAL_M2A_2021_0037,SPEAKER_00,5,578.4601,652.0351,73.575,31,292,53.536,20.039,30,0.668,3.969,0.728,0.7544
VAL_M2A_2021_0037,SPEAKER_01,6,653.4551,659.5071,6.052,3,31,3.85,2.202,2,1.101,5.122,0.636,
VAL_M2A_2021_0037,SPEAKER_00,7,661.3741,755.8361,94.462,40,329,60.2051,34.2569,39,0.8784,3.483,0.637,0.8374
VAL_M2A_2021_0037,SPEAKER_01,8,756.4671,757.7371,1.27,1,9,1.27,0.0,0,0.0,7.087,1.0,
VAL_M2A_2021_0037,SPEAKER_00,9,758.7091,899.6281,140.919,54,488,98.675,42.244,53,0.7971,3.463,0.7,0.8062
VAL_M2A_2021_0037,SPEAKER_01,10,900.7011,901.3511,0.65,1,3,0.65,0.0,0,0.0,4.615,1.0,
VAL_M2A_2021_0037,SPEAKER_00,11,901.9221,964.0301,62.108,18,131,21.334,40.774,17,2.3985,2.109,0.343,0.8037
VAL_M2A_2021_0038,SPEAKER_00,1,418.4574,423.1804,4.723,3,24,3.993,0.73,2,0.365,5.082,0.845,0.6753
VAL_M2A_2021_0038,SPEAKER_01,2,424.0814,433.1164,9.035,4,60,7.133,1.902,3,0.634,6.641,0.789,
VAL_M2A_2021_0038,SPEAKER_00,3,435.2084,469.7584,34.55,13,154,26.734,7.816,12,0.6513,4.457,0.774,0.7665
VAL_M2A_2021_0038,SPEAKER_01,4,470.5594,472.5994,2.04,1,17,2.04,0.0,0,0.0,8.333,1.0,
VAL_M2A_2021_0038,SPEAKER_00,5,478.9214,517.4534,38.532,15,154,22.801,15.731,14,1.1236,3.997,0.592,0.8187
VAL_M2A_2021_0038,SPEAKER_01,6,518.3744,522.6544,4.28,1,18,4.28,0.0,0,0.0,4.206,1.0,
VAL_M2A_2021_0038,SPEAKER_00,7,525.1074,570.2964,45.189,15,228,35.618,9.571,14,0.6836,5.045,0.788,0.7916
VAL_M2A_2021_0038,SPEAKER_01,8,571.3664,573.8264,2.46,1,18,2.46,0.0,0,0.0,7.317,1.0,
VAL_M2A_2021_0038,SPEAKER_00,9,574.7774,574.9174,0.14,1,1,0.14,0.0,0,0.0,7.143,1.0,0.8240
VAL_M2A_2021_0038,SPEAKER_01,10,576.0774,576.4584,0.381,1,2,0.381,0.0,0,0.0,5.249,1.0,
VAL_M2A_2021_0038,SPEAKER_00,11,577.2984,593.9294,16.631,8,78,11.274,5.357,7,0.7653,4.69,0.678,0.7548
VAL_M2A_2021_0038,SPEAKER_01,12,594.8194,596.1894,1.37,1,14,1.37,0.0,0,0.0,10.219,1.0,
VAL_M2A_2021_0038,SPEAKER_00,13,596.6704,637.5694,40.899,19,164,26.967,13.932,18,0.774,4.01,0.659,0.8014
VAL_M2A_2021_0038,SPEAKER_01,14,639.3424,641.8244,2.482,1,15,2.482,0.0,0,0.0,6.044,1.0,
VAL_M2A_2021_0038,SPEAKER_00,15,643.0454,643.9664,0.921,1,8,0.921,0.0,0,0.0,8.686,1.0,0.4490
VAL_M2A_2021_0038,SPEAKER_01,16,648.0324,652.4024,4.37,2,23,4.09,0.28,1,0.28,5.263,0.936,
VAL_M2A_2021_0038,SPEAKER_00,17,652.9764,671.9894,19.013,7,91,14.468,4.545,6,0.7575,4.786,0.761,0.7850
VAL_M2A_2021_0038,SPEAKER_01,18,673.5904,676.4723,2.8819,1,23,2.8819,0.0,0,0.0,7.981,1.0,
VAL_M2A_2021_0038,SPEAKER_00,19,679.0584,712.4654,33.407,18,99,18.33,15.077,17,0.8869,2.963,0.549,0.7884
VAL_M2A_2021_0038,SPEAKER_01,20,713.4264,717.9964,4.57,2,18,4.19,0.38,1,0.38,3.939,0.917,
VAL_M2A_2021_0038,SPEAKER_00,21,719.0094,738.8324,19.823,10,91,14.005,5.818,9,0.6464,4.591,0.707,0.7507
VAL_M2A_2021_0038,SPEAKER_01,22,739.9924,744.6344,4.642,1,25,4.642,0.0,0,0.0,5.386,1.0,
VAL_M2A_2021_0038,SPEAKER_00,23,748.5554,758.0844,9.529,5,47,6.841,2.688,4,0.672,4.932,0.718,0.6579
VAL_M2A_2021_0038,SPEAKER_01,24,760.6474,773.5054,12.858,4,40,8.158,4.7,3,1.5667,3.111,0.634,
VAL_M2A_2021_0038,SPEAKER_00,25,773.7254,795.0974,21.372,10,109,17.119,4.253,9,0.4726,5.1,0.801,0.7920
VAL_M2A_2021_0038,SPEAKER_01,26,795.7174,796.4674,0.75,1,5,0.75,0.0,0,0.0,6.667,1.0,
VAL_M2A_2021_0038,SPEAKER_00,27,796.7884,818.3054,21.517,12,112,15.363,6.154,11,0.5595,5.205,0.714,0.7987
VAL_M2A_2021_0038,SPEAKER_01,28,819.0164,825.1414,6.125,3,32,4.985,1.14,2,0.57,5.224,0.814,
VAL_M2A_2021_0038,SPEAKER_00,29,825.6914,836.5728,10.8814,6,51,7.1564,3.725,5,0.745,4.687,0.658,0.8537
VAL_M2A_2021_0052,SPEAKER_01,1,542.5049,545.8469,3.342,2,24,2.811,0.531,1,0.531,7.181,0.841,0.7248
VAL_M2A_2021_0052,SPEAKER_00,2,546.2669,552.6189,6.352,4,35,4.602,1.75,3,0.5833,5.51,0.724,
VAL_M2A_2021_0052,SPEAKER_01,3,552.6699,599.6069,46.937,16,251,37.257,9.68,15,0.6453,5.348,0.794,0.7679
VAL_M2A_2021_0052,SPEAKER_00,4,600.6379,608.9829,8.345,3,45,6.975,1.37,2,0.685,5.392,0.836,
VAL_M2A_2021_0052,SPEAKER_01,5,609.4639,660.8989,51.435,18,290,43.179,8.256,17,0.4856,5.638,0.839,0.7986
VAL_M2A_2021_0052,SPEAKER_00,6,662.1609,668.3269,6.166,2,36,5.226,0.94,1,0.94,5.838,0.848,
VAL_M2A_2021_0052,SPEAKER_01,7,668.3469,671.3569,3.01,1,29,3.01,0.0,0,0.0,9.635,1.0,0.5149
VAL_M2A_2021_0052,SPEAKER_00,8,671.4299,676.0399,4.61,3,22,3.46,1.15,2,0.575,4.772,0.751,
VAL_M2A_2021_0052,SPEAKER_01,9,676.9519,679.9939,3.042,2,19,2.812,0.23,1,0.23,6.246,0.924,0.6261
VAL_M2A_2021_0052,SPEAKER_00,10,680.0139,705.3849,25.371,8,117,18.358,7.013,7,1.0019,4.612,0.724,
VAL_M2A_2021_0052,SPEAKER_01,11,707.0959,779.3279,72.232,21,443,59.647,12.585,20,0.6292,6.133,0.826,0.6963
VAL_M2A_2021_0052,SPEAKER_00,12,779.8079,783.0299,3.222,1,25,3.222,0.0,0,0.0,7.759,1.0,
VAL_M2A_2021_0052,SPEAKER_01,13,783.3909,798.2019,14.811,5,77,12.452,2.359,4,0.5897,5.199,0.841,0.7465
VAL_M2A_2021_0052,SPEAKER_00,14,798.8219,802.3519,3.53,2,16,3.0,0.53,1,0.53,4.533,0.85,
VAL_M2A_2021_0052,SPEAKER_01,15,802.4829,859.2309,56.748,19,292,46.545,10.203,18,0.5668,5.146,0.82,0.6944
VAL_M2A_2021_0052,SPEAKER_00,16,860.2219,866.6069,6.385,3,33,4.594,1.791,2,0.8955,5.168,0.719,
VAL_M2A_2021_0052,SPEAKER_01,17,867.2269,877.6469,10.42,4,52,8.595,1.825,3,0.6083,4.99,0.825,0.6576
VAL_M2A_2021_0052,SPEAKER_00,18,877.9869,879.4279,1.441,1,7,1.441,0.0,0,0.0,4.858,1.0,
VAL_M2A_2021_0052,SPEAKER_01,19,879.4479,983.8639,104.416,31,625,85.559,18.857,30,0.6286,5.986,0.819,0.6966
VAL_M2A_2021_0052,SPEAKER_00,20,984.5759,989.2069,4.631,2,23,3.991,0.64,1,0.64,4.967,0.862,
VAL_M2A_2021_0052,SPEAKER_01,21,989.7579,1050.7089,60.951,20,252,41.157,19.794,19,1.0418,4.134,0.675,0.7326
VAL_M2A_2021_0052,SPEAKER_00,22,1050.8089,1052.8189,2.01,1,15,2.01,0.0,0,0.0,7.463,1.0,
VAL_M2A_2021_0052,SPEAKER_01,23,1052.8719,1083.03,30.1581,10,119,25.2051,4.953,9,0.5503,3.946,0.836,0.7263
VAL_M2A_2021_0069,SPEAKER_01,1,528.6776,556.2306,27.553,13,118,18.087,9.466,12,0.7888,4.283,0.656,0.6860
VAL_M2A_2021_0069,SPEAKER_00,2,557.0536,558.2436,1.19,2,9,0.79,0.4,1,0.4,7.563,0.664,
VAL_M2A_2021_0069,SPEAKER_01,3,558.5146,576.5746,18.06,9,74,11.242,6.818,8,0.8523,4.097,0.622,0.7386
VAL_M2A_2021_0069,SPEAKER_00,4,578.9146,579.7846,0.87,1,7,0.87,0.0,0,0.0,8.046,1.0,
VAL_M2A_2021_0069,SPEAKER_01,5,581.3156,592.2776,10.962,5,43,7.15,3.812,4,0.953,3.923,0.652,0.6332
VAL_M2A_2021_0069,SPEAKER_00,6,593.8876,595.2386,1.351,1,13,1.351,0.0,0,0.0,9.623,1.0,
VAL_M2A_2021_0069,SPEAKER_01,7,596.0676,632.2456,36.178,12,215,31.261,4.917,11,0.447,5.943,0.864,0.6732
VAL_M2A_2021_0069,SPEAKER_00,8,633.3166,640.0076,6.691,2,23,4.2,2.491,1,2.491,3.437,0.628,
VAL_M2A_2021_0069,SPEAKER_01,9,641.8876,665.1106,23.223,10,88,14.439,8.784,9,0.976,3.789,0.622,0.7955
VAL_M2A_2021_0069,SPEAKER_00,10,670.0236,676.7876,6.764,3,23,3.102,3.662,2,1.831,3.4,0.459,
VAL_M2A_2021_0069,SPEAKER_01,11,678.2086,691.1356,12.927,5,53,7.955,4.972,4,1.243,4.1,0.615,0.7620
VAL_M2A_2021_0069,SPEAKER_00,12,693.0916,696.0016,2.91,2,13,2.34,0.57,1,0.57,4.467,0.804,
VAL_M2A_2021_0069,SPEAKER_01,13,696.3126,745.5966,49.284,16,225,36.773,12.511,15,0.8341,4.565,0.746,0.7202
VAL_M2A_2021_0069,SPEAKER_00,14,746.1766,748.7826,2.606,2,13,1.37,1.236,1,1.236,4.988,0.526,
VAL_M2A_2021_0069,SPEAKER_01,15,748.8026,778.5186,29.716,13,128,19.979,9.737,12,0.8114,4.307,0.672,0.6794
VAL_M2A_2021_0069,SPEAKER_00,16,779.4386,779.8686,0.43,1,5,0.43,0.0,0,0.0,11.628,1.0,
VAL_M2A_2021_0069,SPEAKER_01,17,779.9196,780.5196,0.6,1,7,0.6,0.0,0,0.0,11.667,1.0,0.6736
VAL_M2A_2021_0069,SPEAKER_00,18,782.7396,789.4876,6.748,2,30,4.998,1.75,1,1.75,4.446,0.741,
VAL_M2A_2021_0069,SPEAKER_01,19,789.5876,793.5196,3.932,2,13,1.44,2.492,1,2.492,3.306,0.366,0.6602
VAL_M2A_2021_0069,SPEAKER_00,20,796.8916,799.3646,2.473,2,14,1.85,0.623,1,0.623,5.661,0.748,
VAL_M2A_2021_0069,SPEAKER_01,21,800.7286,807.2376,6.509,3,36,5.043,1.466,2,0.733,5.531,0.775,0.6742
VAL_M2A_2021_0069,SPEAKER_00,22,809.5216,814.9696,5.448,3,22,2.985,2.463,2,1.2315,4.038,0.548,
VAL_M2A_2021_0069,SPEAKER_01,23,815.8306,870.0286,54.198,19,295,42.108,12.09,18,0.6717,5.443,0.777,0.7003
VAL_M2A_2021_0069,SPEAKER_00,24,872.7326,876.8136,4.081,2,22,2.72,1.361,1,1.361,5.391,0.667,
VAL_M2A_2021_0069,SPEAKER_01,25,877.6346,896.1436,18.509,8,92,14.456,4.053,7,0.579,4.971,0.781,0.6054
VAL_M2A_2021_0069,SPEAKER_00,26,898.7536,901.4036,2.65,1,21,2.65,0.0,0,0.0,7.925,1.0,
VAL_M2A_2021_0069,SPEAKER_01,27,902.3946,956.7086,54.314,17,267,42.458,11.856,16,0.741,4.916,0.782,0.7575
VAL_M2A_2021_0069,SPEAKER_00,28,958.4716,966.3116,7.84,4,32,4.964,2.876,3,0.9587,4.082,0.633,
VAL_M2A_2021_0069,SPEAKER_01,29,967.5726,990.1806,22.608,10,109,16.313,6.295,9,0.6994,4.821,0.722,0.7194
VAL_M2A_2021_0069,SPEAKER_00,30,995.5516,1001.1266,5.575,2,31,4.735,0.84,1,0.84,5.561,0.849,
VAL_M2A_2021_0069,SPEAKER_01,31,1002.8276,1055.8166,52.989,18,283,40.263,12.726,17,0.7486,5.341,0.76,0.7188
VAL_M2A_2022_00100,SPEAKER_01,1,367.095,378.047,10.952,6,57,9.02,1.932,5,0.3864,5.205,0.824,0.5973
VAL_M2A_2022_00100,SPEAKER_00,2,378.5,379.69,1.19,1,8,1.19,0.0,0,0.0,6.723,1.0,
VAL_M2A_2022_00100,SPEAKER_01,3,380.281,382.881,2.6,2,13,2.27,0.33,1,0.33,5.0,0.873,0.7477
VAL_M2A_2022_00100,SPEAKER_00,4,384.563,397.788,13.225,5,70,9.851,3.374,4,0.8435,5.293,0.745,
VAL_M2A_2022_00100,SPEAKER_01,5,399.88,444.482,44.602,13,224,37.253,7.349,12,0.6124,5.022,0.835,0.6425
VAL_M2A_2022_00100,SPEAKER_00,6,446.343,447.973,1.63,1,15,1.63,0.0,0,0.0,9.202,1.0,
VAL_M2A_2022_00100,SPEAKER_01,7,448.7,451.83,3.13,2,9,2.78,0.35,1,0.35,2.875,0.888,0.6932
VAL_M2A_2022_00100,SPEAKER_00,8,453.102,460.325,7.223,4,35,5.342,1.881,3,0.627,4.846,0.74,
VAL_M2A_2022_00100,SPEAKER_01,9,462.746,499.001,36.255,11,165,31.342,4.913,10,0.4913,4.551,0.864,0.7658
VAL_M2A_2022_00100,SPEAKER_00,10,499.899,504.322,4.423,1,35,4.423,0.0,0,0.0,7.913,1.0,
VAL_M2A_2022_00100,SPEAKER_01,11,504.362,538.207,33.845,12,183,28.163,5.682,11,0.5165,5.407,0.832,0.6760
VAL_M2A_2022_00100,SPEAKER_00,12,539.452,544.585,5.133,2,32,4.463,0.67,1,0.67,6.234,0.869,
VAL_M2A_2022_00100,SPEAKER_01,13,544.708,575.679,30.971,9,175,27.374,3.597,8,0.4496,5.65,0.884,0.6164
VAL_M2A_2022_00100,SPEAKER_00,14,576.215,577.666,1.451,1,10,1.451,0.0,0,0.0,6.892,1.0,
VAL_M2A_2022_00100,SPEAKER_01,15,577.966,579.366,1.4,1,8,1.4,0.0,0,0.0,5.714,1.0,0.6955
VAL_M2A_2022_00100,SPEAKER_00,16,580.207,582.347,2.14,1,15,2.14,0.0,0,0.0,7.009,1.0,
VAL_M2A_2022_00100,SPEAKER_01,17,582.769,732.446,149.677,47,748,122.6599,27.0171,46,0.5873,4.997,0.819,0.7287
VAL_M2A_2022_0084,SPEAKER_01,1,532.077,532.778,0.701,1,2,0.701,0.0,0,0.0,2.853,1.0,0.3227
VAL_M2A_2022_0084,SPEAKER_00,2,534.579,555.862,21.283,8,88,15.812,5.471,7,0.7816,4.135,0.743,
VAL_M2A_2022_0084,SPEAKER_01,3,556.491,599.782,43.291,15,152,30.801,12.49,14,0.8921,3.511,0.711,0.7317
VAL_M2A_2022_0084,SPEAKER_00,4,600.954,625.183,24.229,8,84,16.248,7.981,7,1.1401,3.467,0.671,
VAL_M2A_2022_0084,SPEAKER_01,5,626.555,651.645,25.09,10,68,14.852,10.238,9,1.1376,2.71,0.592,0.7852
VAL_M2A_2022_0084,SPEAKER_00,6,656.481,660.931,4.45,2,24,3.87,0.58,1,0.58,5.393,0.87,
VAL_M2A_2022_0084,SPEAKER_01,7,664.145,679.297,15.152,5,46,10.558,4.594,4,1.1485,3.036,0.697,0.7580
VAL_M2A_2022_0084,SPEAKER_00,8,681.892,690.57,8.678,5,25,5.183,3.495,4,0.8738,2.881,0.597,
VAL_M2A_2022_0084,SPEAKER_01,9,694.374,727.604,33.23,12,107,24.469,8.761,11,0.7965,3.22,0.736,0.7765
VAL_M2A_2022_0084,SPEAKER_00,10,728.134,730.234,2.1,1,9,2.1,0.0,0,0.0,4.286,1.0,
VAL_M2A_2022_0084,SPEAKER_01,11,730.706,733.268,2.562,1,4,2.562,0.0,0,0.0,1.561,1.0,0.8283
VAL_M2A_2022_0084,SPEAKER_00,12,735.619,751.787,16.168,6,65,11.245,4.923,5,0.9846,4.02,0.696,
VAL_M2A_2022_0084,SPEAKER_01,13,752.988,773.226,20.238,5,63,15.698,4.54,4,1.135,3.113,0.776,0.7552
VAL_M2A_2022_0084,SPEAKER_00,14,774.788,781.024,6.236,2,25,5.156,1.08,1,1.08,4.009,0.827,
VAL_M2A_2022_0084,SPEAKER_01,15,781.524,791.744,10.22,2,56,9.95,0.27,1,0.27,5.479,0.974,0.7201
VAL_M2A_2022_0084,SPEAKER_00,16,792.663,796.346,3.683,2,20,3.121,0.562,1,0.562,5.43,0.847,
VAL_M2A_2022_0084,SPEAKER_01,17,796.807,812.119,15.312,5,52,12.871,2.441,4,0.6102,3.396,0.841,0.7288
VAL_M2A_2022_0084,SPEAKER_00,18,814.219,817.704,3.485,2,9,1.755,1.73,1,1.73,2.582,0.504,
VAL_M2A_2022_0084,SPEAKER_01,19,819.441,825.851,6.41,3,31,5.74,0.67,2,0.335,4.836,0.895,0.6671
VAL_M2A_2022_0084,SPEAKER_00,20,826.736,838.326,11.59,4,35,8.79,2.8,3,0.9333,3.02,0.758,
VAL_M2A_2022_0084,SPEAKER_01,21,840.038,857.65,17.612,3,80,14.3,3.312,2,1.656,4.542,0.812,0.7207
VAL_M2A_2022_0084,SPEAKER_00,22,858.235,864.096,5.861,2,22,4.581,1.28,1,1.28,3.754,0.782,
VAL_M2A_2022_0084,SPEAKER_01,23,865.971,903.605,37.634,11,140,28.21,9.424,10,0.9424,3.72,0.75,0.7710
VAL_M2A_2022_0084,SPEAKER_00,24,904.615,920.307,15.692,4,71,11.642,4.05,3,1.35,4.525,0.742,
VAL_M2A_2022_0084,SPEAKER_01,25,922.548,941.915,19.367,9,61,13.355,6.012,8,0.7515,3.15,0.69,0.7566
VAL_M2A_2022_0084,SPEAKER_00,26,943.596,953.264,9.668,3,33,6.958,2.71,2,1.355,3.413,0.72,
VAL_M2A_2022_0084,SPEAKER_01,27,955.625,1061.298,105.673,32,303,71.0889,34.5841,31,1.1156,2.867,0.673,0.7430
VAL_M2B_2019_0015,SPEAKER_01,1,506.9131,639.9041,132.991,45,486,90.006,42.985,44,0.9769,3.654,0.677,0.8237
VAL_M2B_2019_0015,SPEAKER_00,2,641.3841,642.1041,0.72,1,7,0.72,0.0,0,0.0,9.722,1.0,
VAL_M2B_2019_0015,SPEAKER_01,3,642.5251,749.3811,106.856,42,313,64.12,42.736,41,1.0423,2.929,0.6,0.8538
VAL_M2B_2019_0015,SPEAKER_00,4,750.3511,753.7711,3.42,1,19,3.42,0.0,0,0.0,5.556,1.0,
VAL_M2B_2019_0015,SPEAKER_01,5,755.8241,826.6301,70.806,23,297,53.378,17.428,22,0.7922,4.195,0.754,0.8063
VAL_M2B_2019_0015,SPEAKER_00,6,827.4811,829.5911,2.11,1,15,2.11,0.0,0,0.0,7.109,1.0,
VAL_M2B_2019_0015,SPEAKER_01,7,829.8021,1011.3101,181.508,65,696,126.241,55.267,64,0.8635,3.835,0.696,0.7852
VAL_M2B_2019_00180,SPEAKER_00,1,518.122,702.99,184.868,66,869,140.157,44.711,65,0.6879,4.701,0.758,0.7447
VAL_M2B_2019_00180,SPEAKER_01,2,704.542,705.492,0.95,1,4,0.95,0.0,0,0.0,4.211,1.0,
VAL_M2B_2019_00180,SPEAKER_00,3,705.864,824.801,118.937,37,595,92.882,26.055,36,0.7238,5.003,0.781,0.7357
VAL_M2B_2019_00180,SPEAKER_01,4,824.852,830.142,5.29,2,24,4.68,0.61,1,0.61,4.537,0.885,
VAL_M2B_2019_00180,SPEAKER_00,5,830.293,830.883,0.59,1,2,0.59,0.0,0,0.0,3.39,1.0,0.6855
VAL_M2B_2019_00180,SPEAKER_01,6,831.113,834.823,3.71,2,18,3.39,0.32,1,0.32,4.852,0.914,
VAL_M2B_2019_00180,SPEAKER_00,7,834.894,933.129,98.235,28,498,74.453,23.782,27,0.8808,5.069,0.758,0.7540
VAL_M2B_2019_00180,SPEAKER_01,8,934.57,938.37,3.8,2,13,2.85,0.95,1,0.95,3.421,0.75,
VAL_M2B_2019_00180,SPEAKER_00,9,939.003,977.651,38.648,10,197,33.017,5.631,9,0.6257,5.097,0.854,0.6972
VAL_M2B_2019_00180,SPEAKER_01,10,978.57,983.5,4.93,3,17,3.85,1.08,2,0.54,3.448,0.781,
VAL_M2B_2019_00180,SPEAKER_00,11,983.723,1033.667,49.944,17,230,39.167,10.777,16,0.6736,4.605,0.784,0.7540
VAL_M2B_2020_00120,SPEAKER_01,1,496.5022,498.9432,2.441,1,9,2.441,0.0,0,0.0,3.687,1.0,0.6126
VAL_M2B_2020_00120,SPEAKER_00,2,500.2442,503.3162,3.072,2,12,1.92,1.152,1,1.152,3.906,0.625,
VAL_M2B_2020_00120,SPEAKER_01,3,504.3272,515.0842,10.757,4,42,6.653,4.104,3,1.368,3.904,0.618,0.7971
VAL_M2B_2020_00120,SPEAKER_00,4,515.4342,516.7342,1.3,1,9,1.3,0.0,0,0.0,6.923,1.0,
VAL_M2B_2020_00120,SPEAKER_01,5,517.9162,519.0172,1.101,1,5,1.101,0.0,0,0.0,4.541,1.0,0.6090
VAL_M2B_2020_00120,SPEAKER_00,6,519.2772,520.0772,0.8,1,6,0.8,0.0,0,0.0,7.5,1.0,
VAL_M2B_2020_00120,SPEAKER_01,7,520.7582,523.2892,2.531,2,12,1.73,0.801,1,0.801,4.741,0.684,0.4324
VAL_M2B_2020_00120,SPEAKER_00,8,524.3602,525.8502,1.49,1,14,1.49,0.0,0,0.0,9.396,1.0,
VAL_M2B_2020_00120,SPEAKER_01,9,528.0782,537.0702,8.992,3,20,4.191,4.801,2,2.4005,2.224,0.466,0.7560
VAL_M2B_2020_00120,SPEAKER_00,10,539.5212,568.7962,29.275,14,51,13.483,15.792,13,1.2148,1.742,0.461,
VAL_M2B_2020_00120,SPEAKER_01,11,570.2162,571.6462,1.43,1,11,1.43,0.0,0,0.0,7.692,1.0,0.4750
VAL_M2B_2020_00120,SPEAKER_00,12,575.0372,585.6492,10.612,4,21,3.57,7.042,3,2.3473,1.979,0.336,
VAL_M2B_2020_00120,SPEAKER_01,13,587.1682,593.6912,6.523,2,16,4.813,1.71,1,1.71,2.453,0.738,0.6599
VAL_M2B_2020_00120,SPEAKER_00,14,596.2912,598.0922,1.801,2,12,1.57,0.231,1,0.231,6.663,0.872,
VAL_M2B_2020_00120,SPEAKER_01,15,598.7522,599.1122,0.36,1,4,0.36,0.0,0,0.0,11.111,1.0,0.2460
VAL_M2B_2020_00120,SPEAKER_00,16,599.3732,599.9132,0.54,1,4,0.54,0.0,0,0.0,7.407,1.0,
VAL_M2B_2020_00120,SPEAKER_01,17,601.1432,603.1242,1.981,2,10,1.541,0.44,1,0.44,5.048,0.778,0.7615
VAL_M2B_2020_00120,SPEAKER_00,18,603.8542,620.6212,16.767,7,71,9.402,7.365,6,1.2275,4.235,0.561,
VAL_M2B_2020_00120,SPEAKER_01,19,623.4432,635.4292,11.986,6,52,7.722,4.264,5,0.8528,4.338,0.644,0.7825
VAL_M2B_2020_00120,SPEAKER_00,20,635.4492,637.3202,1.871,2,14,1.52,0.351,1,0.351,7.483,0.812,
VAL_M2B_2020_00120,SPEAKER_01,21,641.4462,646.1172,4.671,2,17,4.1,0.571,1,0.571,3.639,0.878,0.8155
VAL_M2B_2020_00120,SPEAKER_00,22,647.8492,649.8912,2.042,2,9,0.97,1.072,1,1.072,4.407,0.475,
VAL_M2B_2020_00120,SPEAKER_01,23,650.4522,662.7802,12.328,6,33,4.892,7.436,5,1.4872,2.677,0.397,0.6572
VAL_M2B_2020_00120,SPEAKER_00,24,663.2612,664.5512,1.29,1,9,1.29,0.0,0,0.0,6.977,1.0,
VAL_M2B_2020_00120,SPEAKER_01,25,665.5022,665.8822,0.38,1,3,0.38,0.0,0,0.0,7.895,1.0,0.3700
VAL_M2B_2020_00120,SPEAKER_00,26,667.2242,672.9702,5.746,3,19,3.111,2.635,2,1.3175,3.307,0.541,
VAL_M2B_2020_00120,SPEAKER_01,27,674.6212,680.1422,5.521,2,16,2.981,2.54,1,2.54,2.898,0.54,0.5910
VAL_M2B_2020_00120,SPEAKER_00,28,680.1622,680.4322,0.27,1,4,0.27,0.0,0,0.0,14.815,1.0,
VAL_M2B_2020_00120,SPEAKER_01,29,681.6022,682.8122,1.21,1,5,1.21,0.0,0,0.0,4.132,1.0,
VAL_M2B_2020_00120,SPEAKER_00,30,683.6022,683.9922,0.39,1,2,0.39,0.0,0,0.0,5.128,1.0,
VAL_M2B_2020_00120,SPEAKER_01,31,686.6732,688.4932,1.82,1,13,1.82,0.0,0,0.0,7.143,1.0,0.7695
VAL_M2B_2020_00120,UNKNOWN,32,689.5242,689.6442,0.12,1,2,0.12,0.0,0,0.0,16.667,1.0,
VAL_M2B_2020_00120,SPEAKER_01,33,690.8042,706.2762,15.472,9,62,9.29,6.182,8,0.7728,4.007,0.6,0.6301
VAL_M2B_2020_00120,SPEAKER_00,34,707.3492,717.1962,9.847,5,21,3.421,6.426,4,1.6065,2.133,0.347,
VAL_M2B_2020_00120,SPEAKER_01,35,717.7272,728.1152,10.388,3,44,6.905,3.483,2,1.7415,4.236,0.665,0.8252
VAL_M2B_2020_00120,SPEAKER_00,36,730.2282,730.9182,0.69,1,4,0.69,0.0,0,0.0,5.797,1.0,
VAL_M2B_2020_00120,SPEAKER_01,37,732.7922,763.1962,30.404,10,88,12.393,18.011,9,2.0012,2.894,0.408,0.5340
VAL_M2B_2020_00120,SPEAKER_00,38,763.6772,763.7972,0.12,1,1,0.12,0.0,0,0.0,8.333,1.0,
VAL_M2B_2020_00120,SPEAKER_01,39,764.5872,772.1292,7.542,3,24,6.241,1.301,2,0.6505,3.182,0.827,0.8527
VAL_M2B_2020_00120,SPEAKER_00,40,772.3092,775.2802,2.971,2,20,2.66,0.311,1,0.311,6.732,0.895,
VAL_M2B_2020_00120,SPEAKER_01,41,776.9502,778.0202,1.07,1,8,1.07,0.0,0,0.0,7.477,1.0,0.5175
VAL_M2B_2020_00120,SPEAKER_00,42,778.2512,786.4532,8.202,5,29,4.81,3.392,4,0.848,3.536,0.586,
VAL_M2B_2020_00120,UNKNOWN,43,786.9942,787.0942,0.1,1,2,0.1,0.0,0,0.0,20.0,1.0,
VAL_M2B_2020_00120,SPEAKER_01,44,789.1882,805.3382,16.15,7,64,10.528,5.622,6,0.937,3.963,0.652,0.7043
VAL_M2B_2020_00120,SPEAKER_00,45,806.2422,806.9822,0.74,1,9,0.74,0.0,0,0.0,12.162,1.0,
VAL_M2B_2020_00120,SPEAKER_01,46,807.6432,821.0672,13.424,4,38,5.12,8.304,3,2.768,2.831,0.381,0.8053
VAL_M2B_2020_00120,SPEAKER_00,47,821.3682,823.5992,2.231,3,14,1.28,0.951,2,0.4755,6.275,0.574,
VAL_M2B_2020_00120,SPEAKER_01,48,823.7102,824.2502,0.54,1,4,0.54,0.0,0,0.0,7.407,1.0,0.2445
VAL_M2B_2020_00120,SPEAKER_00,49,824.5312,825.0722,0.541,1,1,0.541,0.0,0,0.0,1.848,1.0,
VAL_M2B_2020_00120,SPEAKER_01,50,825.6522,826.3622,0.71,1,9,0.71,0.0,0,0.0,12.676,1.0,0.4354
VAL_M2B_2020_00120,SPEAKER_00,51,826.4332,827.2432,0.81,1,9,0.81,0.0,0,0.0,11.111,1.0,
VAL_M2B_2020_00120,SPEAKER_01,52,827.5342,837.2822,9.748,4,22,4.494,5.254,3,1.7513,2.257,0.461,0.7780
VAL_M2B_2020_00120,SPEAKER_00,53,837.3022,841.7762,4.474,4,19,2.61,1.864,3,0.6213,4.247,0.583,
VAL_M2B_2020_00120,SPEAKER_01,54,842.2272,846.1192,3.892,2,7,0.74,3.152,1,3.152,1.799,0.19,0.7372
VAL_M2B_2020_00120,SPEAKER_00,55,847.3072,848.4672,1.16,1,6,1.16,0.0,0,0.0,5.172,1.0,
VAL_M2B_2020_00120,SPEAKER_01,56,857.4092,875.3322,17.923,7,85,14.674,3.249,6,0.5415,4.743,0.819,0.8372
VAL_M2B_2020_00120,SPEAKER_00,57,875.4222,877.3622,1.94,1,18,1.94,0.0,0,0.0,9.278,1.0,
VAL_M2B_2020_00120,SPEAKER_01,58,879.2352,885.6102,6.375,2,27,4.543,1.832,1,1.832,4.235,0.713,0.6126
VAL_M2B_2020_00120,SPEAKER_00,59,885.6302,893.3412,7.711,6,16,2.82,4.891,5,0.9782,2.075,0.366,
VAL_M2B_2020_00120,SPEAKER_01,60,893.8762,895.8472,1.971,1,14,1.971,0.0,0,0.0,7.103,1.0,0.6175
VAL_M2B_2020_00120,SPEAKER_00,61,897.2982,898.0782,0.78,1,6,0.78,0.0,0,0.0,7.692,1.0,
VAL_M2B_2020_00120,SPEAKER_01,62,899.2492,909.2752,10.026,4,30,6.082,3.944,3,1.3147,2.992,0.607,0.5954
VAL_M2B_2020_00120,SPEAKER_00,63,909.3152,922.4702,13.155,6,49,6.32,6.835,5,1.367,3.725,0.48,
VAL_M2B_2020_00120,SPEAKER_01,64,923.1622,931.2322,8.07,3,30,7.53,0.54,2,0.27,3.717,0.933,0.6714
VAL_M2B_2020_00120,SPEAKER_00,65,931.9562,933.4072,1.451,2,7,1.021,0.43,1,0.43,4.824,0.704,
VAL_M2B_2020_00120,SPEAKER_01,66,935.9582,937.0782,1.12,1,8,1.12,0.0,0,0.0,7.143,1.0,0.5998
VAL_M2B_2020_00120,SPEAKER_00,67,938.6382,940.0782,1.44,1,11,1.44,0.0,0,0.0,7.639,1.0,
VAL_M2B_2020_00120,SPEAKER_01,68,941.9392,943.1792,1.24,1,8,1.24,0.0,0,0.0,6.452,1.0,0.7508
VAL_M2B_2020_00120,SPEAKER_00,69,943.2592,947.2802,4.021,2,27,3.02,1.001,1,1.001,6.715,0.751,
VAL_M2B_2020_00120,SPEAKER_01,70,947.8002,948.4902,0.69,1,6,0.69,0.0,0,0.0,8.696,1.0,0.9177
VAL_M2B_2020_00120,SPEAKER_00,71,948.8602,954.6512,5.791,3,26,4.87,0.921,2,0.4605,4.49,0.841,
VAL_M2B_2020_00120,SPEAKER_01,72,955.4812,963.2022,7.721,3,29,5.661,2.06,2,1.03,3.756,0.733,0.7407
VAL_M2B_2020_00120,SPEAKER_00,73,964.6942,964.9842,0.29,1,3,0.29,0.0,0,0.0,10.345,1.0,
VAL_M2B_2020_00120,SPEAKER_01,74,965.9962,966.1762,0.18,1,2,0.18,0.0,0,0.0,11.111,1.0,
VAL_M2B_2020_00120,SPEAKER_00,75,966.7362,967.7462,1.01,2,4,0.59,0.42,1,0.42,3.96,0.584,
VAL_M2B_2020_00120,SPEAKER_01,76,970.7602,989.5192,18.759,5,54,8.783,9.976,4,2.494,2.879,0.468,0.6830
VAL_M2B_2020_00120,SPEAKER_00,77,989.6002,992.7424,3.1422,3,13,1.5192,1.623,2,0.8115,4.137,0.483,
VAL_M2B_2020_00122,SPEAKER_01,1,383.9424,406.4994,22.557,7,54,11.267,11.29,6,1.8817,2.394,0.499,0.8265
VAL_M2B_2020_00122,SPEAKER_00,2,414.5834,416.0334,1.45,1,10,1.45,0.0,0,0.0,6.897,1.0,
VAL_M2B_2020_00122,SPEAKER_01,3,417.7854,424.1954,6.41,3,16,4.1,2.31,2,1.155,2.496,0.64,0.8115
VAL_M2B_2020_00122,SPEAKER_00,4,425.4984,426.8584,1.36,1,7,1.36,0.0,0,0.0,5.147,1.0,
VAL_M2B_2020_00122,SPEAKER_01,5,428.6704,452.2914,23.621,6,52,12.581,11.04,5,2.208,2.201,0.533,0.8073
VAL_M2B_2020_00122,SPEAKER_00,6,453.6354,456.0874,2.452,1,16,2.452,0.0,0,0.0,6.525,1.0,
VAL_M2B_2020_00122,SPEAKER_01,7,457.7684,460.1284,2.36,1,16,2.36,0.0,0,0.0,6.78,1.0,0.7551
VAL_M2B_2020_00122,SPEAKER_00,8,463.1494,464.9714,1.822,1,11,1.822,0.0,0,0.0,6.037,1.0,
VAL_M2B_2020_00122,SPEAKER_01,9,465.5914,474.8234,9.232,3,22,3.62,5.612,2,2.806,2.383,0.392,0.7013
VAL_M2B_2020_00122,SPEAKER_00,10,476.6844,479.6354,2.951,1,11,2.951,0.0,0,0.0,3.728,1.0,
VAL_M2B_2020_00122,SPEAKER_01,11,480.0264,498.9524,18.926,7,49,10.38,8.546,6,1.4243,2.589,0.548,0.8287
VAL_M2B_2020_00122,SPEAKER_00,12,500.2624,501.6134,1.351,1,8,1.351,0.0,0,0.0,5.922,1.0,
VAL_M2B_2020_00122,SPEAKER_01,13,504.1714,536.0684,31.897,14,86,15.696,16.201,13,1.2462,2.696,0.492,0.8342
VAL_M2B_2020_00122,SPEAKER_00,14,538.2784,539.9904,1.712,1,10,1.712,0.0,0,0.0,5.841,1.0,
VAL_M2B_2020_00122,SPEAKER_01,15,541.6314,552.8984,11.267,4,29,6.085,5.182,3,1.7273,2.574,0.54,0.8793
VAL_M2B_2020_00122,SPEAKER_00,16,555.5884,558.8584,3.27,1,23,3.27,0.0,0,0.0,7.034,1.0,
VAL_M2B_2020_00122,SPEAKER_01,17,559.6424,596.0534,36.411,16,102,20.504,15.907,15,1.0605,2.801,0.563,0.7375
VAL_M2B_2020_00122,SPEAKER_00,18,598.3964,600.6894,2.293,1,13,2.293,0.0,0,0.0,5.669,1.0,
VAL_M2B_2020_00122,SPEAKER_01,19,602.5114,650.8994,48.388,17,145,25.726,22.662,16,1.4164,2.997,0.532,0.8279
VAL_M2B_2020_00122,SPEAKER_00,20,652.8794,655.5904,2.711,2,16,2.32,0.391,1,0.391,5.902,0.856,
VAL_M2B_2020_00122,SPEAKER_01,21,657.7824,675.1014,17.319,6,52,10.627,6.692,5,1.3384,3.002,0.614,0.7797
VAL_M2B_2020_00122,SPEAKER_00,22,676.6744,678.0554,1.381,1,9,1.381,0.0,0,0.0,6.517,1.0,
VAL_M2B_2020_00122,SPEAKER_01,23,682.2924,701.1344,18.842,7,59,12.821,6.021,6,1.0035,3.131,0.68,0.8198
VAL_M2B_2020_00122,SPEAKER_00,24,703.1194,704.4994,1.38,1,9,1.38,0.0,0,0.0,6.522,1.0,
VAL_M2B_2020_00122,SPEAKER_01,25,706.2734,743.4254,37.152,14,115,21.112,16.04,13,1.2338,3.095,0.568,0.7950
VAL_M2B_2020_00122,SPEAKER_00,26,747.0064,748.6864,1.68,1,12,1.68,0.0,0,0.0,7.143,1.0,
VAL_M2B_2020_00122,SPEAKER_01,27,750.5604,765.8674,15.307,6,51,9.021,6.286,5,1.2572,3.332,0.589,0.7584
VAL_M2B_2020_00168,SPEAKER_00,1,567.7344,637.0104,69.276,25,178,38.81,30.466,24,1.2694,2.569,0.56,0.8167
VAL_M2B_2020_00168,SPEAKER_01,2,637.6704,641.4634,3.793,1,30,3.793,0.0,0,0.0,7.909,1.0,
VAL_M2B_2020_00168,SPEAKER_00,3,641.5744,727.6054,86.031,32,314,63.138,22.893,31,0.7385,3.65,0.734,0.8186
VAL_M2B_2020_00168,SPEAKER_01,4,727.6564,736.6664,9.01,1,61,9.01,0.0,0,0.0,6.77,1.0,
VAL_M2B_2020_00168,SPEAKER_00,5,739.7984,745.2484,5.45,3,25,4.0,1.45,2,0.725,4.587,0.734,0.8267
VAL_M2B_2020_00168,SPEAKER_01,6,746.0614,755.9264,9.865,4,29,5.942,3.923,3,1.3077,2.94,0.602,
VAL_M2B_2020_00168,SPEAKER_00,7,755.9864,762.4894,6.503,5,34,4.031,2.472,4,0.618,5.228,0.62,0.7430
VAL_M2B_2020_00168,SPEAKER_01,8,762.5694,772.2814,9.712,3,56,7.622,2.09,2,1.045,5.766,0.785,
VAL_M2B_2020_00168,SPEAKER_00,9,773.1014,803.7144,30.613,12,102,20.808,9.805,11,0.8914,3.332,0.68,0.8256
VAL_M2B_2020_00168,SPEAKER_01,10,804.6944,805.3154,0.621,1,2,0.621,0.0,0,0.0,3.221,1.0,
VAL_M2B_2020_00168,SPEAKER_00,11,805.6754,813.8694,8.194,4,42,6.712,1.482,3,0.494,5.126,0.819,0.7601
VAL_M2B_2020_00168,SPEAKER_01,12,815.0034,817.0534,2.05,2,13,1.66,0.39,1,0.39,6.341,0.81,
VAL_M2B_2020_00168,SPEAKER_00,13,817.1044,820.1674,3.063,2,11,2.391,0.672,1,0.672,3.591,0.781,0.6303
VAL_M2B_2020_00168,SPEAKER_01,14,820.1874,821.5374,1.35,1,11,1.35,0.0,0,0.0,8.148,1.0,
VAL_M2B_2020_00168,SPEAKER_00,15,823.3694,824.2994,0.93,1,7,0.93,0.0,0,0.0,7.527,1.0,0.8286
VAL_M2B_2020_00168,SPEAKER_01,16,826.1784,837.1474,10.969,6,47,6.504,4.465,5,0.893,4.285,0.593,
VAL_M2B_2020_00168,SPEAKER_00,17,838.5684,948.0974,109.529,39,369,72.043,37.486,38,0.9865,3.369,0.658,0.8067
VAL_M2B_2020_00168,SPEAKER_01,18,948.5974,952.0274,3.43,1,22,3.43,0.0,0,0.0,6.414,1.0,
VAL_M2B_2020_00168,SPEAKER_00,19,952.7594,958.5824,5.823,1,26,5.823,0.0,0,0.0,4.465,1.0,0.7579
VAL_M2B_2020_00168,SPEAKER_01,20,958.6024,970.7624,12.16,6,65,9.706,2.454,5,0.4908,5.345,0.798,
VAL_M2B_2020_00168,SPEAKER_00,21,970.8024,972.8434,2.041,2,12,1.16,0.881,1,0.881,5.879,0.568,0.5373
VAL_M2B_2020_00168,SPEAKER_01,22,974.1254,991.4624,17.337,6,92,13.533,3.804,5,0.7608,5.307,0.781,
VAL_M2B_2020_00168,SPEAKER_00,23,995.5604,1010.2114,14.651,5,51,10.94,3.711,4,0.9278,3.481,0.747,0.8275
VAL_M2B_2020_00168,SPEAKER_01,24,1010.2644,1010.7944,0.53,1,2,0.53,0.0,0,0.0,3.774,1.0,
VAL_M2B_2020_00168,SPEAKER_00,25,1011.0444,1022.4074,11.363,6,52,9.372,1.991,5,0.3982,4.576,0.825,0.6057
VAL_M2B_2020_00168,SPEAKER_01,26,1024.1474,1024.8884,0.741,1,9,0.741,0.0,0,0.0,12.146,1.0,
VAL_M2B_2020_00168,SPEAKER_00,27,1025.3684,1030.5784,5.21,2,35,4.82,0.39,1,0.39,6.718,0.925,0.7863
VAL_M2B_2020_00168,SPEAKER_01,28,1031.4924,1037.3364,5.844,1,35,5.844,0.0,0,0.0,5.989,1.0,
VAL_M2B_2020_00168,SPEAKER_00,29,1037.3564,1040.8584,3.502,1,21,3.502,0.0,0,0.0,5.997,1.0,0.6483
VAL_M2B_2020_00168,SPEAKER_01,30,1041.6994,1049.7044,8.005,4,24,4.645,3.36,3,1.12,2.998,0.58,
VAL_M2B_2020_00168,SPEAKER_00,31,1049.7244,1095.0254,45.301,21,159,29.236,16.065,20,0.8033,3.51,0.645,0.7470
VAL_M2B_2020_00168,SPEAKER_01,32,1095.0454,1100.7864,5.741,1,50,5.741,0.0,0,0.0,8.709,1.0,
VAL_M2B_2020_00168,SPEAKER_00,33,1101.5074,1125.9154,24.408,8,95,16.231,8.177,7,1.1681,3.892,0.665,0.7491
VAL_M2B_2021_0072,SPEAKER_01,1,450.3036,510.2816,59.978,18,256,44.7151,15.2629,17,0.8978,4.268,0.746,0.7881
VAL_M2B_2021_0072,SPEAKER_00,2,511.1126,523.0616,11.949,4,57,10.108,1.841,3,0.6137,4.77,0.846,
VAL_M2B_2021_0072,SPEAKER_01,3,524.0226,619.2256,95.203,36,413,70.928,24.275,35,0.6936,4.338,0.745,0.8004
VAL_M2B_2021_0072,SPEAKER_00,4,620.8466,637.6366,16.79,5,80,14.64,2.15,4,0.5375,4.765,0.872,
VAL_M2B_2021_0072,SPEAKER_01,5,638.8506,702.5196,63.669,28,268,43.458,20.211,27,0.7486,4.209,0.683,0.8141
VAL_M2B_2021_0072,SPEAKER_00,6,703.5406,705.8316,2.291,1,9,2.291,0.0,0,0.0,3.928,1.0,
VAL_M2B_2021_0072,SPEAKER_01,7,705.9926,729.1786,23.186,9,117,17.796,5.39,8,0.6738,5.046,0.768,0.7263
VAL_M2B_2021_0072,SPEAKER_00,8,729.9386,741.4486,11.51,3,56,9.9,1.61,2,0.805,4.865,0.86,
VAL_M2B_2021_0072,SPEAKER_01,9,744.1216,804.8846,60.763,19,256,43.355,17.408,18,0.9671,4.213,0.714,0.8211
VAL_M2B_2021_0072,SPEAKER_00,10,804.9046,821.8306,16.926,7,47,11.35,5.576,6,0.9293,2.777,0.671,
VAL_M2B_2021_0072,SPEAKER_01,11,823.5656,856.9166,33.351,9,148,25.2,8.151,8,1.0189,4.438,0.756,0.7730
VAL_M2B_2021_0072,SPEAKER_00,12,858.0476,871.7466,13.699,3,63,10.862,2.837,2,1.4185,4.599,0.793,
VAL_M2B_2021_0072,SPEAKER_01,13,873.0596,899.1756,26.116,7,110,20.752,5.364,6,0.894,4.212,0.795,0.8010
VAL_M2B_2022_0081,SPEAKER_01,1,593.7906,639.0306,45.24,13,218,34.862,10.378,12,0.8648,4.819,0.771,0.7250
VAL_M2B_2022_0081,SPEAKER_00,2,639.0706,647.3656,8.295,3,39,7.322,0.973,2,0.4865,4.702,0.883,
VAL_M2B_2022_0081,SPEAKER_01,3,648.1456,670.5926,22.447,7,122,18.952,3.495,6,0.5825,5.435,0.844,0.6623
VAL_M2B_2022_0081,SPEAKER_00,4,672.0476,681.4606,9.413,5,46,7.572,1.841,4,0.4602,4.887,0.804,
VAL_M2B_2022_0081,SPEAKER_01,5,682.3816,731.2886,48.907,14,264,41.141,7.766,13,0.5974,5.398,0.841,0.7392
VAL_M2B_2022_0081,SPEAKER_00,6,732.5096,736.7116,4.202,2,17,3.852,0.35,1,0.35,4.046,0.917,
VAL_M2B_2022_0081,SPEAKER_01,7,737.6526,755.9456,18.293,7,94,15.371,2.922,6,0.487,5.139,0.84,0.6763
VAL_M2B_2022_0081,SPEAKER_00,8,758.0516,763.3616,5.31,2,12,4.42,0.89,1,0.89,2.26,0.832,
VAL_M2B_2022_0081,SPEAKER_01,9,764.0956,800.6826,36.587,13,185,30.737,5.85,12,0.4875,5.056,0.84,0.6362
VAL_M2B_2022_0081,SPEAKER_00,10,802.0646,806.7686,4.704,1,18,4.704,0.0,0,0.0,3.827,1.0,
VAL_M2B_2022_0081,SPEAKER_01,11,807.5796,834.5396,26.96,8,138,23.339,3.621,7,0.5173,5.119,0.866,0.7326
VAL_M2B_2022_0081,SPEAKER_00,12,835.9096,842.2866,6.377,3,20,5.285,1.092,2,0.546,3.136,0.829,
VAL_M2B_2022_0081,SPEAKER_01,13,842.9376,1066.4136,223.476,64,1187,182.0829,41.3931,63,0.657,5.312,0.815,0.7121
VAL_M2B_2022_0081,SPEAKER_00,14,1067.4656,1075.1296,7.664,4,27,5.686,1.978,3,0.6593,3.523,0.742,
VAL_M2B_2022_0081,SPEAKER_01,15,1075.6906,1160.7096,85.019,24,358,69.789,15.23,23,0.6622,4.211,0.821,0.7096
VAL_M2B_2022_0081,SPEAKER_00,16,1161.1096,1166.9596,5.85,3,29,4.771,1.079,2,0.5395,4.957,0.816,
VAL_M2B_2022_0081,SPEAKER_01,17,1167.6426,1186.8366,19.194,6,112,16.109,3.085,5,0.617,5.835,0.839,0.6677
VAL_M2B_2026_00623,SPEAKER_01,1,572.8581,671.5681,98.71,34,401,71.463,27.247,33,0.8257,4.062,0.724,0.7144
VAL_M2B_2026_00623,SPEAKER_00,2,673.2881,678.3491,5.061,1,30,5.061,0.0,0,0.0,5.928,1.0,
VAL_M2B_2026_00623,SPEAKER_01,3,679.7301,870.3721,190.642,66,902,144.045,46.597,65,0.7169,4.731,0.756,0.6900
VAL_M2B_2026_00623,SPEAKER_00,4,872.3131,878.4371,6.124,2,26,5.624,0.5,1,0.5,4.246,0.918,
VAL_M2B_2026_00623,SPEAKER_01,5,879.9961,930.6201,50.624,22,247,34.539,16.085,21,0.766,4.879,0.682,0.6310
VAL_M2B_2026_00623,SPEAKER_00,6,934.3231,937.5451,3.222,1,24,3.222,0.0,0,0.0,7.449,1.0,
VAL_M2B_2026_00623,SPEAKER_01,7,938.7081,1031.2361,92.528,28,399,71.895,20.633,27,0.7642,4.312,0.777,0.6012
VAL_M2B_2026_00623,SPEAKER_00,8,1031.6521,1032.2521,0.6,1,2,0.6,0.0,0,0.0,3.333,1.0,
VAL_M2B_2026_00623,SPEAKER_01,9,1032.9331,1108.7551,75.822,24,354,57.5631,18.2589,23,0.7939,4.669,0.759,0.6015
VAL_M2B_2026_00623,SPEAKER_00,10,1110.3871,1114.8171,4.43,1,27,4.43,0.0,0,0.0,6.095,1.0,
VAL_M2B_2026_00623,SPEAKER_01,11,1117.9261,1145.0361,27.11,14,93,16.24,10.87,13,0.8362,3.43,0.599,0.5863
VAL_M2B_2026_00624,SPEAKER_01,1,631.6817,642.5477,10.866,5,55,8.946,1.92,4,0.48,5.062,0.823,0.6790
VAL_M2B_2026_00624,SPEAKER_00,2,645.0317,645.2017,0.17,1,1,0.17,0.0,0,0.0,5.882,1.0,
VAL_M2B_2026_00624,SPEAKER_01,3,646.0217,754.5977,108.576,43,447,79.346,29.23,42,0.696,4.117,0.731,0.7612
VAL_M2B_2026_00624,SPEAKER_00,4,755.5497,756.3097,0.76,1,6,0.76,0.0,0,0.0,7.895,1.0,
VAL_M2B_2026_00624,SPEAKER_01,5,756.8707,869.8657,112.995,42,506,80.863,32.132,41,0.7837,4.478,0.716,0.7644
VAL_M2B_2026_00624,SPEAKER_00,6,869.9587,878.4217,8.463,4,38,5.453,3.01,3,1.0033,4.49,0.644,
VAL_M2B_2026_00624,SPEAKER_01,7,879.1417,903.1427,24.001,9,99,16.935,7.066,8,0.8833,4.125,0.706,0.6987
VAL_M2B_2026_00624,SPEAKER_00,8,903.8437,909.1067,5.263,2,22,4.333,0.93,1,0.93,4.18,0.823,
VAL_M2B_2026_00624,SPEAKER_01,9,910.3877,997.8887,87.501,37,386,60.744,26.757,36,0.7432,4.411,0.694,0.7357
VAL_M2B_2026_00624,SPEAKER_00,10,1000.3297,1005.8397,5.51,2,36,5.07,0.44,1,0.44,6.534,0.92,
VAL_M2B_2026_00624,SPEAKER_01,11,1007.9007,1079.6807,71.78,25,343,55.65,16.13,24,0.6721,4.778,0.775,0.7633
VAL_M2B_2026_00624,SPEAKER_00,12,1081.0617,1085.7647,4.703,3,26,3.903,0.8,2,0.4,5.528,0.83,
VAL_M2B_2026_00624,SPEAKER_01,13,1086.4047,1176.3447,89.94,35,420,66.0439,23.8961,34,0.7028,4.67,0.734,0.7090
VAL_M2B_2026_00624,SPEAKER_00,14,1177.1247,1183.7457,6.621,2,45,5.711,0.91,1,0.91,6.797,0.863,
VAL_M2B_2026_00624,SPEAKER_01,15,1183.8857,1212.7237,28.838,13,118,17.105,11.733,12,0.9777,4.092,0.593,0.7559
VAL_M2B_2026_00624,SPEAKER_00,16,1214.2677,1217.4487,3.181,1,19,3.181,0.0,0,0.0,5.973,1.0,
VAL_M2B_2026_00624,SPEAKER_01,17,1217.6697,1262.6907,45.021,19,199,32.997,12.024,18,0.668,4.42,0.733,0.7324
VAL_M2B_2026_00627,SPEAKER_01,1,557.9956,584.0376,26.042,11,97,18.784,7.258,10,0.7258,3.725,0.721,0.7823
VAL_M2B_2026_00627,SPEAKER_00,2,585.1386,602.1566,17.018,7,76,13.857,3.161,6,0.5268,4.466,0.814,
VAL_M2B_2026_00627,SPEAKER_01,3,602.5966,754.4946,151.898,60,546,110.864,41.034,59,0.6955,3.595,0.73,0.8202
VAL_M2B_2026_00627,SPEAKER_00,4,755.2486,771.5336,16.285,4,74,13.001,3.284,3,1.0947,4.544,0.798,
VAL_M2B_2026_00627,SPEAKER_01,5,772.6336,839.2816,66.648,22,261,47.5041,19.1439,21,0.9116,3.916,0.713,0.8047
VAL_M2B_2026_00627,SPEAKER_00,6,839.6216,865.3216,25.7,7,105,22.109,3.591,6,0.5985,4.086,0.86,
VAL_M2B_2026_00627,SPEAKER_01,7,866.7746,910.7276,43.953,18,176,29.388,14.565,17,0.8568,4.004,0.669,0.8581
VAL_M2B_2026_00627,SPEAKER_00,8,911.5836,921.0286,9.445,3,29,8.595,0.85,2,0.425,3.07,0.91,
VAL_M2B_2026_00627,SPEAKER_01,9,922.6586,1016.2426,93.584,34,353,65.376,28.208,33,0.8548,3.772,0.699,0.8101
VAL_M2B_2026_00627,SPEAKER_00,10,1017.4116,1036.8226,19.411,5,88,17.991,1.42,4,0.355,4.534,0.927,
VAL_M2B_2026_00627,SPEAKER_01,11,1037.5026,1089.1596,51.657,21,145,34.8059,16.8511,20,0.8426,2.807,0.674,0.8123
VAL_M2B_2026_00627,SPEAKER_00,12,1091.2056,1110.7116,19.506,7,82,16.286,3.22,6,0.5367,4.204,0.835,
VAL_M2B_2026_00627,SPEAKER_01,13,1111.0516,1112.7416,1.69,1,6,1.69,0.0,0,0.0,3.55,1.0,0.7525
VAL_M2M_2019_00191,SPEAKER_01,1,619.4859,652.2059,32.72,11,146,24.299,8.421,10,0.8421,4.462,0.743,0.6019
VAL_M2M_2019_00191,SPEAKER_00,2,652.5189,656.6399,4.121,3,22,3.321,0.8,2,0.4,5.339,0.806,
VAL_M2M_2019_00191,SPEAKER_01,3,657.0209,743.3379,86.317,25,419,70.174,16.143,24,0.6726,4.854,0.813,0.7473
VAL_M2M_2019_00191,SPEAKER_00,4,744.1129,750.4449,6.332,4,38,5.182,1.15,3,0.3833,6.001,0.818,
VAL_M2M_2019_00191,SPEAKER_01,5,751.4769,766.5249,15.048,5,75,12.81,2.238,4,0.5595,4.984,0.851,0.6978
VAL_M2M_2019_00191,SPEAKER_00,6,767.6959,778.0319,10.336,5,39,7.114,3.222,4,0.8055,3.773,0.688,
VAL_M2M_2019_00191,SPEAKER_01,7,778.4229,822.8529,44.43,16,158,27.715,16.715,15,1.1143,3.556,0.624,0.7056
VAL_M2M_2019_00191,SPEAKER_00,8,822.9159,825.9259,3.01,2,16,2.52,0.49,1,0.49,5.316,0.837,
VAL_M2M_2019_00191,SPEAKER_01,9,826.2169,955.2069,128.99,42,603,100.0,28.99,41,0.7071,4.675,0.775,0.7389
VAL_M2M_2019_00191,SPEAKER_00,10,958.0179,966.6389,8.621,2,41,5.8,2.821,1,2.821,4.756,0.673,
VAL_M2M_2019_00191,SPEAKER_01,11,969.8419,1045.3709,75.529,24,349,57.88,17.649,23,0.7673,4.621,0.766,0.6757
VAL_M2M_2019_00191,SPEAKER_00,12,1045.6419,1051.4119,5.77,2,25,5.12,0.65,1,0.65,4.333,0.887,
VAL_M2M_2019_00191,SPEAKER_01,13,1052.2839,1083.2199,30.936,10,136,23.439,7.497,9,0.833,4.396,0.758,0.7364
VAL_M2M_2019_00191,SPEAKER_00,14,1084.4099,1109.9169,25.507,8,111,18.147,7.36,7,1.0514,4.352,0.711,
VAL_M2M_2019_00191,SPEAKER_01,15,1110.9129,1172.2379,61.325,20,244,46.168,15.157,19,0.7977,3.979,0.753,0.7396
VAL_M2M_2019_00191,SPEAKER_00,16,1173.8979,1174.4379,0.54,1,4,0.54,0.0,0,0.0,7.407,1.0,
VAL_M2M_2019_00191,SPEAKER_01,17,1175.2989,1213.4149,38.116,13,149,25.837,12.279,12,1.0232,3.909,0.678,0.6712
VAL_M2M_2019_00191,SPEAKER_00,18,1214.4659,1222.4489,7.983,4,29,5.022,2.961,3,0.987,3.633,0.629,
VAL_M2M_2019_00191,SPEAKER_01,19,1222.5489,1237.4659,14.917,4,50,8.056,6.861,3,2.287,3.352,0.54,0.6015
VAL_M2M_2019_00212,SPEAKER_01,1,967.7766,1261.6196,293.843,86,1174,226.2071,67.6359,85,0.7957,3.995,0.77,0.7598
VAL_M2M_2019_00212,SPEAKER_00,2,1266.3626,1288.6996,22.337,8,62,15.981,6.356,7,0.908,2.776,0.715,
VAL_M2M_2019_00212,SPEAKER_01,3,1289.9636,1409.8496,119.886,29,490,94.525,25.361,28,0.9058,4.087,0.788,0.7153
VAL_M2M_2019_00212,SPEAKER_00,4,1413.8796,1416.1596,2.28,1,14,2.28,0.0,0,0.0,6.14,1.0,
VAL_M2M_2019_00212,SPEAKER_01,5,1416.8926,1422.3426,5.45,2,12,4.61,0.84,1,0.84,2.202,0.846,0.8255
VAL_M2M_2019_00212,SPEAKER_00,6,1423.7646,1424.9146,1.15,1,5,1.15,0.0,0,0.0,4.348,1.0,
VAL_M2M_2019_00212,SPEAKER_01,7,1425.6356,1458.8476,33.212,12,124,26.203,7.009,11,0.6372,3.734,0.789,0.8192
VAL_M2M_2019_00212,SPEAKER_00,8,1462.2446,1470.4886,8.244,2,27,7.804,0.44,1,0.44,3.275,0.947,
VAL_M2M_2019_00212,SPEAKER_01,9,1472.9496,1559.5336,86.584,22,369,68.488,18.096,21,0.8617,4.262,0.791,0.7725
VAL_M2M_2019_00212,SPEAKER_00,10,1561.8336,1567.1136,5.28,2,9,2.03,3.25,1,3.25,1.705,0.384,
VAL_M2M_2019_00212,SPEAKER_01,11,1567.7196,1614.3666,46.647,15,222,37.823,8.824,14,0.6303,4.759,0.811,0.7189
VAL_M2M_2019_00212,SPEAKER_00,12,1616.7486,1625.3366,8.588,3,30,6.798,1.79,2,0.895,3.493,0.792,
VAL_M2M_2019_00212,SPEAKER_01,13,1626.1376,1751.3066,125.169,41,499,90.57,34.599,40,0.865,3.987,0.724,0.7641
VAL_M2M_2019_00212,SPEAKER_00,14,1754.8266,1756.3866,1.56,1,12,1.56,0.0,0,0.0,7.692,1.0,
VAL_M2M_2019_00212,SPEAKER_01,15,1757.9686,1821.4066,63.438,22,273,48.901,14.537,21,0.6922,4.303,0.771,0.7278
VAL_M2M_2019_00212,SPEAKER_00,16,1822.8056,1826.1256,3.32,2,14,2.55,0.77,1,0.77,4.217,0.768,
VAL_M2M_2019_00212,SPEAKER_01,17,1829.4096,1934.3716,104.962,30,408,74.385,30.577,29,1.0544,3.887,0.709,0.7471
VAL_M2M_2020_0016,SPEAKER_01,1,626.9944,647.6444,20.65,5,129,18.49,2.16,4,0.54,6.247,0.895,0.7274
VAL_M2M_2020_0016,SPEAKER_00,2,648.6884,664.0024,15.314,5,70,13.364,1.95,4,0.4875,4.571,0.873,
VAL_M2M_2020_0016,SPEAKER_01,3,665.1424,1035.5074,370.365,111,2119,316.191,54.174,110,0.4925,5.721,0.854,0.7870
VAL_M2M_2020_0016,SPEAKER_00,4,1036.7074,1063.6554,26.948,5,158,24.508,2.44,4,0.61,5.863,0.909,
VAL_M2M_2020_0016,SPEAKER_01,5,1065.1294,1205.0834,139.954,37,782,121.3321,18.6219,36,0.5173,5.588,0.867,0.7731
VAL_M2M_2020_0016,SPEAKER_00,6,1206.8064,1217.4844,10.678,2,79,10.233,0.445,1,0.445,7.398,0.958,
VAL_M2M_2020_0016,SPEAKER_01,7,1218.7054,1252.9628,34.2574,10,220,30.5234,3.734,9,0.4149,6.422,0.891,0.7673
VAL_M2M_2021_0029,SPEAKER_01,1,533.8304,542.6344,8.804,2,44,6.712,2.092,1,2.092,4.998,0.762,
VAL_M2M_2021_0029,SPEAKER_00,2,542.7344,546.3964,3.662,1,21,3.662,0.0,0,0.0,5.735,1.0,0.5652
VAL_M2M_2021_0029,SPEAKER_01,3,547.5174,548.6974,1.18,1,8,1.18,0.0,0,0.0,6.78,1.0,
VAL_M2M_2021_0029,SPEAKER_00,4,548.9984,607.8034,58.805,7,58,8.984,49.821,6,8.3035,0.986,0.153,0.3665
VAL_M2M_2021_0029,SPEAKER_01,5,608.7834,611.3944,2.611,2,15,1.861,0.75,1,0.75,5.745,0.713,
VAL_M2M_2021_0029,SPEAKER_00,6,615.9154,623.6484,7.733,4,33,5.871,1.862,3,0.6207,4.267,0.759,0.5853
VAL_M2M_2021_0029,SPEAKER_01,7,624.7084,625.6284,0.92,1,7,0.92,0.0,0,0.0,7.609,1.0,
VAL_M2M_2021_0029,SPEAKER_00,8,626.4394,631.0294,4.59,1,29,4.59,0.0,0,0.0,6.318,1.0,0.5655
VAL_M2M_2021_0029,SPEAKER_01,9,632.6164,633.6164,1.0,1,6,1.0,0.0,0,0.0,6.0,1.0,
VAL_M2M_2021_0029,SPEAKER_00,10,633.9764,635.7684,1.792,2,8,1.471,0.321,1,0.321,4.464,0.821,0.6892
VAL_M2M_2021_0029,SPEAKER_01,11,636.7394,637.4094,0.67,1,8,0.67,0.0,0,0.0,11.94,1.0,
VAL_M2M_2021_0029,SPEAKER_00,12,638.3804,661.8674,23.487,11,80,14.632,8.855,10,0.8855,3.406,0.623,0.5473
VAL_M2M_2021_0029,SPEAKER_01,13,661.9384,665.2884,3.35,1,21,3.35,0.0,0,0.0,6.269,1.0,
VAL_M2M_2021_0029,SPEAKER_00,14,665.7604,671.3734,5.613,2,9,1.4,4.213,1,4.213,1.603,0.249,0.3060
VAL_M2M_2021_0029,UNKNOWN,15,672.7744,672.9344,0.16,1,2,0.16,0.0,0,0.0,12.5,1.0,
VAL_M2M_2021_0029,SPEAKER_00,16,673.2644,723.0134,49.749,19,165,28.185,21.564,18,1.198,3.317,0.567,0.6114
VAL_M2M_2021_0029,SPEAKER_01,17,725.4464,726.6864,1.24,1,6,1.24,0.0,0,0.0,4.839,1.0,
VAL_M2M_2021_0029,SPEAKER_00,18,726.8874,729.1384,2.251,2,10,1.73,0.521,1,0.521,4.442,0.769,0.6321
VAL_M2M_2021_0029,SPEAKER_01,19,730.0894,731.3094,1.22,1,10,1.22,0.0,0,0.0,8.197,1.0,
VAL_M2M_2021_0029,SPEAKER_00,20,731.6514,739.6864,8.035,4,39,6.321,1.714,3,0.5713,4.854,0.787,0.4756
VAL_M2M_2021_0029,SPEAKER_01,21,740.2584,769.0384,28.78,9,107,15.8,12.98,8,1.6225,3.718,0.549,
VAL_M2M_2021_0029,SPEAKER_00,22,773.9034,785.4394,11.536,6,22,3.66,7.876,5,1.5752,1.907,0.317,0.3839
VAL_M2M_2021_0029,SPEAKER_01,23,785.5714,793.7554,8.184,2,43,7.732,0.452,1,0.452,5.254,0.945,
VAL_M2M_2021_0029,SPEAKER_00,24,797.0194,802.1814,5.162,4,23,3.38,1.782,3,0.594,4.456,0.655,0.5379
VAL_M2M_2021_0029,SPEAKER_01,25,802.2634,802.8334,0.57,1,6,0.57,0.0,0,0.0,10.526,1.0,
VAL_M2M_2021_0029,SPEAKER_00,26,803.8444,832.6314,28.787,13,103,18.047,10.74,12,0.895,3.578,0.627,0.6788
VAL_M2M_2021_0029,SPEAKER_01,27,833.7974,835.3874,1.59,1,9,1.59,0.0,0,0.0,5.66,1.0,
VAL_M2M_2021_0029,SPEAKER_00,28,836.3184,849.5114,13.193,6,60,9.471,3.722,5,0.7444,4.548,0.718,0.5968
VAL_M2M_2021_0029,SPEAKER_01,29,850.2214,853.9114,3.69,2,24,3.34,0.35,1,0.35,6.504,0.905,
VAL_M2M_2021_0029,SPEAKER_00,30,854.9224,878.8544,23.932,14,79,12.841,11.091,13,0.8532,3.301,0.537,0.4587
VAL_M2M_2021_0029,SPEAKER_01,31,880.2354,886.9064,6.671,3,38,4.8,1.871,2,0.9355,5.696,0.72,
VAL_M2M_2021_0029,SPEAKER_00,32,886.9574,893.2084,6.251,4,20,4.431,1.82,3,0.6067,3.199,0.709,0.6502
VAL_M2M_2021_0029,SPEAKER_01,33,895.5574,896.1984,0.641,1,9,0.641,0.0,0,0.0,14.041,1.0,
VAL_M2M_2021_0029,UNKNOWN,34,897.6584,898.0884,0.43,1,6,0.43,0.0,0,0.0,13.953,1.0,
VAL_M2M_2021_0029,SPEAKER_00,35,898.2784,901.4984,3.22,3,11,1.83,1.39,2,0.695,3.416,0.568,0.4103
VAL_M2M_2021_0029,SPEAKER_01,36,904.7804,906.3304,1.55,1,10,1.55,0.0,0,0.0,6.452,1.0,
VAL_M2M_2021_0029,SPEAKER_00,37,906.6204,946.2044,39.584,18,155,25.431,14.153,17,0.8325,3.916,0.642,0.7479
VAL_M2M_2021_0029,SPEAKER_01,38,947.5924,949.8744,2.282,1,10,2.282,0.0,0,0.0,4.382,1.0,
VAL_M2M_2021_0029,SPEAKER_00,39,952.4774,954.5774,2.1,1,15,2.1,0.0,0,0.0,7.143,1.0,
VAL_M2M_2021_0029,SPEAKER_01,40,961.1144,962.8554,1.741,1,16,1.741,0.0,0,0.0,9.19,1.0,
VAL_M2M_2021_0029,SPEAKER_00,41,965.0974,965.9784,0.881,1,6,0.881,0.0,0,0.0,6.81,1.0,0.3817
VAL_M2M_2021_0029,SPEAKER_01,42,966.2384,969.1584,2.92,2,17,2.23,0.69,1,0.69,5.822,0.764,
VAL_M2M_2021_0029,SPEAKER_00,43,969.2604,974.1644,4.904,2,16,1.942,2.962,1,2.962,3.263,0.396,0.3812
VAL_M2M_2021_0029,SPEAKER_01,44,974.1844,976.9264,2.742,1,24,2.742,0.0,0,0.0,8.753,1.0,
VAL_M2M_2021_0029,SPEAKER_00,45,978.5264,979.8364,1.31,1,13,1.31,0.0,0,0.0,9.924,1.0,
VAL_M2M_2021_0029,SPEAKER_01,46,979.9484,980.5184,0.57,1,5,0.57,0.0,0,0.0,8.772,1.0,
VAL_M2M_2021_0029,SPEAKER_00,47,981.1224,982.0724,0.95,1,7,0.95,0.0,0,0.0,7.368,1.0,0.5188
VAL_M2M_2021_0029,UNKNOWN,48,982.3024,983.0034,0.701,1,4,0.701,0.0,0,0.0,5.706,1.0,
VAL_M2M_2021_0029,SPEAKER_00,49,983.0234,992.8354,9.812,6,35,5.25,4.562,5,0.9124,3.567,0.535,0.4393
VAL_M2M_2021_0029,SPEAKER_01,50,993.1964,994.0464,0.85,1,3,0.85,0.0,0,0.0,3.529,1.0,
VAL_M2M_2021_0029,SPEAKER_00,51,995.0264,997.7774,2.751,3,17,1.97,0.781,2,0.3905,6.18,0.716,0.7530
VAL_M2M_2021_0029,SPEAKER_01,52,998.2474,999.9284,1.681,1,15,1.681,0.0,0,0.0,8.923,1.0,
VAL_M2M_2021_0029,SPEAKER_00,53,1000.2684,1026.0044,25.736,12,80,9.341,16.395,11,1.4905,3.108,0.363,0.4735
VAL_M2M_2021_0029,SPEAKER_01,54,1026.8444,1033.9674,7.123,1,37,7.123,0.0,0,0.0,5.194,1.0,
VAL_M2M_2021_0029,SPEAKER_00,55,1034.4474,1058.3064,23.859,11,73,14.754,9.105,10,0.9105,3.06,0.618,0.6046
VAL_M2M_2021_0029,SPEAKER_01,56,1058.3584,1059.7384,1.38,2,11,1.14,0.24,1,0.24,7.971,0.826,
VAL_M2M_2021_0029,SPEAKER_00,57,1060.2284,1066.4814,6.253,4,41,5.121,1.132,3,0.3773,6.557,0.819,0.5897
VAL_M2M_2021_0045,SPEAKER_00,1,460.5503,470.0243,9.474,4,28,3.98,5.494,3,1.8313,2.955,0.42,
VAL_M2M_2021_0045,SPEAKER_01,2,471.3383,510.7263,39.388,17,167,25.775,13.613,16,0.8508,4.24,0.654,0.8393
VAL_M2M_2021_0045,SPEAKER_00,3,511.6163,514.4273,2.811,2,18,2.421,0.39,1,0.39,6.403,0.861,
VAL_M2M_2021_0045,SPEAKER_01,4,515.8273,595.1023,79.275,33,292,48.4821,30.7929,32,0.9623,3.683,0.612,0.8175
VAL_M2M_2021_0045,SPEAKER_00,5,596.8153,598.7853,1.97,1,17,1.97,0.0,0,0.0,8.629,1.0,
VAL_M2M_2021_0045,SPEAKER_01,6,600.3153,602.1563,1.841,2,14,1.511,0.33,1,0.33,7.605,0.821,0.8468
VAL_M2M_2021_0045,SPEAKER_00,7,602.7363,603.5363,0.8,1,5,0.8,0.0,0,0.0,6.25,1.0,
VAL_M2M_2021_0045,SPEAKER_01,8,604.9273,672.8873,67.96,22,275,44.857,23.103,21,1.1001,4.046,0.66,0.7514
VAL_M2M_2021_0045,SPEAKER_00,9,673.4583,685.9713,12.513,6,35,5.542,6.971,5,1.3942,2.797,0.443,
VAL_M2M_2021_0045,SPEAKER_01,10,686.5633,697.7303,11.167,7,46,5.95,5.217,6,0.8695,4.119,0.533,0.8060
VAL_M2M_2021_0045,SPEAKER_00,11,699.2023,700.1723,0.97,1,5,0.97,0.0,0,0.0,5.155,1.0,
VAL_M2M_2021_0045,SPEAKER_01,12,700.7343,703.3363,2.602,1,23,2.602,0.0,0,0.0,8.839,1.0,0.6742
VAL_M2M_2021_0045,SPEAKER_00,13,704.6773,707.3793,2.702,2,19,2.132,0.57,1,0.57,7.032,0.789,
VAL_M2M_2021_0045,SPEAKER_01,14,708.7723,800.2213,91.449,38,346,62.543,28.906,37,0.7812,3.784,0.684,0.8510
VAL_M2M_2021_0045,SPEAKER_00,15,801.8353,803.6053,1.77,2,9,1.51,0.26,1,0.26,5.085,0.853,
VAL_M2M_2021_0045,SPEAKER_01,16,804.6363,806.4163,1.78,2,5,1.23,0.55,1,0.55,2.809,0.691,0.8975
VAL_M2M_2021_0045,SPEAKER_00,17,808.4783,812.2003,3.722,3,19,2.352,1.37,2,0.685,5.105,0.632,
VAL_M2M_2021_0045,SPEAKER_01,18,812.2203,820.5043,8.284,4,29,5.932,2.352,3,0.784,3.501,0.716,0.8028
VAL_M2M_2021_0045,SPEAKER_00,19,820.6943,822.2853,1.591,1,13,1.591,0.0,0,0.0,8.171,1.0,
VAL_M2M_2021_0045,SPEAKER_01,20,824.6383,850.1553,25.517,15,110,15.866,9.651,14,0.6894,4.311,0.622,0.8260
VAL_M2M_2021_0045,SPEAKER_00,21,853.1703,854.7503,1.58,1,13,1.58,0.0,0,0.0,8.228,1.0,
VAL_M2M_2021_0045,SPEAKER_01,22,855.4713,920.1503,64.679,27,274,41.634,23.045,26,0.8863,4.236,0.644,0.7658
VAL_M2M_2022_0077,SPEAKER_01,1,530.3987,588.9727,58.574,23,262,46.272,12.302,22,0.5592,4.473,0.79,0.7708
VAL_M2M_2022_0077,SPEAKER_00,2,589.3047,595.2947,5.99,1,30,5.99,0.0,0,0.0,5.008,1.0,
VAL_M2M_2022_0077,SPEAKER_01,3,596.1477,626.7447,30.597,10,149,24.246,6.351,9,0.7057,4.87,0.792,0.7052
VAL_M2M_2022_0077,SPEAKER_00,4,627.4447,632.2287,4.784,2,20,3.664,1.12,1,1.12,4.181,0.766,
VAL_M2M_2022_0077,SPEAKER_01,5,632.4897,641.4657,8.976,4,34,6.06,2.916,3,0.972,3.788,0.675,0.7788
VAL_M2M_2022_0077,SPEAKER_00,6,641.8697,643.6097,1.74,2,8,1.19,0.55,1,0.55,4.598,0.684,
VAL_M2M_2022_0077,SPEAKER_01,7,643.8817,691.5467,47.665,15,235,37.899,9.766,14,0.6976,4.93,0.795,0.7653
VAL_M2M_2022_0077,SPEAKER_00,8,692.0147,694.6557,2.641,1,17,2.641,0.0,0,0.0,6.437,1.0,
VAL_M2M_2022_0077,SPEAKER_01,9,696.0567,736.0257,39.969,13,172,32.314,7.655,12,0.6379,4.303,0.808,0.7745
VAL_M2M_2022_0077,SPEAKER_00,10,736.2757,751.7197,15.444,6,54,12.072,3.372,5,0.6744,3.497,0.782,
VAL_M2M_2022_0077,SPEAKER_01,11,754.2207,780.6897,26.469,9,155,22.572,3.897,8,0.4871,5.856,0.853,0.7431
VAL_M2M_2022_0077,SPEAKER_00,12,782.0077,795.8597,13.852,4,64,12.321,1.531,3,0.5103,4.62,0.889,
VAL_M2M_2022_0077,SPEAKER_01,13,797.9867,868.2717,70.285,31,333,53.73,16.555,30,0.5518,4.738,0.764,0.7618
VAL_M2M_2022_0077,SPEAKER_00,14,868.7517,881.3747,12.623,3,52,11.113,1.51,2,0.755,4.119,0.88,
VAL_M2M_2022_0077,SPEAKER_01,15,882.4797,963.8037,81.324,35,370,60.643,20.681,34,0.6083,4.55,0.746,0.7594
VAL_M2M_2022_0077,SPEAKER_00,16,965.2147,970.2377,5.023,1,37,5.023,0.0,0,0.0,7.366,1.0,
VAL_M2M_2022_0077,SPEAKER_01,17,970.2887,991.6347,21.346,8,112,17.019,4.327,7,0.6181,5.247,0.797,0.6383
VAL_M2M_2022_0077,SPEAKER_00,18,992.2557,998.7557,6.5,2,32,5.57,0.93,1,0.93,4.923,0.857,
VAL_M2M_2022_0077,SPEAKER_01,19,1001.2487,1060.4307,59.182,22,264,45.558,13.624,21,0.6488,4.461,0.77,0.7866
VAL_M2M_2022_0091,SPEAKER_01,1,565.9896,577.6216,11.632,4,45,7.772,3.86,3,1.2867,3.869,0.668,0.7199
VAL_M2M_2022_0091,SPEAKER_00,2,578.2416,582.8016,4.56,2,31,3.6801,0.8799,1,0.8799,6.798,0.807,
VAL_M2M_2022_0091,SPEAKER_01,3,583.4626,584.7026,1.24,1,10,1.24,0.0,0,0.0,8.065,1.0,0.6507
VAL_M2M_2022_0091,SPEAKER_00,4,587.7836,588.6836,0.9,1,8,0.9,0.0,0,0.0,8.889,1.0,
VAL_M2M_2022_0091,SPEAKER_01,5,589.8236,640.8506,51.027,16,134,22.682,28.345,15,1.8897,2.626,0.445,0.7718
VAL_M2M_2022_0091,SPEAKER_00,6,641.7706,652.0226,10.252,3,49,7.091,3.161,2,1.5805,4.78,0.692,
VAL_M2M_2022_0091,SPEAKER_01,7,656.7096,679.7546,23.045,8,84,11.341,11.704,7,1.672,3.645,0.492,0.7285
VAL_M2M_2022_0091,SPEAKER_00,8,686.0446,699.0096,12.965,5,51,6.461,6.504,4,1.626,3.934,0.498,
VAL_M2M_2022_0091,UNKNOWN,9,700.3306,700.7306,0.4,1,5,0.4,0.0,0,0.0,12.5,1.0,
VAL_M2M_2022_0091,SPEAKER_01,10,708.1536,851.8196,143.666,51,495,71.309,72.357,50,1.4471,3.445,0.496,0.7581
VAL_M2M_2022_0091,SPEAKER_00,11,854.5536,857.3156,2.762,2,9,0.94,1.822,1,1.822,3.259,0.34,
VAL_M2M_2022_0091,SPEAKER_01,12,861.4176,1124.0276,262.61,97,1020,150.3779,112.2321,96,1.1691,3.884,0.573,0.7521
VAL_M2M_2023_00298,SPEAKER_00,1,562.74,630.914,68.174,25,270,40.719,27.455,24,1.144,3.96,0.597,0.7604
VAL_M2M_2023_00298,SPEAKER_01,2,637.828,644.22,6.392,3,35,5.441,0.951,2,0.4755,5.476,0.851,
VAL_M2M_2023_00298,SPEAKER_00,3,645.571,724.527,78.956,36,325,48.916,30.04,35,0.8583,4.116,0.62,0.7497
VAL_M2M_2023_00298,SPEAKER_01,4,728.412,731.295,2.883,1,16,2.883,0.0,0,0.0,5.55,1.0,
VAL_M2M_2023_00298,SPEAKER_00,5,734.558,761.85,27.292,10,99,17.632,9.66,9,1.0733,3.627,0.646,0.7887
VAL_M2M_2023_00298,SPEAKER_01,6,763.115,766.919,3.804,2,10,1.954,1.85,1,1.85,2.629,0.514,
VAL_M2M_2023_00298,SPEAKER_00,7,770.582,810.786,40.204,16,126,21.145,19.059,15,1.2706,3.134,0.526,0.7646
VAL_M2M_2023_00298,SPEAKER_01,8,812.047,816.007,3.96,1,26,3.96,0.0,0,0.0,6.566,1.0,
VAL_M2M_2023_00298,SPEAKER_00,9,820.011,862.33,42.319,17,123,21.004,21.315,16,1.3322,2.906,0.496,0.8174
VAL_M2M_2023_00298,SPEAKER_01,10,864.695,866.945,2.25,1,18,2.25,0.0,0,0.0,8.0,1.0,
VAL_M2M_2023_00298,SPEAKER_00,11,872.459,943.275,70.816,28,259,40.529,30.287,27,1.1217,3.657,0.572,0.7708
VAL_M2M_2023_00298,SPEAKER_01,12,944.587,951.807,7.22,3,29,5.39,1.83,2,0.915,4.017,0.747,
VAL_M2M_2023_00298,SPEAKER_00,13,952.812,1040.048,87.236,37,282,45.761,41.475,36,1.1521,3.233,0.525,0.7553
VAL_M2M_2023_00298,SPEAKER_01,14,1041.939,1046.291,4.352,2,17,3.141,1.211,1,1.211,3.906,0.722,
VAL_M2M_2023_00298,SPEAKER_00,15,1046.982,1123.024,76.042,30,280,43.9071,32.1349,29,1.1081,3.682,0.577,0.7765
VAL_M2M_2023_00363,SPEAKER_01,1,542.1794,549.9053,7.7259,6,42,5.6929,2.033,5,0.4066,5.436,0.737,0.6998
VAL_M2M_2023_00363,SPEAKER_00,2,550.2454,560.5534,10.308,4,45,7.678,2.63,3,0.8767,4.366,0.745,
VAL_M2M_2023_00363,SPEAKER_01,3,562.0944,580.5954,18.501,8,98,15.368,3.133,7,0.4476,5.297,0.831,0.6791
VAL_M2M_2023_00363,SPEAKER_00,4,580.8484,582.5184,1.67,1,11,1.67,0.0,0,0.0,6.587,1.0,
VAL_M2M_2023_00363,SPEAKER_01,5,583.9704,588.8004,4.83,2,31,3.96,0.87,1,0.87,6.418,0.82,0.5834
VAL_M2M_2023_00363,SPEAKER_00,6,589.2844,591.9644,2.68,1,21,2.68,0.0,0,0.0,7.836,1.0,
VAL_M2M_2023_00363,SPEAKER_01,7,592.1564,638.5234,46.367,20,198,32.418,13.949,19,0.7342,4.27,0.699,0.7320
VAL_M2M_2023_00363,SPEAKER_00,8,639.7144,644.1944,4.48,2,33,4.07,0.41,1,0.41,7.366,0.908,
VAL_M2M_2023_00363,SPEAKER_01,9,644.9064,741.3894,96.483,33,369,48.379,48.104,32,1.5033,3.825,0.501,0.6936
VAL_M2M_2023_00363,SPEAKER_00,10,742.9644,761.9654,19.001,6,65,10.476,8.525,5,1.705,3.421,0.551,
VAL_M2M_2023_00363,SPEAKER_01,11,762.4154,821.3834,58.968,21,329,46.357,12.611,20,0.6306,5.579,0.786,0.7105
VAL_M2M_2023_00363,SPEAKER_00,12,822.5534,825.1334,2.58,1,19,2.58,0.0,0,0.0,7.364,1.0,
VAL_M2M_2023_00363,SPEAKER_01,13,825.5444,829.0384,3.494,2,7,0.84,2.654,1,2.654,2.003,0.24,0.3896
VAL_M2M_2023_00363,SPEAKER_00,14,830.3984,834.7414,4.343,2,28,3.913,0.43,1,0.43,6.447,0.901,
VAL_M2M_2023_00363,SPEAKER_01,15,834.7614,954.6514,119.89,44,562,91.078,28.812,43,0.67,4.688,0.76,0.6889
VAL_M2M_2023_00363,SPEAKER_00,16,955.2124,957.2724,2.06,1,12,2.06,0.0,0,0.0,5.825,1.0,
VAL_M2M_2023_00363,SPEAKER_01,17,958.6124,973.7354,15.123,5,46,6.172,8.951,4,2.2378,3.042,0.408,0.7415
VAL_M2M_2023_00363,SPEAKER_00,18,975.7364,980.4984,4.762,1,22,4.762,0.0,0,0.0,4.62,1.0,
VAL_M2M_2023_00363,SPEAKER_01,19,981.4194,1038.4074,56.988,22,242,42.396,14.592,21,0.6949,4.247,0.744,0.6999
VAL_M2M_2023_00363,SPEAKER_00,20,1038.8304,1043.2324,4.402,2,20,3.441,0.961,1,0.961,4.543,0.782,
VAL_M2M_2023_00363,SPEAKER_01,21,1043.3124,1062.9014,19.589,7,75,14.336,5.253,6,0.8755,3.829,0.732,0.8028
VAL_M2M_2023_00363,SPEAKER_00,22,1065.1364,1071.0814,5.945,2,18,4.655,1.29,1,1.29,3.028,0.783,
VAL_M2M_2023_00363,SPEAKER_01,23,1071.2424,1083.6284,12.386,6,56,9.06,3.326,5,0.6652,4.521,0.731,0.6908
VAL_M2M_2025_00692,SPEAKER_00,1,555.6666,608.5696,52.903,17,229,41.633,11.27,16,0.7044,4.329,0.787,0.7900
VAL_M2M_2025_00692,SPEAKER_01,2,609.9576,612.8696,2.912,1,12,2.912,0.0,0,0.0,4.121,1.0,
VAL_M2M_2025_00692,SPEAKER_00,3,614.7906,674.5216,59.731,20,250,43.345,16.386,19,0.8624,4.185,0.726,0.7913
VAL_M2M_2025_00692,SPEAKER_01,4,676.3146,680.4446,4.13,2,17,3.86,0.27,1,0.27,4.116,0.935,
VAL_M2M_2025_00692,SPEAKER_00,5,681.0166,713.4136,32.397,10,144,26.96,5.437,9,0.6041,4.445,0.832,0.8519
VAL_M2M_2025_00692,SPEAKER_01,6,715.1056,720.8186,5.713,1,35,5.713,0.0,0,0.0,6.126,1.0,
VAL_M2M_2025_00692,SPEAKER_00,7,721.7996,771.4226,49.623,18,230,39.699,9.924,17,0.5838,4.635,0.8,0.8150
VAL_M2M_2025_00692,SPEAKER_01,8,776.4706,789.1806,12.71,3,69,10.218,2.492,2,1.246,5.429,0.804,
VAL_M2M_2025_00692,SPEAKER_00,9,790.8806,903.6016,112.721,36,426,77.27,35.451,35,1.0129,3.779,0.685,0.7807
VAL_M2M_2025_00692,SPEAKER_01,10,905.5046,918.2496,12.745,4,58,11.145,1.6,3,0.5333,4.551,0.874,
VAL_M2M_2025_00692,SPEAKER_00,11,918.7746,993.8586,75.084,29,306,53.701,21.383,28,0.7637,4.075,0.715,0.8147
VAL_M2M_2025_00692,SPEAKER_01,12,994.7086,996.8286,2.12,1,16,2.12,0.0,0,0.0,7.547,1.0,
VAL_M2M_2025_00692,SPEAKER_00,13,998.1396,1045.1606,47.021,14,214,33.983,13.038,13,1.0029,4.551,0.723,0.7823
VAL_M2M_2025_00692,SPEAKER_01,14,1049.3446,1055.3376,5.993,3,23,3.832,2.161,2,1.0805,3.838,0.639,
VAL_M2M_2025_00692,SPEAKER_00,15,1056.1896,1102.7286,46.539,17,179,30.854,15.685,16,0.9803,3.846,0.663,0.8004
VAL_M2M_2025_00692,SPEAKER_01,16,1104.0316,1107.2016,3.17,2,9,2.79,0.38,1,0.38,2.839,0.88,
VAL_M3A_2020_00115,SPEAKER_00,1,492.8927,509.2197,16.327,7,67,11.286,5.041,6,0.8402,4.104,0.691,
VAL_M3A_2020_00115,SPEAKER_01,2,509.5207,532.1507,22.63,8,109,14.845,7.785,7,1.1121,4.817,0.656,0.7513
VAL_M3A_2020_00115,SPEAKER_00,3,535.2817,538.5917,3.31,1,26,3.31,0.0,0,0.0,7.855,1.0,
VAL_M3A_2020_00115,SPEAKER_01,4,539.5437,544.4637,4.92,3,23,4.02,0.9,2,0.45,4.675,0.817,0.6646
VAL_M3A_2020_00115,SPEAKER_00,5,546.4067,548.9677,2.561,1,16,2.561,0.0,0,0.0,6.248,1.0,
VAL_M3A_2020_00115,SPEAKER_01,6,549.1377,550.1277,0.99,1,9,0.99,0.0,0,0.0,9.091,1.0,0.6832
VAL_M3A_2020_00115,SPEAKER_00,7,554.6057,562.0777,7.472,3,40,6.54,0.932,2,0.466,5.353,0.875,
VAL_M3A_2020_00115,SPEAKER_01,8,564.7487,591.9507,27.202,9,108,19.263,7.939,8,0.9924,3.97,0.708,0.8057
VAL_M3A_2020_00115,SPEAKER_00,9,594.8917,595.2517,0.36,1,3,0.36,0.0,0,0.0,8.333,1.0,
VAL_M3A_2020_00115,SPEAKER_01,10,595.8527,600.9927,5.14,2,33,4.22,0.92,1,0.92,6.42,0.821,0.7064
VAL_M3A_2020_00115,SPEAKER_00,11,604.8777,608.3197,3.442,1,17,3.442,0.0,0,0.0,4.939,1.0,
VAL_M3A_2020_00115,SPEAKER_01,12,608.4997,608.7097,0.21,1,1,0.21,0.0,0,0.0,4.762,1.0,0.8890
VAL_M3A_2020_00115,SPEAKER_00,13,610.3407,611.8817,1.541,1,8,1.541,0.0,0,0.0,5.191,1.0,
VAL_M3A_2020_00115,SPEAKER_01,14,612.0017,612.6417,0.64,1,5,0.64,0.0,0,0.0,7.812,1.0,0.6840
VAL_M3A_2020_00115,SPEAKER_00,15,614.7267,621.1207,6.394,2,24,4.654,1.74,1,1.74,3.754,0.728,
VAL_M3A_2020_00115,SPEAKER_01,16,622.2607,643.0077,20.747,8,94,15.82,4.927,7,0.7039,4.531,0.763,0.7419
VAL_M3A_2020_00115,SPEAKER_00,17,646.9387,647.7787,0.84,1,6,0.84,0.0,0,0.0,7.143,1.0,
VAL_M3A_2020_00115,SPEAKER_01,18,648.0117,649.0817,1.07,2,5,0.81,0.26,1,0.26,4.673,0.757,0.8130
VAL_M3A_2020_00115,SPEAKER_00,19,652.8527,654.0387,1.186,1,6,1.186,0.0,0,0.0,5.059,1.0,
VAL_M3A_2020_00115,SPEAKER_01,20,654.1187,654.3587,0.24,1,0,0.24,0.0,0,0.0,0.0,1.0,0.8480
VAL_M3A_2020_00115,SPEAKER_00,21,655.7987,657.0787,1.28,1,9,1.28,0.0,0,0.0,7.031,1.0,
VAL_M3A_2020_00115,SPEAKER_01,22,657.2217,659.5317,2.31,2,18,1.78,0.53,1,0.53,7.792,0.771,0.5524
VAL_M3A_2020_00115,SPEAKER_00,23,665.4847,687.6087,22.124,7,108,17.312,4.812,6,0.802,4.882,0.782,
VAL_M3A_2020_00115,SPEAKER_01,24,687.6797,701.8627,14.183,5,76,11.789,2.394,4,0.5985,5.359,0.831,0.7258
VAL_M3A_2020_00115,SPEAKER_00,25,711.3117,714.2117,2.9,1,13,2.9,0.0,0,0.0,4.483,1.0,
VAL_M3A_2020_00115,SPEAKER_01,26,714.5147,736.2917,21.777,10,77,14.008,7.769,9,0.8632,3.536,0.643,0.8194
VAL_M3A_2020_00115,SPEAKER_00,27,739.1127,754.0077,14.895,3,67,11.18,3.715,2,1.8575,4.498,0.751,
VAL_M3A_2020_00115,SPEAKER_01,28,754.7447,762.4717,7.727,2,50,7.217,0.51,1,0.51,6.471,0.934,0.6964
VAL_M3A_2020_00115,SPEAKER_00,29,767.0217,779.1807,12.159,5,54,9.904,2.255,4,0.5637,4.441,0.815,
VAL_M3A_2020_00115,SPEAKER_01,30,779.6807,783.8237,4.143,1,29,4.143,0.0,0,0.0,7.0,1.0,0.7072
VAL_M3A_2020_00115,SPEAKER_00,31,783.8437,787.2457,3.402,1,7,3.402,0.0,0,0.0,2.058,1.0,
VAL_M3A_2020_00115,SPEAKER_01,32,787.2857,790.8757,3.59,2,17,1.86,1.73,1,1.73,4.735,0.518,0.7360
VAL_M3A_2020_00115,SPEAKER_00,33,792.2477,794.3177,2.07,1,12,2.07,0.0,0,0.0,5.797,1.0,
VAL_M3A_2020_00115,SPEAKER_01,34,794.8907,799.2507,4.36,3,25,3.22,1.14,2,0.57,5.734,0.739,0.7466
VAL_M3A_2020_00115,SPEAKER_00,35,803.5847,805.1747,1.59,1,12,1.59,0.0,0,0.0,7.547,1.0,
VAL_M3A_2020_00115,SPEAKER_01,36,805.3847,806.2447,0.86,1,5,0.86,0.0,0,0.0,5.814,1.0,0.8075
VAL_M3A_2020_00115,SPEAKER_00,37,809.3157,813.9157,4.6,4,16,2.93,1.67,3,0.5567,3.478,0.637,
VAL_M3A_2020_00115,SPEAKER_01,38,814.0277,814.2977,0.27,1,1,0.27,0.0,0,0.0,3.704,1.0,0.9270
VAL_M3A_2020_00115,SPEAKER_00,39,817.9087,822.6487,4.74,1,25,4.74,0.0,0,0.0,5.274,1.0,
VAL_M3A_2020_00115,SPEAKER_01,40,822.7097,824.2197,1.51,1,12,1.51,0.0,0,0.0,7.947,1.0,0.5433
VAL_M3A_2020_00115,SPEAKER_00,41,824.2897,825.8307,1.541,1,4,1.541,0.0,0,0.0,2.596,1.0,
VAL_M3A_2020_00115,SPEAKER_01,42,826.0307,826.2807,0.25,1,1,0.25,0.0,0,0.0,4.0,1.0,0.7870
VAL_M3A_2020_00115,SPEAKER_00,43,831.7767,834.9067,3.13,1,15,3.13,0.0,0,0.0,4.792,1.0,
VAL_M3A_2020_00115,SPEAKER_01,44,836.1687,837.4887,1.32,1,10,1.32,0.0,0,0.0,7.576,1.0,0.8808
VAL_M3A_2020_00115,SPEAKER_00,45,838.8007,840.2707,1.47,1,6,1.47,0.0,0,0.0,4.082,1.0,
VAL_M3A_2020_00115,SPEAKER_01,46,840.7427,887.7857,47.043,16,197,33.312,13.731,15,0.9154,4.188,0.708,0.6845
VAL_M3A_2020_00115,SPEAKER_00,47,889.3677,891.9387,2.571,1,15,2.571,0.0,0,0.0,5.834,1.0,
VAL_M3A_2020_00115,SPEAKER_01,48,891.9587,896.8597,4.901,3,24,3.19,1.711,2,0.8555,4.897,0.651,0.6514
VAL_M3A_2020_00115,SPEAKER_00,49,898.4707,899.9707,1.5,1,9,1.5,0.0,0,0.0,6.0,1.0,
VAL_M3A_2020_00115,SPEAKER_01,50,900.2417,902.5817,2.34,2,15,1.93,0.41,1,0.41,6.41,0.825,0.7672
VAL_M3A_2020_00115,SPEAKER_00,51,904.6827,905.4827,0.8,1,5,0.8,0.0,0,0.0,6.25,1.0,
VAL_M3A_2020_00115,SPEAKER_01,52,906.5637,907.5637,1.0,1,7,1.0,0.0,0,0.0,7.0,1.0,0.6932
VAL_M3A_2020_00115,SPEAKER_00,53,908.8447,910.0747,1.23,1,7,1.23,0.0,0,0.0,5.691,1.0,
VAL_M3A_2020_00115,SPEAKER_01,54,910.5057,921.7487,11.243,6,38,5.993,5.25,5,1.05,3.38,0.533,0.6717
VAL_M3A_2020_00115,SPEAKER_00,55,922.0887,944.3997,22.311,8,87,14.453,7.858,7,1.1226,3.899,0.648,
VAL_M3A_2020_00115,SPEAKER_01,56,944.4197,978.0727,33.653,11,149,21.378,12.275,10,1.2275,4.428,0.635,0.7186
VAL_M3A_2020_00115,SPEAKER_00,57,981.2937,984.8417,3.548,1,23,3.548,0.0,0,0.0,6.483,1.0,
VAL_M3A_2020_00125,SPEAKER_00,1,447.3451,458.4091,11.064,3,50,9.223,1.841,2,0.9205,4.519,0.834,0.7403
VAL_M3A_2020_00125,SPEAKER_01,2,459.2891,478.8451,19.556,8,91,14.447,5.109,7,0.7299,4.653,0.739,
VAL_M3A_2020_00125,SPEAKER_00,3,479.3661,518.2101,38.844,9,183,33.852,4.992,8,0.624,4.711,0.871,0.7119
VAL_M3A_2020_00125,SPEAKER_01,4,519.2761,525.3961,6.12,2,32,5.32,0.8,1,0.8,5.229,0.869,
VAL_M3A_2020_00125,SPEAKER_00,5,525.8301,543.6421,17.812,4,90,15.972,1.84,3,0.6133,5.053,0.897,0.7066
VAL_M3A_2020_00125,SPEAKER_01,6,545.9441,552.3201,6.376,3,23,3.69,2.686,2,1.343,3.607,0.579,
VAL_M3A_2020_00125,SPEAKER_00,7,552.7801,590.2861,37.506,7,162,32.83,4.676,6,0.7793,4.319,0.875,0.8231
VAL_M3A_2020_00125,SPEAKER_01,8,590.9391,591.3801,0.441,1,2,0.441,0.0,0,0.0,4.535,1.0,
VAL_M3A_2020_00125,SPEAKER_00,9,591.5001,716.6801,125.18,39,492,92.89,32.29,38,0.8497,3.93,0.742,0.7331
VAL_M3A_2020_00125,SPEAKER_01,10,717.9141,729.2531,11.339,3,62,9.613,1.726,2,0.863,5.468,0.848,
VAL_M3A_2020_00125,SPEAKER_00,11,729.7831,755.2561,25.473,9,110,19.429,6.044,8,0.7555,4.318,0.763,0.8010
VAL_M3A_2020_00125,SPEAKER_01,12,756.4411,758.1511,1.71,1,11,1.71,0.0,0,0.0,6.433,1.0,
VAL_M3A_2020_00125,SPEAKER_00,13,758.2821,776.1821,17.9,3,90,17.14,0.76,2,0.38,5.028,0.958,0.8142
VAL_M3A_2020_00125,SPEAKER_01,14,777.6151,777.8251,0.21,1,2,0.21,0.0,0,0.0,9.524,1.0,
VAL_M3A_2020_00125,SPEAKER_00,15,778.3561,780.1971,1.841,1,12,1.841,0.0,0,0.0,6.518,1.0,0.6030
VAL_M3A_2020_00125,SPEAKER_01,16,785.3771,801.3031,15.926,7,52,11.933,3.993,6,0.6655,3.265,0.749,
VAL_M3A_2020_00125,SPEAKER_00,17,801.5831,862.7031,61.12,18,252,50.032,11.088,17,0.6522,4.123,0.819,0.7951
VAL_M3A_2020_00125,SPEAKER_01,18,864.0641,885.4551,21.391,9,81,13.06,8.331,8,1.0414,3.787,0.611,
VAL_M3A_2020_00125,SPEAKER_00,19,886.0641,894.0541,7.99,2,47,7.52,0.47,1,0.47,5.882,0.941,0.5998
VAL_M3A_2021_0041,SPEAKER_01,1,545.2024,590.1644,44.962,15,248,34.327,10.635,14,0.7596,5.516,0.763,0.6338
VAL_M3A_2021_0041,SPEAKER_00,2,590.1844,590.7644,0.58,1,4,0.58,0.0,0,0.0,6.897,1.0,
VAL_M3A_2021_0041,SPEAKER_01,3,592.0654,596.1874,4.122,3,31,3.41,0.712,2,0.356,7.521,0.827,0.4998
VAL_M3A_2021_0041,SPEAKER_00,4,596.3974,597.0074,0.61,1,4,0.61,0.0,0,0.0,6.557,1.0,
VAL_M3A_2021_0041,SPEAKER_01,5,597.3684,647.0964,49.728,23,236,33.527,16.201,22,0.7364,4.746,0.674,0.6037
VAL_M3A_2021_0041,SPEAKER_00,6,647.8364,650.1264,2.29,1,14,2.29,0.0,0,0.0,6.114,1.0,
VAL_M3A_2021_0041,SPEAKER_01,7,650.3384,682.1384,31.8,11,165,24.502,7.298,10,0.7298,5.189,0.771,0.6380
VAL_M3A_2021_0041,SPEAKER_00,8,683.3494,684.2494,0.9,1,5,0.9,0.0,0,0.0,5.556,1.0,
VAL_M3A_2021_0041,SPEAKER_01,9,684.2894,685.1904,0.901,1,6,0.901,0.0,0,0.0,6.659,1.0,0.5955
VAL_M3A_2021_0041,SPEAKER_00,10,686.1304,686.5704,0.44,1,4,0.44,0.0,0,0.0,9.091,1.0,
VAL_M3A_2021_0041,SPEAKER_01,11,686.9574,773.7114,86.754,34,357,57.818,28.936,33,0.8768,4.115,0.666,0.6497
VAL_M3A_2021_0041,SPEAKER_00,12,775.4124,776.5324,1.12,1,9,1.12,0.0,0,0.0,8.036,1.0,
VAL_M3A_2021_0041,SPEAKER_01,13,777.8934,808.8374,30.944,13,143,18.243,12.701,12,1.0584,4.621,0.59,0.4873
VAL_M3A_2021_0041,SPEAKER_00,14,809.8414,810.1914,0.35,1,7,0.35,0.0,0,0.0,20.0,1.0,
VAL_M3A_2021_0041,UNKNOWN,15,810.6214,810.8914,0.27,1,4,0.27,0.0,0,0.0,14.815,1.0,
VAL_M3A_2021_0041,SPEAKER_01,16,811.1024,851.8244,40.722,17,187,28.957,11.765,16,0.7353,4.592,0.711,0.6056
VAL_M3A_2021_0041,SPEAKER_00,17,853.3254,853.8054,0.48,1,4,0.48,0.0,0,0.0,8.333,1.0,
VAL_M3A_2021_0041,SPEAKER_01,18,855.0814,926.2744,71.193,37,314,43.93,27.263,36,0.7573,4.411,0.617,0.7493
VAL_M3A_2021_0041,SPEAKER_00,19,926.9344,928.0444,1.11,1,9,1.11,0.0,0,0.0,8.108,1.0,
VAL_M3A_2021_0041,SPEAKER_01,20,932.3964,962.5024,30.106,11,149,23.191,6.915,10,0.6915,4.949,0.77,0.6871
VAL_M3A_2021_0041,SPEAKER_00,21,962.7904,963.8514,1.061,1,5,1.061,0.0,0,0.0,4.713,1.0,
VAL_M3A_2021_0041,SPEAKER_01,22,966.1914,994.7394,28.548,11,102,21.519,7.029,10,0.7029,3.573,0.754,0.7014
VAL_M3A_2021_0041,SPEAKER_00,23,995.1394,1005.9874,10.848,4,80,9.595,1.253,3,0.4177,7.375,0.884,
VAL_M3A_2021_0041,SPEAKER_01,24,1007.9284,1010.5304,2.602,1,21,2.602,0.0,0,0.0,8.071,1.0,0.7313
VAL_M3A_2021_0041,SPEAKER_00,25,1011.4714,1013.2414,1.77,1,15,1.77,0.0,0,0.0,8.475,1.0,
VAL_M3A_2021_0041,SPEAKER_01,26,1013.9934,1024.1424,10.149,4,55,8.989,1.16,3,0.3867,5.419,0.886,0.6548
VAL_M3A_2021_0041,SPEAKER_00,27,1024.4424,1024.5424,0.1,1,1,0.1,0.0,0,0.0,10.0,1.0,
VAL_M3A_2021_0041,SPEAKER_01,28,1024.9764,1032.3694,7.393,2,49,6.781,0.612,1,0.612,6.628,0.917,0.5670
VAL_M3A_2021_0041,SPEAKER_00,29,1034.5304,1042.4634,7.933,4,40,6.352,1.581,3,0.527,5.042,0.801,
VAL_M3A_2021_0041,SPEAKER_01,30,1042.8534,1051.0374,8.184,2,15,4.453,3.731,1,3.731,1.833,0.544,0.8410
VAL_M3A_2021_0041,SPEAKER_00,31,1051.6774,1055.6234,3.946,3,19,2.841,1.105,2,0.5525,4.815,0.72,
VAL_M3A_2021_0041,SPEAKER_01,32,1055.6434,1087.7384,32.095,11,158,25.046,7.049,10,0.7049,4.923,0.78,0.7274
VAL_M3A_2021_0043,SPEAKER_00,1,545.9905,610.9515,64.961,21,265,48.342,16.619,20,0.8309,4.079,0.744,0.8060
VAL_M3A_2021_0043,SPEAKER_01,2,611.5715,612.6415,1.07,1,11,1.07,0.0,0,0.0,10.28,1.0,
VAL_M3A_2021_0043,SPEAKER_00,3,612.7525,657.1595,44.407,11,163,33.95,10.457,10,1.0457,3.671,0.765,0.7364
VAL_M3A_2021_0043,SPEAKER_01,4,659.3605,669.5475,10.187,2,48,9.377,0.81,1,0.81,4.712,0.92,
VAL_M3A_2021_0043,SPEAKER_00,5,670.6835,725.3995,54.716,21,211,40.805,13.911,20,0.6956,3.856,0.746,0.7470
VAL_M3A_2021_0043,SPEAKER_01,6,726.2295,729.2305,3.001,1,18,3.001,0.0,0,0.0,5.998,1.0,
VAL_M3A_2021_0043,SPEAKER_00,7,729.2505,740.3105,11.06,5,36,7.3,3.76,4,0.94,3.255,0.66,0.7585
VAL_M3A_2021_0043,SPEAKER_01,8,742.5825,747.2825,4.7,2,22,3.84,0.86,1,0.86,4.681,0.817,
VAL_M3A_2021_0043,SPEAKER_00,9,747.6935,848.3815,100.688,29,435,75.0159,25.6721,28,0.9169,4.32,0.745,0.7640
VAL_M3A_2021_0043,SPEAKER_01,10,848.9415,859.0515,10.11,3,52,8.99,1.12,2,0.56,5.143,0.889,
VAL_M3A_2021_0043,SPEAKER_00,11,860.2265,1011.3665,151.14,46,566,111.178,39.962,45,0.888,3.745,0.736,0.7892
VAL_M3A_2021_0043,SPEAKER_01,12,1012.1575,1017.6995,5.542,1,31,5.542,0.0,0,0.0,5.594,1.0,
VAL_M3A_2021_0043,SPEAKER_00,13,1017.7195,1090.7735,73.054,23,302,57.1341,15.9199,22,0.7236,4.134,0.782,0.6741
VAL_M3A_2021_0053,SPEAKER_00,1,430.8813,440.6783,9.797,4,37,7.007,2.79,3,0.93,3.777,0.715,0.6637
VAL_M3A_2021_0053,SPEAKER_01,2,440.6983,441.5983,0.9,1,10,0.9,0.0,0,0.0,11.111,1.0,
VAL_M3A_2021_0053,SPEAKER_00,3,442.1183,491.4733,49.355,16,262,38.88,10.475,15,0.6983,5.308,0.788,0.5972
VAL_M3A_2021_0053,SPEAKER_01,4,492.0133,493.3443,1.331,1,12,1.331,0.0,0,0.0,9.016,1.0,
VAL_M3A_2021_0053,SPEAKER_00,5,494.5643,498.2063,3.642,1,23,3.642,0.0,0,0.0,6.315,1.0,0.5896
VAL_M3A_2021_0053,SPEAKER_01,6,498.8383,501.9593,3.121,2,20,2.67,0.451,1,0.451,6.408,0.855,
VAL_M3A_2021_0053,SPEAKER_00,7,501.9793,586.7503,84.771,18,267,44.694,40.077,17,2.3575,3.15,0.527,0.6942
VAL_M3A_2021_0053,SPEAKER_01,8,589.8573,590.6873,0.83,1,4,0.83,0.0,0,0.0,4.819,1.0,
VAL_M3A_2021_0053,SPEAKER_00,9,590.8173,715.5843,124.767,22,369,55.934,68.833,21,3.2778,2.958,0.448,0.6635
VAL_M3A_2021_0053,SPEAKER_01,10,715.6043,717.8863,2.282,1,12,2.282,0.0,0,0.0,5.259,1.0,
VAL_M3A_2021_0053,SPEAKER_00,11,718.6073,734.6383,16.031,5,85,13.246,2.785,4,0.6963,5.302,0.826,0.6359
VAL_M3A_2021_0053,SPEAKER_01,12,735.1573,736.2773,1.12,1,10,1.12,0.0,0,0.0,8.929,1.0,
VAL_M3A_2021_0053,SPEAKER_00,13,737.0183,761.6433,24.625,5,137,21.325,3.3,4,0.825,5.563,0.866,0.5698
VAL_M3A_2021_0053,SPEAKER_01,14,762.5853,767.5973,5.012,3,21,2.65,2.362,2,1.181,4.19,0.529,
VAL_M3A_2021_0053,SPEAKER_00,15,767.9983,784.3713,16.373,6,98,13.273,3.1,5,0.62,5.985,0.811,0.7001
VAL_M3A_2021_0053,SPEAKER_01,16,784.5513,785.0513,0.5,1,2,0.5,0.0,0,0.0,4.0,1.0,
VAL_M3A_2021_0053,SPEAKER_00,17,786.0913,823.2633,37.172,7,159,25.793,11.379,6,1.8965,4.277,0.694,0.7005
VAL_M3A_2021_0053,SPEAKER_01,18,825.2653,826.0853,0.82,1,7,0.82,0.0,0,0.0,8.537,1.0,
VAL_M3A_2021_0053,SPEAKER_00,19,826.7063,860.6603,33.954,11,135,27.074,6.88,10,0.688,3.976,0.797,0.7166
VAL_M3A_2021_0058,SPEAKER_01,1,487.877,546.21,58.333,18,241,42.0969,16.2361,17,0.9551,4.131,0.722,0.7657
VAL_M3A_2021_0058,SPEAKER_00,2,547.254,560.983,13.729,7,50,9.443,4.286,6,0.7143,3.642,0.688,
VAL_M3A_2021_0058,SPEAKER_01,3,561.143,601.277,40.134,15,177,30.521,9.613,14,0.6866,4.41,0.76,0.7029
VAL_M3A_2021_0058,SPEAKER_00,4,602.368,607.951,5.583,1,30,5.583,0.0,0,0.0,5.373,1.0,
VAL_M3A_2021_0058,SPEAKER_01,5,608.271,668.325,60.054,17,260,46.078,13.976,16,0.8735,4.329,0.767,0.7242
VAL_M3A_2021_0058,SPEAKER_00,6,668.926,686.405,17.479,9,63,12.586,4.893,8,0.6116,3.604,0.72,
VAL_M3A_2021_0058,SPEAKER_01,7,686.865,815.694,128.829,39,599,102.454,26.375,38,0.6941,4.65,0.795,0.7511
VAL_M3A_2021_0058,SPEAKER_00,8,817.543,828.261,10.718,4,32,5.88,4.838,3,1.6127,2.986,0.549,
VAL_M3A_2021_0058,SPEAKER_01,9,829.665,857.649,27.984,12,115,17.442,10.542,11,0.9584,4.109,0.623,0.6938
VAL_M3A_2021_0058,SPEAKER_00,10,858.591,864.815,6.224,3,25,4.5,1.724,2,0.862,4.017,0.723,
VAL_M3A_2021_0058,SPEAKER_01,11,864.835,943.607,78.772,30,346,58.606,20.166,29,0.6954,4.392,0.744,0.7500
VAL_M3A_2021_0058,SPEAKER_00,12,946.349,961.154,14.805,6,43,7.876,6.929,5,1.3858,2.904,0.532,
VAL_M3A_2021_0058,SPEAKER_01,13,961.214,974.651,13.437,7,63,9.913,3.524,6,0.5873,4.689,0.738,0.6354
VAL_M3A_2021_0062,SPEAKER_00,1,475.0484,521.3924,46.344,15,228,36.169,10.175,14,0.7268,4.92,0.78,0.7781
VAL_M3A_2021_0062,SPEAKER_01,2,521.7924,524.0524,2.26,2,13,1.81,0.45,1,0.45,5.752,0.801,
VAL_M3A_2021_0062,SPEAKER_00,3,524.0724,669.6704,145.598,42,621,112.0,33.598,41,0.8195,4.265,0.769,0.7642
VAL_M3A_2021_0062,SPEAKER_01,4,670.7304,673.4004,2.67,2,9,1.75,0.92,1,0.92,3.371,0.655,
VAL_M3A_2021_0062,SPEAKER_00,5,675.2924,726.4194,51.127,16,216,39.738,11.389,15,0.7593,4.225,0.777,0.7638
VAL_M3A_2021_0062,SPEAKER_01,6,728.2104,729.5514,1.341,1,10,1.341,0.0,0,0.0,7.457,1.0,
VAL_M3A_2021_0062,SPEAKER_00,7,730.2334,949.6374,219.404,70,939,148.825,70.579,69,1.0229,4.28,0.678,0.7793
VAL_M3A_2021_0064,SPEAKER_01,1,851.1304,910.9734,59.843,24,288,44.102,15.741,23,0.6844,4.813,0.737,0.7354
VAL_M3A_2021_0064,SPEAKER_00,2,912.2434,919.2154,6.972,2,35,4.311,2.661,1,2.661,5.02,0.618,
VAL_M3A_2021_0064,SPEAKER_01,3,920.2964,938.0394,17.743,9,86,13.977,3.766,8,0.4708,4.847,0.788,0.7644
VAL_M3A_2021_0064,SPEAKER_00,4,939.6604,946.5444,6.884,2,38,5.57,1.314,1,1.314,5.52,0.809,
VAL_M3A_2021_0064,SPEAKER_01,5,947.4274,1023.0234,75.596,39,341,50.912,24.684,38,0.6496,4.511,0.673,0.7682
VAL_M3A_2021_0064,SPEAKER_00,6,1025.1464,1029.8894,4.743,2,19,3.363,1.38,1,1.38,4.006,0.709,
VAL_M3A_2021_0064,SPEAKER_01,7,1030.7294,1211.6494,180.92,72,710,127.966,52.954,71,0.7458,3.924,0.707,0.7751
VAL_M3A_2021_0064,SPEAKER_00,8,1211.9294,1218.5834,6.654,4,21,5.314,1.34,3,0.4467,3.156,0.799,
VAL_M3A_2021_0064,SPEAKER_01,9,1219.3564,1453.2934,233.937,99,935,166.122,67.815,98,0.692,3.997,0.71,0.7743
VAL_M3A_2021_0064,SPEAKER_00,10,1454.8234,1457.8234,3.0,1,12,3.0,0.0,0,0.0,4.0,1.0,
VAL_M3A_2021_0064,SPEAKER_01,11,1458.5254,1491.9224,33.397,12,121,21.197,12.2,11,1.1091,3.623,0.635,0.7663
VAL_M3A_2021_0064,SPEAKER_00,12,1494.9674,1498.0504,3.083,1,24,3.083,0.0,0,0.0,7.785,1.0,
VAL_M3A_2021_0064,SPEAKER_01,13,1499.6914,1576.5194,76.828,31,308,51.185,25.643,30,0.8548,4.009,0.666,0.7795
VAL_M3A_2021_0064,SPEAKER_00,14,1580.2914,1597.9404,17.649,7,59,11.224,6.425,6,1.0708,3.343,0.636,
VAL_M3A_2021_0064,SPEAKER_01,15,1598.7734,1699.7754,101.002,43,461,73.974,27.028,42,0.6435,4.564,0.732,0.7060
VAL_M3A_2022_0083,SPEAKER_00,1,508.2558,520.0058,11.75,6,48,8.87,2.88,5,0.576,4.085,0.755,
VAL_M3A_2022_0083,SPEAKER_01,2,521.0068,558.2188,37.212,15,164,26.822,10.39,14,0.7421,4.407,0.721,0.6988
VAL_M3A_2022_0083,SPEAKER_00,3,559.5778,562.2278,2.65,2,6,2.38,0.27,1,0.27,2.264,0.898,
VAL_M3A_2022_0083,SPEAKER_01,4,562.2798,599.0918,36.812,17,163,26.657,10.155,16,0.6347,4.428,0.724,0.6534
VAL_M3A_2022_0083,SPEAKER_00,5,601.0338,612.9608,11.927,4,54,10.407,1.52,3,0.5067,4.528,0.873,
VAL_M3A_2022_0083,SPEAKER_01,6,612.9808,643.5008,30.52,11,148,24.24,6.28,10,0.628,4.849,0.794,0.6426
VAL_M3A_2022_0083,SPEAKER_00,7,644.6988,653.9808,9.282,3,40,8.295,0.987,2,0.4935,4.309,0.894,
VAL_M3A_2022_0083,SPEAKER_01,8,654.6208,709.3118,54.691,19,278,41.592,13.099,18,0.7277,5.083,0.76,0.6882
VAL_M3A_2022_0083,SPEAKER_00,9,711.4428,716.9928,5.55,1,23,5.55,0.0,0,0.0,4.144,1.0,
VAL_M3A_2022_0083,SPEAKER_01,10,717.2648,730.6698,13.405,6,55,8.403,5.002,5,1.0004,4.103,0.627,0.6696
VAL_M3A_2022_0083,SPEAKER_00,11,732.3698,744.5398,12.17,5,55,9.88,2.29,4,0.5725,4.519,0.812,
VAL_M3A_2022_0083,SPEAKER_01,12,744.6338,777.1798,32.546,14,160,25.609,6.937,13,0.5336,4.916,0.787,0.6946
VAL_M3A_2022_0083,SPEAKER_00,13,779.0218,791.0708,12.049,4,56,10.44,1.609,3,0.5363,4.648,0.866,
VAL_M3A_2022_0083,SPEAKER_01,14,791.4818,828.7568,37.275,17,147,27.656,9.619,16,0.6012,3.944,0.742,0.5679
VAL_M3A_2022_0083,SPEAKER_00,15,830.8478,839.4908,8.643,4,30,7.013,1.63,3,0.5433,3.471,0.811,
VAL_M3A_2022_0083,SPEAKER_01,16,839.6708,864.8318,25.161,7,150,22.02,3.141,6,0.5235,5.962,0.875,0.6659
VAL_M3A_2022_0083,SPEAKER_00,17,866.5138,879.8548,13.341,4,58,11.45,1.891,3,0.6303,4.348,0.858,
VAL_M3A_2022_0083,SPEAKER_01,18,881.3868,930.3918,49.005,16,258,40.705,8.3,15,0.5533,5.265,0.831,0.6003
VAL_M3A_2022_0083,SPEAKER_00,19,932.3198,945.1838,12.864,2,48,11.894,0.97,1,0.97,3.731,0.925,
VAL_M3A_2022_0083,SPEAKER_01,20,945.9358,964.8378,18.902,8,83,13.162,5.74,7,0.82,4.391,0.696,0.6784
VAL_M3A_2022_0083,SPEAKER_00,21,966.2928,983.6858,17.393,5,77,15.503,1.89,4,0.4725,4.427,0.891,
VAL_M3A_2022_0083,SPEAKER_01,22,983.9258,1015.4368,31.511,12,154,23.592,7.919,11,0.7199,4.887,0.749,0.6310
VAL_M3A_2026_00646,SPEAKER_00,1,641.3944,668.6954,27.301,10,126,22.221,5.08,9,0.5644,4.615,0.814,0.7523
VAL_M3A_2026_00646,SPEAKER_01,2,669.2184,674.7714,5.553,3,30,4.92,0.633,2,0.3165,5.402,0.886,
VAL_M3A_2026_00646,SPEAKER_00,3,675.7034,677.2334,1.53,1,9,1.53,0.0,0,0.0,5.882,1.0,0.8009
VAL_M3A_2026_00646,SPEAKER_01,4,679.4464,681.0074,1.561,1,9,1.561,0.0,0,0.0,5.766,1.0,
VAL_M3A_2026_00646,SPEAKER_00,5,682.7494,750.2044,67.455,23,364,54.383,13.072,22,0.5942,5.396,0.806,0.7108
VAL_M3A_2026_00646,SPEAKER_01,6,750.8254,759.4874,8.662,4,37,6.632,2.03,3,0.6767,4.272,0.766,
VAL_M3A_2026_00646,SPEAKER_00,7,760.0474,821.7624,61.715,21,287,52.166,9.549,20,0.4774,4.65,0.845,0.7948
VAL_M3A_2026_00646,SPEAKER_01,8,822.4724,831.7014,9.229,2,46,8.869,0.36,1,0.36,4.984,0.961,
VAL_M3A_2026_00646,SPEAKER_00,9,832.1224,894.6114,62.489,22,301,53.745,8.744,21,0.4164,4.817,0.86,0.8239
VAL_M3A_2026_00646,SPEAKER_01,10,894.6314,898.9014,4.27,2,24,3.98,0.29,1,0.29,5.621,0.932,
VAL_M3A_2026_00646,SPEAKER_00,11,899.3344,1158.7924,259.458,91,1270,215.4891,43.9689,90,0.4885,4.895,0.831,0.7371
VAL_M3A_2026_00646,SPEAKER_01,12,1159.8924,1165.8654,5.973,2,25,5.633,0.34,1,0.34,4.186,0.943,
VAL_M3A_2026_00646,SPEAKER_00,13,1167.3974,1280.8448,113.4474,41,551,93.0314,20.416,40,0.5104,4.857,0.82,0.7874
VAL_M3B_2021_0019,SPEAKER_01,1,640.5094,697.6274,57.118,22,215,36.961,20.157,21,0.9599,3.764,0.647,0.8165
VAL_M3B_2021_0019,SPEAKER_00,2,701.6374,705.3674,3.73,1,24,3.73,0.0,0,0.0,6.434,1.0,
VAL_M3B_2021_0019,SPEAKER_01,3,705.5194,778.3544,72.835,24,309,57.498,15.337,23,0.6668,4.242,0.789,0.8045
VAL_M3B_2021_0019,SPEAKER_00,4,782.6674,788.7894,6.122,3,23,4.613,1.509,2,0.7545,3.757,0.754,
VAL_M3B_2021_0019,SPEAKER_01,5,788.9094,856.1144,67.205,24,256,48.389,18.816,23,0.8181,3.809,0.72,0.8117
VAL_M3B_2021_0019,SPEAKER_00,6,856.8044,858.7844,1.98,1,18,1.98,0.0,0,0.0,9.091,1.0,
VAL_M3B_2021_0019,SPEAKER_01,7,860.0174,871.0454,11.028,8,33,6.3,4.728,7,0.6754,2.992,0.571,0.8135
VAL_M3B_2021_0019,SPEAKER_00,8,872.8354,877.1854,4.35,2,22,3.34,1.01,1,1.01,5.057,0.768,
VAL_M3B_2021_0019,SPEAKER_01,9,878.0594,899.4224,21.363,5,82,18.211,3.152,4,0.788,3.838,0.852,0.7922
VAL_M3B_2021_0019,SPEAKER_00,10,899.7884,900.8184,1.03,1,10,1.03,0.0,0,0.0,9.709,1.0,
VAL_M3B_2021_0019,SPEAKER_01,11,901.0294,908.2214,7.192,3,34,5.992,1.2,2,0.6,4.727,0.833,0.8255
VAL_M3B_2021_0019,SPEAKER_00,12,908.5924,908.8924,0.3,1,2,0.3,0.0,0,0.0,6.667,1.0,
VAL_M3B_2021_0019,SPEAKER_01,13,909.3924,940.7184,31.326,9,111,21.35,9.976,8,1.247,3.543,0.682,0.7572
VAL_M3B_2021_0019,SPEAKER_00,14,942.1314,944.3834,2.252,1,16,2.252,0.0,0,0.0,7.105,1.0,
VAL_M3B_2021_0019,SPEAKER_01,15,944.5744,948.4864,3.912,3,13,1.851,2.061,2,1.0305,3.323,0.473,0.3740
VAL_M3B_2021_0019,SPEAKER_00,16,948.7834,950.0944,1.311,1,10,1.311,0.0,0,0.0,7.628,1.0,
VAL_M3B_2021_0019,SPEAKER_01,17,950.1344,977.6744,27.54,8,114,21.914,5.626,7,0.8037,4.139,0.796,0.7651
VAL_M3B_2021_0019,SPEAKER_00,18,979.2264,980.3864,1.16,2,6,0.83,0.33,1,0.33,5.172,0.716,
VAL_M3B_2021_0019,SPEAKER_01,19,980.4374,998.5404,18.103,8,33,10.393,7.71,7,1.1014,1.823,0.574,0.6800
VAL_M3B_2021_0019,SPEAKER_00,20,999.7314,1002.8334,3.102,1,17,3.102,0.0,0,0.0,5.48,1.0,
VAL_M3B_2021_0019,SPEAKER_01,21,1002.8534,1042.3664,39.513,12,125,25.275,14.238,11,1.2944,3.164,0.64,0.7638
VAL_M3B_2021_0019,SPEAKER_00,22,1042.8564,1043.6564,0.8,1,8,0.8,0.0,0,0.0,10.0,1.0,
VAL_M3B_2021_0019,SPEAKER_01,23,1044.1874,1066.0054,21.818,8,71,13.997,7.821,7,1.1173,3.254,0.642,0.7625
VAL_M3B_2021_0019,SPEAKER_00,24,1069.7464,1087.8894,18.143,5,41,5.652,12.491,4,3.1227,2.26,0.312,
VAL_M3B_2021_0019,SPEAKER_01,25,1087.9694,1187.6864,99.717,32,357,69.971,29.746,31,0.9595,3.58,0.702,0.7799
VAL_M3B_2021_0019,SPEAKER_00,26,1188.7764,1189.5374,0.761,1,6,0.761,0.0,0,0.0,7.884,1.0,
VAL_M3B_2021_0019,SPEAKER_01,27,1189.8574,1196.8784,7.021,2,31,6.321,0.7,1,0.7,4.415,0.9,0.7617
VAL_M3B_2021_0019,SPEAKER_00,28,1199.3384,1201.6484,2.31,1,11,2.31,0.0,0,0.0,4.762,1.0,
VAL_M3B_2021_0019,SPEAKER_01,29,1204.9394,1217.1784,12.239,4,49,9.541,2.698,3,0.8993,4.004,0.78,0.8230
VAL_M3B_2021_0024,SPEAKER_01,1,532.2401,543.6971,11.457,3,45,9.247,2.21,2,1.105,3.928,0.807,
VAL_M3B_2021_0024,SPEAKER_00,2,545.7671,568.5161,22.749,8,117,16.11,6.639,7,0.9484,5.143,0.708,0.7322
VAL_M3B_2021_0024,SPEAKER_01,3,569.7291,572.2191,2.49,2,12,2.22,0.27,1,0.27,4.819,0.892,
VAL_M3B_2021_0024,SPEAKER_00,4,573.0361,617.8811,44.845,17,202,31.941,12.904,16,0.8065,4.504,0.712,0.8112
VAL_M3B_2021_0024,SPEAKER_01,5,620.0621,623.2441,3.182,1,22,3.182,0.0,0,0.0,6.914,1.0,
VAL_M3B_2021_0024,SPEAKER_00,6,623.7441,638.3481,14.604,9,51,8.781,5.823,8,0.7279,3.492,0.601,0.8803
VAL_M3B_2021_0024,SPEAKER_01,7,639.0311,643.9611,4.93,1,29,4.93,0.0,0,0.0,5.882,1.0,
VAL_M3B_2021_0024,SPEAKER_00,8,645.2591,666.5041,21.245,10,80,14.522,6.723,9,0.747,3.766,0.684,0.8800
VAL_M3B_2021_0024,SPEAKER_01,9,666.5241,668.0441,1.52,1,5,1.52,0.0,0,0.0,3.289,1.0,
VAL_M3B_2021_0024,SPEAKER_00,10,668.7161,690.5551,21.839,10,103,17.713,4.126,9,0.4584,4.716,0.811,0.7552
VAL_M3B_2021_0024,SPEAKER_01,11,692.1241,697.1481,5.024,1,37,5.024,0.0,0,0.0,7.365,1.0,
VAL_M3B_2021_0024,SPEAKER_00,12,697.4081,733.7921,36.384,14,182,27.079,9.305,13,0.7158,5.002,0.744,0.7311
VAL_M3B_2021_0024,SPEAKER_01,13,734.6221,737.6951,3.073,1,20,3.073,0.0,0,0.0,6.508,1.0,
VAL_M3B_2021_0024,SPEAKER_00,14,738.4361,764.6921,26.256,12,105,19.013,7.243,11,0.6585,3.999,0.724,0.8080
VAL_M3B_2021_0024,SPEAKER_01,15,765.3071,766.7071,1.4,1,12,1.4,0.0,0,0.0,8.571,1.0,
VAL_M3B_2021_0024,SPEAKER_00,16,767.4051,775.6181,8.213,2,58,7.522,0.691,1,0.691,7.062,0.916,0.6748
VAL_M3B_2021_0024,SPEAKER_01,17,777.3111,790.4261,13.115,4,69,11.705,1.41,3,0.47,5.261,0.892,
VAL_M3B_2021_0024,SPEAKER_00,18,790.9191,807.5861,16.667,7,89,13.855,2.812,6,0.4687,5.34,0.831,0.6540
VAL_M3B_2021_0024,SPEAKER_01,19,807.8961,809.9471,2.051,1,12,2.051,0.0,0,0.0,5.851,1.0,
VAL_M3B_2021_0024,SPEAKER_00,20,810.9471,855.7181,44.771,15,175,33.217,11.554,14,0.8253,3.909,0.742,0.7666
VAL_M3B_2021_0024,SPEAKER_01,21,856.6141,858.9241,2.31,1,18,2.31,0.0,0,0.0,7.792,1.0,
VAL_M3B_2021_0024,SPEAKER_00,22,861.3551,909.3231,47.968,20,212,36.08,11.888,19,0.6257,4.42,0.752,0.7557
VAL_M3B_2021_0024,SPEAKER_01,23,910.4631,912.1641,1.701,1,12,1.701,0.0,0,0.0,7.055,1.0,
VAL_M3B_2021_0024,SPEAKER_00,24,912.5461,922.6981,10.152,5,60,8.37,1.782,4,0.4455,5.91,0.824,0.8390
VAL_M3B_2021_0024,SPEAKER_01,25,923.0761,928.0961,5.02,1,33,5.02,0.0,0,0.0,6.574,1.0,
VAL_M3B_2021_0024,SPEAKER_00,26,929.6371,931.2581,1.621,1,12,1.621,0.0,0,0.0,7.403,1.0,0.6599
VAL_M3B_2021_0024,SPEAKER_01,27,931.4181,936.6411,5.223,2,23,4.303,0.92,1,0.92,4.404,0.824,
VAL_M3B_2021_0024,SPEAKER_00,28,936.9621,959.8451,22.883,7,116,17.403,5.48,6,0.9133,5.069,0.761,0.6614
VAL_M3B_2021_0024,SPEAKER_01,29,961.1161,967.7501,6.634,3,33,5.38,1.254,2,0.627,4.974,0.811,
VAL_M3B_2021_0024,SPEAKER_00,30,969.1631,989.6061,20.443,9,84,13.02,7.423,8,0.9279,4.109,0.637,0.7450
VAL_M3B_2021_0024,SPEAKER_01,31,990.3771,991.6871,1.31,1,12,1.31,0.0,0,0.0,9.16,1.0,
VAL_M3B_2021_0024,SPEAKER_00,32,992.0581,999.2781,7.22,5,37,4.95,2.27,4,0.5675,5.125,0.686,0.8160
VAL_M3B_2021_0024,SPEAKER_01,33,1000.8791,1007.9491,7.07,3,35,6.37,0.7,2,0.35,4.95,0.901,
VAL_M3B_2021_0024,SPEAKER_00,34,1009.2711,1034.8951,25.624,9,107,20.236,5.388,8,0.6735,4.176,0.79,0.7580
VAL_M3B_2021_0024,SPEAKER_01,35,1035.9541,1036.2641,0.31,1,4,0.31,0.0,0,0.0,12.903,1.0,
VAL_M3B_2021_0024,SPEAKER_00,36,1036.7761,1053.7631,16.987,8,82,12.84,4.147,7,0.5924,4.827,0.756,0.7406
VAL_M3B_2021_0024,SPEAKER_01,37,1055.0101,1059.1601,4.15,2,24,3.43,0.72,1,0.72,5.783,0.827,
VAL_M3B_2021_0024,SPEAKER_00,38,1061.3511,1064.0151,2.664,1,17,2.664,0.0,0,0.0,6.381,1.0,0.7502
VAL_M3B_2022_00103,SPEAKER_01,1,583.7196,607.1686,23.449,10,131,17.739,5.71,9,0.6344,5.587,0.756,0.6257
VAL_M3B_2022_00103,SPEAKER_00,2,607.2196,609.4406,2.221,1,14,2.221,0.0,0,0.0,6.303,1.0,
VAL_M3B_2022_00103,SPEAKER_01,3,609.5206,631.8146,22.294,10,115,15.145,7.149,9,0.7943,5.158,0.679,0.5808
VAL_M3B_2022_00103,SPEAKER_00,4,632.1156,632.5356,0.42,1,2,0.42,0.0,0,0.0,4.762,1.0,
VAL_M3B_2022_00103,SPEAKER_01,5,633.0966,635.2996,2.203,2,19,1.873,0.33,1,0.33,8.625,0.85,0.5027
VAL_M3B_2022_00103,SPEAKER_00,6,635.5596,641.4266,5.867,3,30,4.845,1.022,2,0.511,5.113,0.826,
VAL_M3B_2022_00103,SPEAKER_01,7,641.4466,676.0846,34.638,16,191,24.597,10.041,15,0.6694,5.514,0.71,0.6745
VAL_M3B_2022_00103,SPEAKER_00,8,676.5156,678.2166,1.701,1,17,1.701,0.0,0,0.0,9.994,1.0,
VAL_M3B_2022_00103,SPEAKER_01,9,679.4516,679.6116,0.16,1,3,0.16,0.0,0,0.0,18.75,1.0,0.2975
VAL_M3B_2022_00103,SPEAKER_00,10,680.1016,684.7656,4.664,2,31,4.33,0.334,1,0.334,6.647,0.928,
VAL_M3B_2022_00103,SPEAKER_01,11,685.5766,686.4066,0.83,1,7,0.83,0.0,0,0.0,8.434,1.0,0.5478
VAL_M3B_2022_00103,SPEAKER_00,12,686.9976,689.0886,2.091,1,20,2.091,0.0,0,0.0,9.565,1.0,
VAL_M3B_2022_00103,SPEAKER_01,13,689.6996,699.2366,9.537,5,60,7.614,1.923,4,0.4808,6.291,0.798,0.7422
VAL_M3B_2022_00103,SPEAKER_00,14,699.8976,700.6776,0.78,1,8,0.78,0.0,0,0.0,10.256,1.0,
VAL_M3B_2022_00103,SPEAKER_01,15,701.2696,766.2106,64.941,27,296,45.296,19.645,26,0.7556,4.558,0.697,0.6969
VAL_M3B_2022_00103,SPEAKER_00,16,766.2306,768.1806,1.95,1,13,1.95,0.0,0,0.0,6.667,1.0,
VAL_M3B_2022_00103,SPEAKER_01,17,768.5516,769.1116,0.56,1,5,0.56,0.0,0,0.0,8.929,1.0,0.5983
VAL_M3B_2022_00103,SPEAKER_00,18,769.3926,770.1026,0.71,1,6,0.71,0.0,0,0.0,8.451,1.0,
VAL_M3B_2022_00103,SPEAKER_01,19,770.5126,782.9096,12.397,6,71,9.165,3.232,5,0.6464,5.727,0.739,0.6075
VAL_M3B_2022_00103,SPEAKER_00,20,784.3696,797.2836,12.914,5,64,10.731,2.183,4,0.5457,4.956,0.831,
VAL_M3B_2022_00103,SPEAKER_01,21,798.9056,879.9986,81.093,35,414,59.655,21.438,34,0.6305,5.105,0.736,0.6873
VAL_M3B_2022_00103,SPEAKER_00,22,880.6986,881.1996,0.501,1,6,0.501,0.0,0,0.0,11.976,1.0,
VAL_M3B_2022_00103,SPEAKER_01,23,881.2196,902.1266,20.907,8,127,15.154,5.753,7,0.8219,6.075,0.725,0.6671
VAL_M3B_2022_00103,SPEAKER_00,24,902.6266,902.9566,0.33,1,3,0.33,0.0,0,0.0,9.091,1.0,
VAL_M3B_2022_00103,SPEAKER_01,25,903.2276,910.4286,7.201,3,57,6.161,1.04,2,0.52,7.916,0.856,0.6663
VAL_M3B_2022_00103,SPEAKER_00,26,911.2396,913.8216,2.582,1,21,2.582,0.0,0,0.0,8.133,1.0,
VAL_M3B_2022_00103,SPEAKER_01,27,913.8816,929.3416,15.46,4,87,12.667,2.793,3,0.931,5.627,0.819,0.6746
VAL_M3B_2022_00103,SPEAKER_00,28,930.4936,935.3366,4.843,2,21,4.023,0.82,1,0.82,4.336,0.831,
VAL_M3B_2022_00103,SPEAKER_01,29,935.5366,937.3786,1.842,1,18,1.842,0.0,0,0.0,9.772,1.0,0.8380
VAL_M3B_2022_00103,SPEAKER_00,30,938.8296,940.1316,1.302,1,6,1.302,0.0,0,0.0,4.608,1.0,
VAL_M3B_2022_00103,SPEAKER_01,31,940.1716,1001.1956,61.024,24,321,44.427,16.597,23,0.7216,5.26,0.728,0.6410
VAL_M3B_2022_00103,SPEAKER_00,32,1001.9156,1002.3156,0.4,1,2,0.4,0.0,0,0.0,5.0,1.0,
VAL_M3B_2022_00103,SPEAKER_01,33,1002.7556,1025.3696,22.614,12,102,14.532,8.082,11,0.7347,4.51,0.643,0.7366
VAL_M3B_2022_00103,SPEAKER_00,34,1025.9696,1028.1696,2.2,1,9,2.2,0.0,0,0.0,4.091,1.0,
VAL_M3B_2022_00103,SPEAKER_01,35,1029.5406,1107.8896,78.349,36,356,48.6539,29.6951,35,0.8484,4.544,0.621,0.7093
VAL_M3B_2022_00103,SPEAKER_00,36,1109.3896,1110.2096,0.82,1,7,0.82,0.0,0,0.0,8.537,1.0,
VAL_M3B_2022_00103,SPEAKER_01,37,1110.2296,1111.1996,0.97,1,10,0.97,0.0,0,0.0,10.309,1.0,0.6412
VAL_M3B_2022_00103,SPEAKER_00,38,1111.2496,1114.4106,3.161,2,21,2.52,0.641,1,0.641,6.643,0.797,
VAL_M3B_2022_00103,SPEAKER_01,39,1114.7706,1116.9406,2.17,1,12,2.17,0.0,0,0.0,5.53,1.0,0.8111
VAL_M3B_2022_00103,SPEAKER_00,40,1117.7416,1120.3116,2.57,1,12,2.57,0.0,0,0.0,4.669,1.0,
VAL_M3B_2022_00103,SPEAKER_01,41,1120.5316,1127.9036,7.372,3,37,5.471,1.901,2,0.9505,5.019,0.742,0.8680
VAL_M3B_2022_00103,SPEAKER_00,42,1128.2236,1128.6736,0.45,1,5,0.45,0.0,0,0.0,11.111,1.0,
VAL_M3B_2022_00103,SPEAKER_01,43,1128.9736,1166.1676,37.194,13,187,25.484,11.71,12,0.9758,5.028,0.685,0.6586
VAL_M3B_2022_0075,SPEAKER_00,1,783.5884,908.1094,124.521,64,604,87.508,37.013,63,0.5875,4.851,0.703,0.6926
VAL_M3B_2022_0075,SPEAKER_01,2,908.4404,911.3304,2.89,1,24,2.89,0.0,0,0.0,8.304,1.0,
VAL_M3B_2022_0075,SPEAKER_00,3,911.8424,946.1274,34.285,17,195,24.7869,9.4981,16,0.5936,5.688,0.723,0.6809
VAL_M3B_2022_0075,SPEAKER_01,4,946.4194,947.0394,0.62,1,2,0.62,0.0,0,0.0,3.226,1.0,
VAL_M3B_2022_0075,SPEAKER_00,5,947.2594,1040.0094,92.75,47,461,62.012,30.738,46,0.6682,4.97,0.669,0.6792
VAL_M3B_2022_0075,SPEAKER_01,6,1041.3644,1044.2854,2.921,1,20,2.921,0.0,0,0.0,6.847,1.0,
VAL_M3B_2022_0075,SPEAKER_00,7,1044.5854,1068.8724,24.287,10,99,16.962,7.325,9,0.8139,4.076,0.698,0.7026
VAL_M3B_2022_0075,SPEAKER_01,8,1070.3014,1071.0914,0.79,1,4,0.79,0.0,0,0.0,5.063,1.0,
VAL_M3B_2022_0075,SPEAKER_00,9,1071.2324,1162.3584,91.126,51,403,62.329,28.797,50,0.5759,4.422,0.684,0.6852
VAL_M3B_2022_0075,SPEAKER_01,10,1163.0584,1164.7884,1.73,1,11,1.73,0.0,0,0.0,6.358,1.0,
VAL_M3B_2022_0075,SPEAKER_00,11,1165.5504,1268.9164,103.366,43,413,63.888,39.478,42,0.94,3.996,0.618,0.7183
VAL_M3B_2022_0075,SPEAKER_01,12,1269.3974,1270.4384,1.041,1,7,1.041,0.0,0,0.0,6.724,1.0,
VAL_M3B_2022_0075,SPEAKER_00,13,1270.7184,1312.1844,41.466,19,170,27.881,13.585,18,0.7547,4.1,0.672,0.7206
VAL_M3B_2022_0075,SPEAKER_01,14,1312.9164,1313.0564,0.14,1,2,0.14,0.0,0,0.0,14.286,1.0,
VAL_M3B_2022_0075,SPEAKER_00,15,1313.9384,1480.4494,166.511,81,809,111.947,54.564,80,0.6821,4.859,0.672,0.7140
VAL_M3B_2022_0075,SPEAKER_01,16,1481.4404,1510.5004,29.06,12,131,17.185,11.875,11,1.0795,4.508,0.591,
VAL_M3B_2022_0075,SPEAKER_00,17,1510.9044,1514.5754,3.671,2,17,3.08,0.591,1,0.591,4.631,0.839,0.6715
VAL_M3B_2022_0075,SPEAKER_01,18,1514.8784,1518.7814,3.903,2,28,3.673,0.23,1,0.23,7.174,0.941,
VAL_M3B_2022_0075,SPEAKER_00,19,1518.8014,1564.1724,45.371,23,177,30.406,14.965,22,0.6802,3.901,0.67,0.6841
VAL_M3B_2022_0079,SPEAKER_00,1,430.8195,440.3665,9.547,4,21,4.14,5.407,3,1.8023,2.2,0.434,0.7367
VAL_M3B_2022_0079,SPEAKER_01,2,441.3275,458.4905,17.163,7,75,11.677,5.486,6,0.9143,4.37,0.68,
VAL_M3B_2022_0079,SPEAKER_00,3,460.9385,505.0115,44.073,22,155,24.894,19.179,21,0.9133,3.517,0.565,0.6570
VAL_M3B_2022_0079,SPEAKER_01,4,506.3225,510.4355,4.113,2,20,3.592,0.521,1,0.521,4.863,0.873,
VAL_M3B_2022_0079,SPEAKER_00,5,510.8055,522.5505,11.745,8,55,7.902,3.843,7,0.549,4.683,0.673,0.6872
VAL_M3B_2022_0079,SPEAKER_01,6,525.4035,531.9965,6.593,2,45,6.013,0.58,1,0.58,6.825,0.912,
VAL_M3B_2022_0079,SPEAKER_00,7,532.0885,553.0305,20.942,11,95,14.609,6.333,10,0.6333,4.536,0.698,0.6669
VAL_M3B_2022_0079,SPEAKER_01,8,556.9335,566.6495,9.716,3,37,6.511,3.205,2,1.6025,3.808,0.67,
VAL_M3B_2022_0079,SPEAKER_00,9,566.7805,605.6915,38.911,16,154,24.132,14.779,15,0.9853,3.958,0.62,0.5915
VAL_M3B_2022_0079,SPEAKER_01,10,606.8215,618.1655,11.344,3,48,8.673,2.671,2,1.3355,4.231,0.765,
VAL_M3B_2022_0079,SPEAKER_00,11,618.1855,636.6365,18.451,5,69,10.211,8.24,4,2.06,3.74,0.553,0.5123
VAL_M3B_2022_0079,SPEAKER_01,12,638.2635,643.5155,5.252,4,35,4.422,0.83,3,0.2767,6.664,0.842,
VAL_M3B_2022_0079,SPEAKER_00,13,643.6665,665.7785,22.112,11,81,11.918,10.194,10,1.0194,3.663,0.539,0.6434
VAL_M3B_2022_0079,SPEAKER_01,14,666.4325,669.7725,3.34,2,26,3.07,0.27,1,0.27,7.784,0.919,
VAL_M3B_2022_0079,SPEAKER_00,15,671.1145,681.8375,10.723,4,74,8.833,1.89,3,0.63,6.901,0.824,0.6607
VAL_M3B_2022_0079,SPEAKER_01,16,682.1405,688.7955,6.655,3,38,5.074,1.581,2,0.7905,5.71,0.762,
VAL_M3B_2022_0079,SPEAKER_00,17,688.8155,694.7465,5.931,3,27,4.591,1.34,2,0.67,4.552,0.774,0.5625
VAL_M3B_2022_0079,SPEAKER_01,18,696.3585,703.3635,7.005,3,27,5.155,1.85,2,0.925,3.854,0.736,
VAL_M3B_2022_0079,SPEAKER_00,19,704.6645,714.4395,9.775,4,41,6.33,3.445,3,1.1483,4.194,0.648,0.6134
VAL_M3B_2022_0079,SPEAKER_01,20,714.8645,733.0185,18.154,9,89,12.66,5.494,8,0.6867,4.903,0.697,
VAL_M3B_2022_0079,SPEAKER_00,21,735.1905,749.9875,14.797,7,68,9.61,5.187,6,0.8645,4.596,0.649,0.5731
VAL_M3B_2022_0079,SPEAKER_01,22,750.6205,755.9225,5.302,2,32,4.942,0.36,1,0.36,6.035,0.932,
VAL_M3B_2022_0079,SPEAKER_00,23,757.0035,783.9225,26.919,12,104,16.934,9.985,11,0.9077,3.863,0.629,0.7618
VAL_M3B_2022_0079,SPEAKER_01,24,784.5945,816.2635,31.669,11,185,24.708,6.961,10,0.6961,5.842,0.78,
VAL_M3B_2022_0079,SPEAKER_00,25,817.3965,824.8825,7.486,4,29,4.935,2.551,3,0.8503,3.874,0.659,0.6483
VAL_M3B_2022_0079,SPEAKER_01,26,826.0645,830.8375,4.773,3,23,3.43,1.343,2,0.6715,4.819,0.719,
VAL_M3B_2022_0079,SPEAKER_00,27,832.5495,855.6975,23.148,9,88,15.509,7.639,8,0.9549,3.802,0.67,0.6215
VAL_M3B_2022_0079,SPEAKER_01,28,856.2735,859.7685,3.495,1,9,3.495,0.0,0,0.0,2.575,1.0,
VAL_M3B_2022_0080,SPEAKER_00,1,533.9092,628.2522,94.343,43,326,59.586,34.757,42,0.8275,3.455,0.632,0.6488
VAL_M3B_2022_0080,SPEAKER_01,2,628.6822,630.6632,1.981,1,8,1.981,0.0,0,0.0,4.038,1.0,
VAL_M3B_2022_0080,SPEAKER_00,3,630.8032,836.1512,205.348,91,622,121.656,83.692,90,0.9299,3.029,0.592,0.6725
VAL_M3B_2022_0080,SPEAKER_01,4,837.5522,839.4222,1.87,1,12,1.87,0.0,0,0.0,6.417,1.0,
VAL_M3B_2022_0080,SPEAKER_00,5,839.7132,854.8202,15.107,9,45,8.563,6.544,8,0.818,2.979,0.567,0.6928
VAL_M3B_2022_0080,SPEAKER_01,6,855.5802,856.3502,0.77,1,4,0.77,0.0,0,0.0,5.195,1.0,
VAL_M3B_2022_0080,SPEAKER_00,7,856.6812,877.4362,20.755,11,84,14.659,6.096,10,0.6096,4.047,0.706,0.7204
VAL_M3B_2022_0080,SPEAKER_01,8,877.9972,879.2072,1.21,1,11,1.21,0.0,0,0.0,9.091,1.0,
VAL_M3B_2022_0080,SPEAKER_00,9,884.3322,979.4192,95.087,46,304,57.127,37.96,45,0.8436,3.197,0.601,0.6670
VAL_M3B_2022_0080,SPEAKER_01,10,979.8792,980.4492,0.57,1,4,0.57,0.0,0,0.0,7.018,1.0,
VAL_M3B_2022_0080,SPEAKER_00,11,981.7002,1018.8032,37.103,20,136,21.564,15.539,19,0.8178,3.665,0.581,0.6160
VAL_M3B_2022_0080,SPEAKER_01,12,1019.7882,1022.5592,2.771,2,15,1.92,0.851,1,0.851,5.413,0.693,
VAL_M3B_2022_0080,SPEAKER_00,13,1024.6722,1031.3552,6.683,4,22,3.72,2.963,3,0.9877,3.292,0.557,0.5685
VAL_M3B_2022_0080,SPEAKER_01,14,1033.6572,1034.6872,1.03,1,10,1.03,0.0,0,0.0,9.709,1.0,
VAL_M3B_2022_0080,SPEAKER_00,15,1035.1782,1036.1382,0.96,1,10,0.96,0.0,0,0.0,10.417,1.0,0.3028
VAL_M3B_2022_0080,SPEAKER_01,16,1037.0252,1038.6152,1.59,1,9,1.59,0.0,0,0.0,5.66,1.0,
VAL_M3B_2022_0080,SPEAKER_00,17,1040.4672,1048.4722,8.005,3,25,4.44,3.565,2,1.7825,3.123,0.555,0.5513
VAL_M3B_2022_0080,SPEAKER_01,18,1050.3722,1052.5022,2.13,1,15,2.13,0.0,0,0.0,7.042,1.0,
VAL_M3B_2022_0080,SPEAKER_00,19,1054.1362,1054.8562,0.72,1,4,0.72,0.0,0,0.0,5.556,1.0,0.8645
VAL_M3B_2022_0080,SPEAKER_01,20,1055.6862,1056.3262,0.64,1,4,0.64,0.0,0,0.0,6.25,1.0,
VAL_M3B_2022_0080,SPEAKER_00,21,1056.6972,1057.4472,0.75,1,6,0.75,0.0,0,0.0,8.0,1.0,0.5915
VAL_M3B_2022_0080,SPEAKER_01,22,1057.4982,1058.8682,1.37,1,2,1.37,0.0,0,0.0,1.46,1.0,
VAL_M3B_2022_0080,SPEAKER_00,23,1059.3992,1065.9712,6.572,4,15,2.92,3.652,3,1.2173,2.282,0.444,0.6712
VAL_M3B_2022_0096,SPEAKER_01,1,527.0232,529.0432,2.02,1,14,2.02,0.0,0,0.0,6.931,1.0,
VAL_M3B_2022_0096,SPEAKER_00,2,529.7952,530.0252,0.23,1,1,0.23,0.0,0,0.0,4.348,1.0,0.6260
VAL_M3B_2022_0096,SPEAKER_01,3,530.9362,534.2992,3.363,3,13,2.473,0.89,2,0.445,3.866,0.735,
VAL_M3B_2022_0096,SPEAKER_00,4,534.5992,536.3002,1.701,1,7,1.701,0.0,0,0.0,4.115,1.0,0.9107
VAL_M3B_2022_0096,SPEAKER_01,5,536.6802,544.6262,7.946,3,38,5.121,2.825,2,1.4125,4.782,0.644,
VAL_M3B_2022_0096,SPEAKER_00,6,545.6472,584.2002,38.553,13,127,27.532,11.021,12,0.9184,3.294,0.714,0.7951
VAL_M3B_2022_0096,SPEAKER_01,7,587.1302,590.2422,3.112,1,19,3.112,0.0,0,0.0,6.105,1.0,
VAL_M3B_2022_0096,SPEAKER_00,8,590.4022,599.9702,9.568,4,24,6.446,3.122,3,1.0407,2.508,0.674,0.8683
VAL_M3B_2022_0096,SPEAKER_01,9,600.5102,600.9102,0.4,1,3,0.4,0.0,0,0.0,7.5,1.0,
VAL_M3B_2022_0096,SPEAKER_00,10,601.0102,608.5362,7.526,2,27,5.683,1.843,1,1.843,3.588,0.755,0.7781
VAL_M3B_2022_0096,SPEAKER_01,11,609.1762,609.9462,0.77,1,5,0.77,0.0,0,0.0,6.494,1.0,
VAL_M3B_2022_0096,SPEAKER_00,12,610.6182,617.2622,6.644,3,29,3.412,3.232,2,1.616,4.365,0.514,0.7837
VAL_M3B_2022_0096,SPEAKER_01,13,618.1822,620.1432,1.961,1,13,1.961,0.0,0,0.0,6.629,1.0,
VAL_M3B_2022_0096,SPEAKER_00,14,620.6232,621.4432,0.82,1,4,0.82,0.0,0,0.0,4.878,1.0,0.8233
VAL_M3B_2022_0096,SPEAKER_01,15,622.3842,622.9642,0.58,1,5,0.58,0.0,0,0.0,8.621,1.0,
VAL_M3B_2022_0096,SPEAKER_00,16,623.1642,624.7052,1.541,1,14,1.541,0.0,0,0.0,9.085,1.0,0.7133
VAL_M3B_2022_0096,SPEAKER_01,17,626.1052,634.8092,8.704,5,53,6.912,1.792,4,0.448,6.089,0.794,
VAL_M3B_2022_0096,SPEAKER_00,18,635.3492,641.3922,6.043,2,34,4.842,1.201,1,1.201,5.626,0.801,0.7713
VAL_M3B_2022_0096,SPEAKER_01,19,642.3122,645.6342,3.322,1,21,3.322,0.0,0,0.0,6.321,1.0,
VAL_M3B_2022_0096,SPEAKER_00,20,646.8532,663.2032,16.35,8,63,11.66,4.69,7,0.67,3.853,0.713,0.7560
VAL_M3B_2022_0096,SPEAKER_01,21,664.8682,679.2422,14.374,7,50,8.61,5.764,6,0.9607,3.479,0.599,
VAL_M3B_2022_0096,SPEAKER_00,22,679.2622,711.7162,32.454,13,115,22.666,9.788,12,0.8157,3.543,0.698,0.8460
VAL_M3B_2022_0096,SPEAKER_01,23,711.9562,725.5802,13.624,7,60,10.481,3.143,6,0.5238,4.404,0.769,
VAL_M3B_2022_0096,SPEAKER_00,24,725.6802,726.2302,0.55,1,2,0.55,0.0,0,0.0,3.636,1.0,0.5305
VAL_M3B_2022_0096,SPEAKER_01,25,728.3062,741.6432,13.337,4,66,11.907,1.43,3,0.4767,4.949,0.893,
VAL_M3B_2022_0096,SPEAKER_00,26,742.2042,797.1602,54.956,16,170,34.747,20.209,15,1.3473,3.093,0.632,0.7734
VAL_M3B_2022_0096,SPEAKER_01,27,798.7922,807.8582,9.066,5,22,6.515,2.551,4,0.6378,2.427,0.719,
VAL_M3B_2022_0096,SPEAKER_00,28,808.5992,823.6682,15.069,4,31,6.904,8.165,3,2.7217,2.057,0.458,0.8889
VAL_M3B_2022_0096,SPEAKER_01,29,824.0882,824.8782,0.79,2,3,0.49,0.3,1,0.3,3.797,0.62,
VAL_M3B_2022_0096,SPEAKER_00,30,828.0912,838.6162,10.525,5,21,5.403,5.122,4,1.2805,1.995,0.513,0.9385
VAL_M3B_2022_0096,SPEAKER_01,31,839.4572,840.6572,1.2,2,6,0.91,0.29,1,0.29,5.0,0.758,
VAL_M3B_2022_0096,SPEAKER_00,32,841.7182,846.9642,5.246,2,14,2.43,2.816,1,2.816,2.669,0.463,0.5933
VAL_M3B_2022_0096,SPEAKER_01,33,848.0452,848.8852,0.84,1,3,0.84,0.0,0,0.0,3.571,1.0,
VAL_M3B_2022_0096,SPEAKER_00,34,849.0852,851.9672,2.882,2,12,2.07,0.812,1,0.812,4.164,0.718,0.6121
VAL_M3B_2022_0096,SPEAKER_01,35,853.6082,870.2972,16.689,7,56,9.917,6.772,6,1.1287,3.356,0.594,
VAL_M3B_2022_0096,SPEAKER_00,36,871.5782,874.1992,2.621,2,12,2.161,0.46,1,0.46,4.578,0.824,0.7913
VAL_M3B_2022_0096,SPEAKER_01,37,875.2542,877.8252,2.571,2,11,2.001,0.57,1,0.57,4.278,0.778,
VAL_M3B_2022_0096,SPEAKER_00,38,877.8952,878.8452,0.95,1,5,0.95,0.0,0,0.0,5.263,1.0,0.7700
VAL_M3B_2022_0096,SPEAKER_01,39,879.5162,884.2382,4.722,2,25,3.912,0.81,1,0.81,5.294,0.828,
VAL_M3B_2022_0096,SPEAKER_00,40,885.0392,887.5592,2.52,2,9,2.15,0.37,1,0.37,3.571,0.853,0.7032
VAL_M3B_2022_0096,SPEAKER_01,41,888.5202,891.9612,3.441,3,11,2.75,0.691,2,0.3455,3.197,0.799,
VAL_M3B_2022_0096,SPEAKER_00,42,893.7222,895.8222,2.1,2,4,1.78,0.32,1,0.32,1.905,0.848,0.5812
VAL_M3B_2022_0096,SPEAKER_01,43,896.3042,896.7542,0.45,1,3,0.45,0.0,0,0.0,6.667,1.0,
VAL_M3B_2022_0096,SPEAKER_00,44,897.2842,901.7262,4.442,2,13,2.922,1.52,1,1.52,2.927,0.658,0.7861
VAL_M3B_2022_0096,SPEAKER_01,45,903.4652,904.6662,1.201,1,5,1.201,0.0,0,0.0,4.163,1.0,
VAL_M3B_2022_0096,SPEAKER_00,46,905.2262,907.7072,2.481,2,15,2.211,0.27,1,0.27,6.046,0.891,0.8114
VAL_M3B_2022_0096,SPEAKER_01,47,908.5972,910.6772,2.08,1,15,2.08,0.0,0,0.0,7.212,1.0,
VAL_M3B_2022_0096,SPEAKER_00,48,911.2682,912.8782,1.61,1,14,1.61,0.0,0,0.0,8.696,1.0,0.7956
VAL_M3B_2022_0096,SPEAKER_01,49,915.7092,917.6392,1.93,1,8,1.93,0.0,0,0.0,4.145,1.0,
VAL_M3B_2022_0096,SPEAKER_00,50,917.8102,935.7462,17.936,6,41,8.98,8.956,5,1.7912,2.286,0.501,0.8317
VAL_M3B_2022_0096,SPEAKER_01,51,937.1212,938.4222,1.301,1,11,1.301,0.0,0,0.0,8.455,1.0,
VAL_M3B_2022_0096,SPEAKER_00,52,939.3632,948.5392,9.176,4,30,5.68,3.496,3,1.1653,3.269,0.619,0.8250
VAL_M3B_2022_0096,SPEAKER_01,53,949.3312,958.8692,9.538,4,29,4.605,4.933,3,1.6443,3.04,0.483,
VAL_M3B_2022_0096,SPEAKER_00,54,959.0492,960.2992,1.25,1,9,1.25,0.0,0,0.0,7.2,1.0,0.6070
VAL_M3B_2022_0096,SPEAKER_01,55,960.4392,961.1702,0.731,1,5,0.731,0.0,0,0.0,6.84,1.0,
VAL_M3B_2022_0096,SPEAKER_00,56,961.3902,961.8702,0.48,1,4,0.48,0.0,0,0.0,8.333,1.0,0.6070
VAL_M3B_2022_0096,SPEAKER_01,57,961.8902,975.7022,13.812,6,43,8.001,5.811,5,1.1622,3.113,0.579,
VAL_M3B_2022_0096,SPEAKER_00,58,977.0332,1012.1342,35.101,10,98,18.452,16.649,9,1.8499,2.792,0.526,0.8458
VAL_M3B_2022_0096,SPEAKER_01,59,1013.0762,1014.0472,0.971,1,9,0.971,0.0,0,0.0,9.269,1.0,
VAL_M3B_2022_0096,SPEAKER_00,60,1014.6772,1051.0132,36.336,12,109,23.165,13.171,11,1.1974,3.0,0.638,0.8846
VAL_M3B_2022_0096,SPEAKER_01,61,1052.6662,1053.1072,0.441,1,4,0.441,0.0,0,0.0,9.07,1.0,
VAL_M3B_2023_0017,SPEAKER_00,1,498.5656,569.6456,71.08,28,265,39.65,31.43,27,1.1641,3.728,0.558,0.7993
VAL_M3B_2023_0017,SPEAKER_01,2,571.6166,573.2666,1.65,1,10,1.65,0.0,0,0.0,6.061,1.0,
VAL_M3B_2023_0017,SPEAKER_00,3,573.6376,573.7876,0.15,1,1,0.15,0.0,0,0.0,6.667,1.0,0.8360
VAL_M3B_2023_0017,SPEAKER_01,4,575.5776,578.1586,2.581,1,19,2.581,0.0,0,0.0,7.361,1.0,
VAL_M3B_2023_0017,SPEAKER_00,5,579.1386,595.5406,16.402,6,57,11.292,5.11,5,1.022,3.475,0.688,0.7155
VAL_M3B_2023_0017,SPEAKER_01,6,598.8116,603.7526,4.941,3,27,3.811,1.13,2,0.565,5.464,0.771,
VAL_M3B_2023_0017,SPEAKER_00,7,604.4236,658.0456,53.622,25,168,30.507,23.115,24,0.9631,3.133,0.569,0.8076
VAL_M3B_2023_0017,SPEAKER_01,8,659.9066,662.4966,2.59,2,19,1.95,0.64,1,0.64,7.336,0.753,
VAL_M3B_2023_0017,SPEAKER_00,9,664.1076,681.5186,17.411,5,57,7.41,10.001,4,2.5003,3.274,0.426,0.7707
VAL_M3B_2023_0017,SPEAKER_01,10,683.7196,684.8996,1.18,1,8,1.18,0.0,0,0.0,6.78,1.0,
VAL_M3B_2023_0017,SPEAKER_00,11,685.8506,708.9516,23.101,8,58,9.452,13.649,7,1.9499,2.511,0.409,0.7602
VAL_M3B_2023_0017,SPEAKER_01,12,711.8536,716.5166,4.663,3,18,2.751,1.912,2,0.956,3.86,0.59,
VAL_M3B_2023_0017,SPEAKER_00,13,719.2376,727.7226,8.485,5,40,5.362,3.123,4,0.7807,4.714,0.632,0.6220
VAL_M3B_2023_0017,SPEAKER_01,14,737.1216,740.3826,3.261,2,13,1.601,1.66,1,1.66,3.987,0.491,
VAL_M3B_2023_0017,SPEAKER_00,15,741.8636,774.0946,32.231,13,80,14.267,17.964,12,1.497,2.482,0.443,0.8016
VAL_M3B_2023_0017,SPEAKER_01,16,777.4176,786.1016,8.684,6,45,6.674,2.01,5,0.402,5.182,0.769,
VAL_M3B_2023_0017,SPEAKER_00,17,786.4046,854.4836,68.079,26,260,39.19,28.889,25,1.1556,3.819,0.576,0.7541
VAL_M3B_2023_0017,SPEAKER_01,18,855.0256,855.4056,0.38,1,3,0.38,0.0,0,0.0,7.895,1.0,
VAL_M3B_2023_0017,SPEAKER_00,19,855.6356,856.0056,0.37,1,3,0.37,0.0,0,0.0,8.108,1.0,0.7800
VAL_M3B_2023_0017,SPEAKER_01,20,857.8156,858.3056,0.49,1,5,0.49,0.0,0,0.0,10.204,1.0,
VAL_M3B_2023_0017,SPEAKER_00,21,859.8576,935.9526,76.095,28,259,38.445,37.65,27,1.3944,3.404,0.505,0.8283
VAL_M3B_2023_0017,SPEAKER_01,22,938.1316,943.8616,5.73,4,26,4.34,1.39,3,0.4633,4.538,0.757,
VAL_M3B_2023_0017,SPEAKER_00,23,944.4556,962.8146,18.359,7,83,12.168,6.191,6,1.0318,4.521,0.663,0.7706
VAL_M3B_2023_0017,SPEAKER_01,24,965.0476,966.2976,1.25,1,6,1.25,0.0,0,0.0,4.8,1.0,
VAL_M3B_2023_0017,SPEAKER_00,25,966.9886,993.7666,26.778,13,95,16.538,10.24,12,0.8533,3.548,0.618,0.7713
VAL_M3B_2023_0017,SPEAKER_01,26,994.8596,995.9726,1.113,2,4,0.566,0.547,1,0.547,3.594,0.509,
VAL_M3B_2026_00642,SPEAKER_00,1,568.3251,580.7601,12.435,8,59,8.523,3.912,7,0.5589,4.745,0.685,0.7230
VAL_M3B_2026_00642,SPEAKER_01,2,582.9181,588.5121,5.594,2,22,4.694,0.9,1,0.9,3.933,0.839,
VAL_M3B_2026_00642,SPEAKER_00,3,588.9921,1013.7461,424.754,182,1485,234.127,190.627,181,1.0532,3.496,0.551,0.7729
VAL_M3B_2026_00642,SPEAKER_01,4,1021.2311,1022.8011,1.57,1,7,1.57,0.0,0,0.0,4.459,1.0,
VAL_M3B_2026_00642,SPEAKER_00,5,1022.8721,1046.3681,23.496,12,82,15.401,8.095,11,0.7359,3.49,0.655,0.7440
VAL_M3B_2026_00642,SPEAKER_01,6,1047.3241,1049.6141,2.29,1,15,2.29,0.0,0,0.0,6.55,1.0,
VAL_M3B_2026_00642,SPEAKER_00,7,1050.1051,1050.3951,0.29,1,3,0.29,0.0,0,0.0,10.345,1.0,0.4140
VAL_M3B_2026_00642,SPEAKER_01,8,1050.6051,1052.3661,1.761,1,12,1.761,0.0,0,0.0,6.814,1.0,
VAL_M3B_2026_00642,SPEAKER_00,9,1052.7861,1080.6501,27.864,16,82,13.13,14.734,15,0.9823,2.943,0.471,0.6738
VAL_M3B_2026_00642,SPEAKER_01,10,1082.6011,1088.0631,5.462,2,19,3.922,1.54,1,1.54,3.479,0.718,
VAL_M3B_2026_00642,SPEAKER_00,11,1089.0231,1116.0391,27.016,11,107,17.624,9.392,10,0.9392,3.961,0.652,0.7686
VAL_M3B_2026_00642,SPEAKER_01,12,1120.2431,1123.4661,3.223,1,16,3.223,0.0,0,0.0,4.964,1.0,
VAL_M3B_2026_00642,SPEAKER_00,13,1123.8261,1136.4841,12.658,7,32,5.435,7.223,6,1.2038,2.528,0.429,0.7586
VAL_M3B_2026_00644,SPEAKER_00,1,553.9646,571.7406,17.776,7,81,13.776,4.0,6,0.6667,4.557,0.775,0.7690
VAL_M3B_2026_00644,SPEAKER_01,2,573.7016,583.2746,9.573,3,39,8.24,1.333,2,0.6665,4.074,0.861,
VAL_M3B_2026_00644,SPEAKER_00,3,584.0476,605.7116,21.664,7,122,19.272,2.392,6,0.3987,5.631,0.89,0.7072
VAL_M3B_2026_00644,SPEAKER_01,4,607.3926,613.4956,6.103,3,23,4.163,1.94,2,0.97,3.769,0.682,
VAL_M3B_2026_00644,SPEAKER_00,5,614.5366,626.8236,12.287,4,58,10.797,1.49,3,0.4967,4.72,0.879,0.8100
VAL_M3B_2026_00644,SPEAKER_01,6,628.6336,648.0326,19.399,6,78,14.932,4.467,5,0.8934,4.021,0.77,
VAL_M3B_2026_00644,SPEAKER_00,7,649.5536,683.2215,33.6679,14,168,26.6589,7.009,13,0.5392,4.99,0.792,0.7413
VAL_M3B_2026_00644,SPEAKER_01,8,684.6516,698.9956,14.344,4,51,11.544,2.8,3,0.9333,3.555,0.805,
VAL_M3B_2026_00644,SPEAKER_00,9,700.9756,720.2506,19.275,9,102,15.325,3.95,8,0.4937,5.292,0.795,0.6342
VAL_M3B_2026_00644,SPEAKER_01,10,722.3106,734.6036,12.293,3,62,10.943,1.35,2,0.675,5.044,0.89,
VAL_M3B_2026_00644,SPEAKER_00,11,735.3166,769.6966,34.38,11,172,29.523,4.857,10,0.4857,5.003,0.859,0.7478
VAL_M3B_2026_00644,SPEAKER_01,12,770.3516,772.0326,1.681,1,4,1.681,0.0,0,0.0,2.38,1.0,
VAL_M3B_2026_00644,SPEAKER_00,13,773.2066,790.9246,17.718,4,97,16.408,1.31,3,0.4367,5.475,0.926,0.7272
VAL_M3B_2026_00644,SPEAKER_01,14,792.2366,800.2566,8.02,2,38,7.66,0.36,1,0.36,4.738,0.955,
VAL_M3B_2026_00644,SPEAKER_00,15,800.5416,828.6596,28.118,10,150,24.621,3.497,9,0.3886,5.335,0.876,0.7735
VAL_M3B_2026_00644,SPEAKER_01,16,830.2696,833.7116,3.442,2,12,2.13,1.312,1,1.312,3.486,0.619,
VAL_M3B_2026_00644,SPEAKER_00,17,834.7426,845.7546,11.012,3,64,9.171,1.841,2,0.9205,5.812,0.833,0.6871
VAL_M3B_2026_00644,SPEAKER_01,18,846.4976,851.0176,4.52,2,25,4.27,0.25,1,0.25,5.531,0.945,
VAL_M3B_2026_00644,SPEAKER_00,19,851.5096,860.3796,8.87,3,52,8.31,0.56,2,0.28,5.862,0.937,0.7589
VAL_M3B_2026_00644,SPEAKER_01,20,863.2906,876.6266,13.336,3,70,11.745,1.591,2,0.7955,5.249,0.881,
VAL_M3B_2026_00644,SPEAKER_00,21,876.7976,930.3986,53.601,15,254,45.788,7.813,14,0.5581,4.739,0.854,0.7965
VAL_M3B_2026_00644,SPEAKER_01,22,932.0796,947.1416,15.062,5,58,12.59,2.472,4,0.618,3.851,0.836,
VAL_M3B_2026_00644,SPEAKER_00,23,947.7816,970.6696,22.888,8,133,19.811,3.077,7,0.4396,5.811,0.866,0.8337
VAL_M3B_2026_00644,SPEAKER_01,24,972.0216,978.1646,6.143,1,17,6.143,0.0,0,0.0,2.767,1.0,
VAL_M3B_2026_00644,SPEAKER_00,25,979.7056,1012.5186,32.813,11,143,27.439,5.374,10,0.5374,4.358,0.836,0.7813
VAL_M3B_2026_00644,SPEAKER_01,26,1012.6786,1016.1306,3.452,1,21,3.452,0.0,0,0.0,6.083,1.0,
VAL_M3B_2026_00644,SPEAKER_00,27,1017.6076,1038.4376,20.83,6,115,17.383,3.447,5,0.6894,5.521,0.835,0.6737
VAL_M3B_2026_00644,SPEAKER_01,28,1039.5386,1051.5986,12.06,4,38,9.362,2.698,3,0.8993,3.151,0.776,
VAL_M3B_2026_00644,SPEAKER_00,29,1052.2126,1074.5586,22.346,6,99,17.586,4.76,5,0.952,4.43,0.787,0.7703
VAL_M3B_2026_00644,SPEAKER_01,30,1083.2526,1096.1766,12.924,4,54,11.494,1.43,3,0.4767,4.178,0.889,
VAL_M3B_2026_00644,SPEAKER_00,31,1097.6636,1107.1246,9.461,4,48,7.693,1.768,3,0.5893,5.073,0.813,0.7502
VAL_M3M_2020_00129,SPEAKER_00,1,669.3592,694.1882,24.829,8,99,18.082,6.747,7,0.9639,3.987,0.728,0.8177
VAL_M3M_2020_00129,SPEAKER_01,2,695.3852,700.4282,5.043,2,33,4.663,0.38,1,0.38,6.544,0.925,
VAL_M3M_2020_00129,SPEAKER_00,3,700.7482,840.2032,139.455,48,567,106.314,33.141,47,0.7051,4.066,0.762,0.8178
VAL_M3M_2020_00129,SPEAKER_01,4,841.9332,851.1382,9.205,2,52,8.832,0.373,1,0.373,5.649,0.959,
VAL_M3M_2020_00129,SPEAKER_00,5,851.4632,898.8642,47.401,13,213,38.091,9.31,12,0.7758,4.494,0.804,0.7893
VAL_M3M_2020_00129,SPEAKER_01,6,899.9242,909.7712,9.847,2,39,7.707,2.14,1,2.14,3.961,0.783,
VAL_M3M_2020_00129,SPEAKER_00,7,910.3722,979.1172,68.745,27,278,46.1711,22.5739,26,0.8682,4.044,0.672,0.8372
VAL_M3M_2020_00129,SPEAKER_01,8,979.9572,981.5772,1.62,1,7,1.62,0.0,0,0.0,4.321,1.0,
VAL_M3M_2020_00129,SPEAKER_00,9,982.1992,1030.2102,48.011,19,191,34.026,13.985,18,0.7769,3.978,0.709,0.8253
VAL_M3M_2020_00129,SPEAKER_01,10,1032.0882,1041.1432,9.055,3,42,8.074,0.981,2,0.4905,4.638,0.892,
VAL_M3M_2020_00129,SPEAKER_00,11,1042.3552,1108.6082,66.253,22,280,45.196,21.057,21,1.0027,4.226,0.682,0.7690
VAL_M3M_2020_00129,SPEAKER_01,12,1110.7802,1116.8732,6.093,3,20,4.913,1.18,2,0.59,3.282,0.806,
VAL_M3M_2020_00129,SPEAKER_00,13,1118.4202,1174.7812,56.361,19,276,42.179,14.182,18,0.7879,4.897,0.748,0.7740
VAL_M3M_2020_00129,SPEAKER_01,14,1176.9752,1181.5262,4.551,3,24,3.021,1.53,2,0.765,5.274,0.664,
VAL_M3M_2020_00129,SPEAKER_00,15,1182.4272,1286.0382,103.611,37,467,78.4961,25.1149,36,0.6976,4.507,0.758,0.7900
VAL_M3M_2020_00129,SPEAKER_01,16,1287.3412,1303.9872,16.646,4,77,13.015,3.631,3,1.2103,4.626,0.782,
VAL_M3M_2020_00129,SPEAKER_00,17,1304.8362,1338.3702,33.534,17,119,22.404,11.13,16,0.6956,3.549,0.668,0.7877
VAL_M3M_2020_00139,SPEAKER_01,1,560.4042,1037.4962,477.092,166,1988,322.515,154.577,165,0.9368,4.167,0.676,0.7775
VAL_M3M_2020_00139,SPEAKER_00,2,1039.1772,1049.6232,10.446,5,40,7.821,2.625,4,0.6562,3.829,0.749,
VAL_M3M_2020_00139,SPEAKER_01,3,1050.6442,1118.2812,67.637,25,289,45.2039,22.4331,24,0.9347,4.273,0.668,0.8037
VAL_M3M_2020_00139,UNKNOWN,4,1118.9112,1119.2032,0.292,1,3,0.292,0.0,0,0.0,10.274,1.0,
VAL_M3M_2020_00161,SPEAKER_01,1,558.019,841.918,283.899,99,1232,213.336,70.563,98,0.72,4.34,0.751,0.7938
VAL_M3M_2020_00161,SPEAKER_00,2,842.744,854.8,12.056,4,73,10.182,1.874,3,0.6247,6.055,0.845,
VAL_M3M_2020_00161,SPEAKER_01,3,856.181,1032.898,176.717,64,739,123.45,53.267,63,0.8455,4.182,0.699,0.8302
VAL_M3M_2020_00161,SPEAKER_00,4,1034.039,1040.649,6.61,2,19,5.45,1.16,1,1.16,2.874,0.825,
VAL_M3M_2020_00161,UNKNOWN,5,1041.48,1041.8,0.32,1,0,0.32,0.0,0,0.0,0.0,1.0,
VAL_M3M_2020_00161,SPEAKER_00,6,1043.06,1055.948,12.888,8,68,10.513,2.375,7,0.3393,5.276,0.816,
VAL_M3M_2020_00161,SPEAKER_01,7,1056.979,1115.327,58.348,18,292,46.816,11.532,17,0.6784,5.004,0.802,0.8102
VAL_M3M_2022_00107,SPEAKER_01,1,566.3699,597.1109,30.741,9,152,24.827,5.914,8,0.7392,4.945,0.808,0.7711
VAL_M3M_2022_00107,SPEAKER_00,2,597.1309,605.0149,7.884,4,21,6.104,1.78,3,0.5933,2.664,0.774,
VAL_M3M_2022_00107,SPEAKER_01,3,605.2749,628.4529,23.178,9,92,16.218,6.96,8,0.87,3.969,0.7,0.7723
VAL_M3M_2022_00107,SPEAKER_00,4,628.4729,634.5829,6.11,4,24,4.06,2.05,3,0.6833,3.928,0.664,
VAL_M3M_2022_00107,SPEAKER_01,5,634.9559,636.6659,1.71,1,16,1.71,0.0,0,0.0,9.357,1.0,0.7594
VAL_M3M_2022_00107,SPEAKER_00,6,636.9569,637.6769,0.72,1,4,0.72,0.0,0,0.0,5.556,1.0,
VAL_M3M_2022_00107,SPEAKER_01,7,637.9979,647.9829,9.985,5,41,6.992,2.993,4,0.7482,4.106,0.7,0.7489
VAL_M3M_2022_00107,SPEAKER_00,8,648.1939,649.5739,1.38,1,6,1.38,0.0,0,0.0,4.348,1.0,
VAL_M3M_2022_00107,SPEAKER_01,9,649.8749,657.1969,7.322,3,30,5.691,1.631,2,0.8155,4.097,0.777,0.8528
VAL_M3M_2022_00107,SPEAKER_00,10,658.2979,660.4589,2.161,2,7,1.921,0.24,1,0.24,3.239,0.889,
VAL_M3M_2022_00107,SPEAKER_01,11,660.4989,662.9199,2.421,1,21,2.421,0.0,0,0.0,8.674,1.0,0.7768
VAL_M3M_2022_00107,SPEAKER_00,12,662.9999,666.0209,3.021,2,11,2.771,0.25,1,0.25,3.641,0.917,
VAL_M3M_2022_00107,SPEAKER_01,13,666.3409,691.4839,25.143,5,82,16.295,8.848,4,2.212,3.261,0.648,0.7845
VAL_M3M_2022_00107,SPEAKER_00,14,692.5549,693.2449,0.69,1,4,0.69,0.0,0,0.0,5.797,1.0,
VAL_M3M_2022_00107,SPEAKER_01,15,693.6049,694.0149,0.41,1,4,0.41,0.0,0,0.0,9.756,1.0,0.8970
VAL_M3M_2022_00107,SPEAKER_00,16,694.2059,696.5559,2.35,1,15,2.35,0.0,0,0.0,6.383,1.0,
VAL_M3M_2022_00107,SPEAKER_01,17,697.0459,744.5449,47.499,15,199,37.7671,9.7319,14,0.6951,4.19,0.795,0.8200
VAL_M3M_2022_00107,SPEAKER_00,18,746.9969,749.7069,2.71,1,17,2.71,0.0,0,0.0,6.273,1.0,
VAL_M3M_2022_00107,SPEAKER_01,19,750.3979,759.4699,9.072,5,45,6.83,2.242,4,0.5605,4.96,0.753,0.6830
VAL_M3M_2022_00107,SPEAKER_00,20,759.9009,763.7619,3.861,2,18,3.031,0.83,1,0.83,4.662,0.785,
VAL_M3M_2022_00107,SPEAKER_01,21,764.1379,799.9819,35.844,16,157,25.216,10.628,15,0.7085,4.38,0.703,0.8027
VAL_M3M_2022_00107,SPEAKER_00,22,800.3819,820.9969,20.615,11,66,14.713,5.902,10,0.5902,3.202,0.714,
VAL_M3M_2022_00107,SPEAKER_01,23,821.9299,822.1799,0.25,1,1,0.25,0.0,0,0.0,4.0,1.0,
VAL_M3M_2022_00107,SPEAKER_00,24,823.3009,824.2109,0.91,1,8,0.91,0.0,0,0.0,8.791,1.0,
VAL_M3M_2022_00107,SPEAKER_01,25,825.4819,827.5119,2.03,1,17,2.03,0.0,0,0.0,8.374,1.0,0.8113
VAL_M3M_2022_00107,SPEAKER_00,26,829.6059,833.9699,4.364,3,15,3.504,0.86,2,0.43,3.437,0.803,
VAL_M3M_2022_00107,SPEAKER_01,27,838.1529,847.3389,9.186,4,46,6.666,2.52,3,0.84,5.008,0.726,0.7932
VAL_M3M_2022_00107,SPEAKER_00,28,847.9609,849.2909,1.33,1,9,1.33,0.0,0,0.0,6.767,1.0,
VAL_M3M_2022_00107,SPEAKER_01,29,850.4729,855.7369,5.264,2,37,4.561,0.703,1,0.703,7.029,0.866,0.7850
VAL_M3M_2022_00107,SPEAKER_00,30,856.1479,857.0279,0.88,1,8,0.88,0.0,0,0.0,9.091,1.0,
VAL_M3M_2022_00107,SPEAKER_01,31,857.9689,859.1289,1.16,1,7,1.16,0.0,0,0.0,6.034,1.0,0.8195
VAL_M3M_2022_00107,SPEAKER_00,32,859.1489,861.0789,1.93,1,10,1.93,0.0,0,0.0,5.181,1.0,
VAL_M3M_2022_00107,SPEAKER_01,33,861.5699,864.7899,3.22,2,24,2.4,0.82,1,0.82,7.453,0.745,0.7835
VAL_M3M_2022_00107,SPEAKER_00,34,864.8099,866.5109,1.701,2,10,1.381,0.32,1,0.32,5.879,0.812,
VAL_M3M_2022_00107,SPEAKER_01,35,866.6509,899.3259,32.675,12,160,26.855,5.82,11,0.5291,4.897,0.822,0.7613
VAL_M3M_2022_00107,SPEAKER_00,36,901.0339,908.5639,7.53,3,29,6.18,1.35,2,0.675,3.851,0.821,
VAL_M3M_2022_00107,SPEAKER_01,37,908.6189,926.0699,17.451,5,85,14.811,2.64,4,0.66,4.871,0.849,0.7020
VAL_M3M_2022_00107,SPEAKER_00,38,926.0899,927.9599,1.87,1,14,1.87,0.0,0,0.0,7.487,1.0,
VAL_M3M_2022_00107,SPEAKER_01,39,929.3139,947.6639,18.35,7,94,13.94,4.41,6,0.735,5.123,0.76,0.7089
VAL_M3M_2022_00107,SPEAKER_00,40,947.6839,950.3449,2.661,2,8,2.351,0.31,1,0.31,3.006,0.884,
VAL_M3M_2022_00107,SPEAKER_01,41,950.9059,958.9699,8.064,2,50,6.664,1.4,1,1.4,6.2,0.826,0.6785
VAL_M3M_2022_00107,SPEAKER_00,42,959.5579,960.1879,0.63,1,3,0.63,0.0,0,0.0,4.762,1.0,
VAL_M3M_2022_00107,SPEAKER_01,43,960.2779,975.8459,15.568,6,72,13.244,2.324,5,0.4648,4.625,0.851,0.7933
VAL_M3M_2022_00107,SPEAKER_00,44,976.2859,977.1459,0.86,1,5,0.86,0.0,0,0.0,5.814,1.0,
VAL_M3M_2022_00107,SPEAKER_01,45,977.3459,978.8959,1.55,1,12,1.55,0.0,0,0.0,7.742,1.0,0.7966
VAL_M3M_2022_00107,SPEAKER_00,46,979.5869,982.5489,2.962,2,13,2.732,0.23,1,0.23,4.389,0.922,
VAL_M3M_2022_00107,SPEAKER_01,47,982.8889,999.6709,16.782,6,69,13.446,3.336,5,0.6672,4.112,0.801,0.8020
VAL_M3M_2022_00107,SPEAKER_00,48,999.6909,1003.5519,3.861,2,11,2.611,1.25,1,1.25,2.849,0.676,
VAL_M3M_2022_00107,SPEAKER_01,49,1004.0319,1005.8129,1.781,2,10,1.401,0.38,1,0.38,5.615,0.787,0.8125
VAL_M3M_2022_00107,SPEAKER_00,50,1006.1529,1010.2539,4.101,2,20,3.811,0.29,1,0.29,4.877,0.929,
VAL_M3M_2022_00107,SPEAKER_01,51,1010.6449,1025.1519,14.507,4,85,12.462,2.045,3,0.6817,5.859,0.859,0.7711
VAL_M3M_2022_00107,SPEAKER_00,52,1025.6429,1034.3129,8.67,3,32,6.97,1.7,2,0.85,3.691,0.804,
VAL_M3M_2022_00107,SPEAKER_01,53,1034.8439,1051.3239,16.48,6,84,12.572,3.908,5,0.7816,5.097,0.763,0.7835
VAL_M3M_2022_00107,SPEAKER_00,54,1051.8239,1053.4439,1.62,1,9,1.62,0.0,0,0.0,5.556,1.0,
VAL_M3M_2022_00107,SPEAKER_01,55,1053.8849,1054.5549,0.67,1,5,0.67,0.0,0,0.0,7.463,1.0,0.3950
VAL_M3M_2022_00107,SPEAKER_00,56,1054.9049,1057.5249,2.62,1,13,2.62,0.0,0,0.0,4.962,1.0,
VAL_M3M_2022_00107,SPEAKER_01,57,1059.3759,1059.6459,0.27,1,2,0.27,0.0,0,0.0,7.407,1.0,
VAL_M3M_2022_00107,SPEAKER_00,58,1059.7259,1065.6769,5.951,2,26,4.64,1.311,1,1.311,4.369,0.78,
VAL_M3M_2022_00107,SPEAKER_01,59,1066.6069,1080.4169,13.81,5,72,10.955,2.855,4,0.7137,5.214,0.793,0.8108
VAL_M3M_2022_00107,SPEAKER_00,60,1081.1579,1087.3809,6.223,2,27,5.273,0.95,1,0.95,4.339,0.847,
VAL_M3M_2022_00107,SPEAKER_01,61,1087.6709,1096.2859,8.615,4,44,6.675,1.94,3,0.6467,5.107,0.775,0.7787
VAL_M3M_2022_00107,SPEAKER_00,62,1098.1469,1100.9489,2.802,2,17,2.202,0.6,1,0.6,6.067,0.786,
VAL_M3M_2022_00107,SPEAKER_01,63,1101.9709,1123.8229,21.852,12,81,14.219,7.633,11,0.6939,3.707,0.651,0.8387
VAL_M3M_2022_00107,SPEAKER_00,64,1123.9429,1125.1239,1.181,2,10,0.911,0.27,1,0.27,8.467,0.771,
VAL_M3M_2022_00107,SPEAKER_01,65,1125.2239,1132.0378,6.8139,2,36,5.8999,0.914,1,0.914,5.283,0.866,0.6550
VAL_M3M_2022_00109,SPEAKER_00,1,498.6054,540.7964,42.191,16,202,32.779,9.412,15,0.6275,4.788,0.777,0.8258
VAL_M3M_2022_00109,SPEAKER_01,2,541.4494,543.0914,1.642,1,18,1.642,0.0,0,0.0,10.962,1.0,
VAL_M3M_2022_00109,SPEAKER_00,3,545.1644,564.7014,19.537,8,83,15.077,4.46,7,0.6371,4.248,0.772,0.8558
VAL_M3M_2022_00109,SPEAKER_01,4,565.2714,575.3444,10.073,4,47,7.702,2.371,3,0.7903,4.666,0.765,
VAL_M3M_2022_00109,SPEAKER_00,5,576.6844,627.2814,50.597,15,239,36.779,13.818,14,0.987,4.724,0.727,0.7743
VAL_M3M_2022_00109,SPEAKER_01,6,627.7224,631.2064,3.484,2,22,2.784,0.7,1,0.7,6.315,0.799,
VAL_M3M_2022_00109,SPEAKER_00,7,632.5074,650.3144,17.807,8,102,14.723,3.084,7,0.4406,5.728,0.827,0.6920
VAL_M3M_2022_00109,SPEAKER_01,8,651.5144,653.4864,1.972,1,15,1.972,0.0,0,0.0,7.606,1.0,
VAL_M3M_2022_00109,SPEAKER_00,9,653.5064,685.6554,32.149,9,183,26.327,5.822,8,0.7278,5.692,0.819,0.7665
VAL_M3M_2022_00109,SPEAKER_01,10,686.8954,688.0254,1.13,1,5,1.13,0.0,0,0.0,4.425,1.0,
VAL_M3M_2022_00109,SPEAKER_00,11,688.1774,701.4704,13.293,4,78,10.654,2.639,3,0.8797,5.868,0.801,0.6987
VAL_M3M_2022_00109,SPEAKER_01,12,703.0724,706.6334,3.561,2,18,2.07,1.491,1,1.491,5.055,0.581,
VAL_M3M_2022_00109,SPEAKER_00,13,707.0734,709.1734,2.1,2,12,1.68,0.42,1,0.42,5.714,0.8,0.5437
VAL_M3M_2022_00109,SPEAKER_01,14,709.4734,711.2944,1.821,1,11,1.821,0.0,0,0.0,6.041,1.0,
VAL_M3M_2022_00109,SPEAKER_00,15,711.3144,749.1714,37.857,16,131,24.662,13.195,15,0.8797,3.46,0.651,0.8108
VAL_M3M_2022_00109,SPEAKER_01,16,750.6714,753.6624,2.991,2,19,2.631,0.36,1,0.36,6.352,0.88,
VAL_M3M_2022_00109,SPEAKER_00,17,753.9824,830.1834,76.201,29,322,47.989,28.212,28,1.0076,4.226,0.63,0.7839
VAL_M3M_2022_00109,SPEAKER_01,18,831.6264,832.7474,1.121,1,8,1.121,0.0,0,0.0,7.136,1.0,
VAL_M3M_2022_00109,SPEAKER_00,19,834.0594,894.3634,60.304,17,332,44.427,15.877,16,0.9923,5.505,0.737,0.7288
VAL_M3M_2022_00109,SPEAKER_01,20,895.6034,897.1634,1.56,1,12,1.56,0.0,0,0.0,7.692,1.0,
VAL_M3M_2022_00109,SPEAKER_00,21,898.7064,904.7884,6.082,2,44,5.021,1.061,1,1.061,7.234,0.826,0.7105
VAL_M3M_2022_00109,SPEAKER_01,22,906.1594,908.1094,1.95,1,16,1.95,0.0,0,0.0,8.205,1.0,
VAL_M3M_2022_00109,SPEAKER_00,23,909.2524,996.3694,87.117,29,374,65.164,21.953,28,0.784,4.293,0.748,0.7856
VAL_M3M_2022_0085,SPEAKER_01,1,434.6782,477.9912,43.313,20,179,26.163,17.15,19,0.9026,4.133,0.604,0.7405
VAL_M3M_2022_0085,SPEAKER_00,2,480.1722,487.2832,7.111,4,30,4.29,2.821,3,0.9403,4.219,0.603,
VAL_M3M_2022_0085,SPEAKER_01,3,488.7842,570.1492,81.365,29,286,48.923,32.442,28,1.1586,3.515,0.601,0.7516
VAL_M3M_2022_0085,SPEAKER_00,4,572.2962,573.3862,1.09,1,8,1.09,0.0,0,0.0,7.339,1.0,
VAL_M3M_2022_0085,SPEAKER_01,5,574.4382,619.7962,45.358,15,164,28.142,17.216,14,1.2297,3.616,0.62,0.7727
VAL_M3M_2022_0085,SPEAKER_00,6,623.3682,627.6992,4.331,2,26,3.63,0.701,1,0.701,6.003,0.838,
VAL_M3M_2022_0085,SPEAKER_01,7,627.7712,681.4612,53.69,21,151,26.326,27.364,20,1.3682,2.812,0.49,0.7857
VAL_M3M_2022_0085,SPEAKER_00,8,683.9732,694.8002,10.827,4,57,8.025,2.802,3,0.934,5.265,0.741,
VAL_M3M_2022_0085,SPEAKER_01,9,699.3002,746.0202,46.72,15,171,33.406,13.314,14,0.951,3.66,0.715,0.7806
VAL_M3M_2022_0085,UNKNOWN,10,748.6812,748.9812,0.3,1,5,0.3,0.0,0,0.0,16.667,1.0,
VAL_M3M_2022_0085,SPEAKER_01,11,763.0642,787.6822,24.618,8,98,14.908,9.71,7,1.3871,3.981,0.606,0.7365
VAL_M3M_2022_0085,SPEAKER_00,12,793.8202,821.5162,27.696,6,58,10.005,17.691,5,3.5382,2.094,0.361,
VAL_M3M_2022_0085,SPEAKER_01,13,827.5412,868.9344,41.3932,14,172,29.8582,11.535,13,0.8873,4.155,0.721,0.8320
VAL_M3M_2022_0092,SPEAKER_00,1,576.9022,627.6162,50.714,25,154,30.756,19.958,24,0.8316,3.037,0.606,0.6508
VAL_M3M_2022_0092,UNKNOWN,2,627.8972,634.4692,6.572,3,28,4.95,1.622,2,0.811,4.26,0.753,
VAL_M3M_2022_0092,SPEAKER_01,3,636.6802,644.5142,7.834,4,38,6.54,1.294,3,0.4313,4.851,0.835,
VAL_M3M_2022_0092,SPEAKER_00,4,646.9262,670.2262,23.3,10,97,18.573,4.727,9,0.5252,4.163,0.797,0.6431
VAL_M3M_2022_0092,SPEAKER_01,5,670.8972,675.0672,4.17,2,17,3.2,0.97,1,0.97,4.077,0.767,
VAL_M3M_2022_0092,SPEAKER_00,6,675.4802,675.7102,0.23,1,1,0.23,0.0,0,0.0,4.348,1.0,0.6310
VAL_M3M_2022_0092,SPEAKER_01,7,676.2012,676.7012,0.5,1,3,0.5,0.0,0,0.0,6.0,1.0,
VAL_M3M_2022_0092,SPEAKER_00,8,677.9022,681.3122,3.41,1,16,3.41,0.0,0,0.0,4.692,1.0,0.5588
VAL_M3M_2022_0092,SPEAKER_01,9,681.9642,688.0372,6.073,4,32,4.692,1.381,3,0.4603,5.269,0.773,
VAL_M3M_2022_0092,SPEAKER_00,10,689.6522,739.8972,50.245,21,125,32.086,18.159,20,0.9079,2.488,0.639,0.6230
VAL_M3M_2022_0092,SPEAKER_01,11,741.8782,747.7502,5.872,3,28,4.351,1.521,2,0.7605,4.768,0.741,
VAL_M3M_2022_0092,SPEAKER_00,12,749.6862,751.6082,1.922,2,9,1.292,0.63,1,0.63,4.683,0.672,0.5638
VAL_M3M_2022_0092,UNKNOWN,13,752.3892,755.4002,3.011,2,11,1.34,1.671,1,1.671,3.653,0.445,
VAL_M3M_2022_0092,SPEAKER_00,14,756.2122,784.0622,27.85,13,79,17.402,10.448,12,0.8707,2.837,0.625,0.7248
VAL_M3M_2022_0092,UNKNOWN,15,785.5942,788.5852,2.991,2,14,2.59,0.401,1,0.401,4.681,0.866,
VAL_M3M_2022_0092,SPEAKER_01,16,788.6052,795.8372,7.232,3,28,4.12,3.112,2,1.556,3.872,0.57,
VAL_M3M_2022_0092,UNKNOWN,17,797.6972,801.0292,3.332,2,14,2.5,0.832,1,0.832,4.202,0.75,
VAL_M3M_2022_0092,SPEAKER_00,18,801.2292,890.7022,89.473,37,245,50.686,38.787,36,1.0774,2.738,0.566,0.6547
VAL_M3M_2022_0092,SPEAKER_01,19,891.1532,907.1962,16.043,7,73,11.748,4.295,6,0.7158,4.55,0.732,
VAL_M3M_2022_0092,SPEAKER_00,20,907.4762,965.0622,57.586,20,207,40.624,16.962,19,0.8927,3.595,0.705,0.5689
VAL_M3M_2022_0092,SPEAKER_01,21,966.1512,970.2412,4.09,2,21,3.73,0.36,1,0.36,5.134,0.912,
VAL_M3M_2022_0092,SPEAKER_00,22,970.3322,985.7262,15.394,8,45,9.401,5.993,7,0.8561,2.923,0.611,0.5634
VAL_M3M_2022_0092,SPEAKER_01,23,986.1962,1009.7652,23.569,10,110,16.945,6.624,9,0.736,4.667,0.719,
VAL_M3M_2022_0092,SPEAKER_00,24,1012.6472,1035.8092,23.162,11,76,15.515,7.647,10,0.7647,3.281,0.67,0.6165
VAL_M3M_2022_0092,UNKNOWN,25,1036.8392,1038.1892,1.35,1,7,1.35,0.0,0,0.0,5.185,1.0,
VAL_M3M_2022_0092,SPEAKER_00,26,1038.4702,1072.0232,33.553,18,87,20.089,13.464,17,0.792,2.593,0.599,0.6720
VAL_M3M_2022_0092,SPEAKER_01,27,1072.9852,1080.9072,7.922,3,35,6.191,1.731,2,0.8655,4.418,0.781,
VAL_M3M_2022_0092,SPEAKER_00,28,1081.0112,1150.9062,69.895,26,177,37.102,32.793,25,1.3117,2.532,0.531,0.6735
VAL_M3M_2026_00639,SPEAKER_00,1,616.5954,640.2174,23.622,8,80,19.342,4.28,7,0.6114,3.387,0.819,0.7427
VAL_M3M_2026_00639,SPEAKER_01,2,642.5944,647.1024,4.508,3,15,2.78,1.728,2,0.864,3.327,0.617,
VAL_M3M_2026_00639,SPEAKER_00,3,647.1534,684.9764,37.823,15,129,28.5911,9.2319,14,0.6594,3.411,0.756,0.6124
VAL_M3M_2026_00639,SPEAKER_01,4,685.4574,694.5374,9.08,2,42,8.56,0.52,1,0.52,4.626,0.943,
VAL_M3M_2026_00639,SPEAKER_00,5,695.8534,758.5715,62.7181,19,239,47.7531,14.965,18,0.8314,3.811,0.761,0.7917
VAL_M3M_2026_00639,SPEAKER_01,6,760.6704,775.7904,15.12,5,61,11.96,3.16,4,0.79,4.034,0.791,
VAL_M3M_2026_00639,SPEAKER_00,7,776.3704,842.9184,66.548,18,234,50.755,15.793,17,0.929,3.516,0.763,0.7707
VAL_M3M_2026_00639,SPEAKER_01,8,844.0314,857.7754,13.744,4,65,12.133,1.611,3,0.537,4.729,0.883,
VAL_M3M_2026_00639,SPEAKER_00,9,858.0154,928.1654,70.15,20,255,56.722,13.428,19,0.7067,3.635,0.809,0.7800
VAL_M3M_2026_00639,SPEAKER_01,10,929.1664,941.6904,12.524,4,53,9.864,2.66,3,0.8867,4.232,0.788,
VAL_M3M_2026_00639,SPEAKER_00,11,943.0104,993.8504,50.84,11,221,40.376,10.464,10,1.0464,4.347,0.794,0.6822
VAL_M3M_2026_00639,SPEAKER_01,12,994.2404,1010.8044,16.564,4,65,15.184,1.38,3,0.46,3.924,0.917,
VAL_M3M_2026_00639,SPEAKER_00,13,1013.9634,1093.8964,79.933,23,296,65.981,13.952,22,0.6342,3.703,0.825,0.7671
VAL_M3M_2026_00639,SPEAKER_01,14,1095.5264,1108.7834,13.257,4,39,12.101,1.156,3,0.3853,2.942,0.913,
VAL_M3M_2026_00639,SPEAKER_00,15,1109.6244,1226.6668,117.0424,31,444,92.7784,24.264,30,0.8088,3.793,0.793,0.7375
VAL_M3M_2026_00640,SPEAKER_00,1,473.5201,498.1431,24.623,12,93,14.577,10.046,11,0.9133,3.777,0.592,0.7091
VAL_M3M_2026_00640,SPEAKER_01,2,498.3341,499.3641,1.03,1,6,1.03,0.0,0,0.0,5.825,1.0,
VAL_M3M_2026_00640,SPEAKER_00,3,499.8751,510.5861,10.711,6,35,6.88,3.831,5,0.7662,3.268,0.642,0.6569
VAL_M3M_2026_00640,SPEAKER_01,4,510.6491,511.3591,0.71,1,5,0.71,0.0,0,0.0,7.042,1.0,
VAL_M3M_2026_00640,SPEAKER_00,5,511.6091,519.9141,8.305,5,28,4.08,4.225,4,1.0562,3.371,0.491,0.8740
VAL_M3M_2026_00640,SPEAKER_01,6,521.7351,524.4771,2.742,1,13,2.742,0.0,0,0.0,4.741,1.0,
VAL_M3M_2026_00640,SPEAKER_00,7,524.5781,556.8711,32.293,11,143,24.015,8.278,10,0.8278,4.428,0.744,0.7903
VAL_M3M_2026_00640,SPEAKER_01,8,557.5811,558.9921,1.411,1,9,1.411,0.0,0,0.0,6.378,1.0,
VAL_M3M_2026_00640,SPEAKER_00,9,559.0421,559.4931,0.451,1,3,0.451,0.0,0,0.0,6.652,1.0,0.3787
VAL_M3M_2026_00640,SPEAKER_01,10,559.7731,560.0231,0.25,1,1,0.25,0.0,0,0.0,4.0,1.0,
VAL_M3M_2026_00640,SPEAKER_00,11,560.3591,585.2301,24.871,15,89,16.441,8.43,14,0.6021,3.578,0.661,0.8193
VAL_M3M_2026_00640,SPEAKER_01,12,585.3511,594.7071,9.356,4,42,7.005,2.351,3,0.7837,4.489,0.749,
VAL_M3M_2026_00640,SPEAKER_00,13,594.9581,601.826,6.8679,4,37,5.5269,1.341,3,0.447,5.387,0.805,0.6991
VAL_M3M_2026_00640,SPEAKER_01,14,602.3071,602.6071,0.3,1,2,0.3,0.0,0,0.0,6.667,1.0,
VAL_M3M_2026_00640,SPEAKER_00,15,603.4881,619.7541,16.266,4,72,12.989,3.277,3,1.0923,4.426,0.799,0.7807
VAL_M3M_2026_00640,SPEAKER_01,16,619.9541,621.0241,1.07,1,10,1.07,0.0,0,0.0,9.346,1.0,
VAL_M3M_2026_00640,SPEAKER_00,17,621.9961,690.0331,68.037,21,289,51.673,16.364,20,0.8182,4.248,0.759,0.7653
VAL_M3M_2026_00640,SPEAKER_01,18,690.6931,691.1431,0.45,1,3,0.45,0.0,0,0.0,6.667,1.0,
VAL_M3M_2026_00640,SPEAKER_00,19,691.3731,696.5041,5.131,5,22,3.81,1.321,4,0.3302,4.288,0.743,0.6801
VAL_M3M_2026_00640,SPEAKER_01,20,696.9341,697.1341,0.2,1,2,0.2,0.0,0,0.0,10.0,1.0,
VAL_M3M_2026_00640,SPEAKER_00,21,697.3341,762.9181,65.584,26,246,43.474,22.11,25,0.8844,3.751,0.663,0.7813
VAL_M3M_2026_00640,SPEAKER_01,22,763.9381,766.8591,2.921,2,11,1.27,1.651,1,1.651,3.766,0.435,
VAL_M3M_2026_00640,SPEAKER_00,23,767.3391,772.6811,5.342,4,13,2.252,3.09,3,1.03,2.434,0.422,0.9332
VAL_M3M_2026_00640,SPEAKER_01,24,775.9251,789.1501,13.225,3,62,11.005,2.22,2,1.11,4.688,0.832,
VAL_M3M_2026_00640,SPEAKER_00,25,789.3001,882.2241,92.924,33,390,73.668,19.256,32,0.6018,4.197,0.793,0.8072
VAL_M3M_2026_00640,SPEAKER_01,26,882.7851,887.0751,4.29,1,24,4.29,0.0,0,0.0,5.594,1.0,
VAL_M3M_2026_00640,SPEAKER_00,27,887.4281,911.4841,24.056,11,78,12.561,11.495,10,1.1495,3.242,0.522,0.8877
VAL_M3M_2026_00640,SPEAKER_01,28,913.0651,916.3551,3.29,1,22,3.29,0.0,0,0.0,6.687,1.0,
VAL_M3M_2026_00640,SPEAKER_00,29,918.2481,924.3001,6.052,3,28,5.08,0.972,2,0.486,4.627,0.839,0.8148
VAL_M3M_2026_00640,SPEAKER_01,30,925.3321,926.7621,1.43,2,4,1.13,0.3,1,0.3,2.797,0.79,
VAL_M3M_2026_00640,SPEAKER_00,31,926.8321,929.3431,2.511,2,11,2.251,0.26,1,0.26,4.381,0.896,0.7748
VAL_M3M_2026_00640,SPEAKER_01,32,934.6881,939.9501,5.262,3,19,2.691,2.571,2,1.2855,3.611,0.511,
VAL_M3M_2026_00640,SPEAKER_00,33,940.5761,946.9451,6.369,2,21,5.749,0.62,1,0.62,3.297,0.903,0.7125
VAL_M3M_2026_00643,SPEAKER_01,1,548.0318,575.5818,27.55,9,91,19.47,8.08,8,1.01,3.303,0.707,0.7455
VAL_M3M_2026_00643,SPEAKER_00,2,579.8248,581.5248,1.7,1,3,1.7,0.0,0,0.0,1.765,1.0,
VAL_M3M_2026_00643,SPEAKER_01,3,585.4188,618.7848,33.366,12,113,22.885,10.481,11,0.9528,3.387,0.686,0.7916
VAL_M3M_2026_00643,SPEAKER_00,4,619.7768,621.1468,1.37,1,9,1.37,0.0,0,0.0,6.569,1.0,
VAL_M3M_2026_00643,SPEAKER_01,5,621.8598,631.2278,9.368,4,35,6.007,3.361,3,1.1203,3.736,0.641,0.7786
VAL_M3M_2026_00643,SPEAKER_00,6,631.4078,632.9078,1.5,1,12,1.5,0.0,0,0.0,8.0,1.0,
VAL_M3M_2026_00643,SPEAKER_01,7,633.3698,657.9548,24.585,9,81,17.329,7.256,8,0.907,3.295,0.705,0.8095
VAL_M3M_2026_00643,SPEAKER_00,8,661.3178,664.8988,3.581,1,9,3.581,0.0,0,0.0,2.513,1.0,
VAL_M3M_2026_00643,SPEAKER_01,9,670.2398,717.8438,47.604,17,173,33.463,14.141,16,0.8838,3.634,0.703,0.7117
VAL_M3M_2026_00643,SPEAKER_00,10,719.8908,722.8808,2.99,1,18,2.99,0.0,0,0.0,6.02,1.0,
VAL_M3M_2026_00643,SPEAKER_01,11,727.0958,737.4038,10.308,4,34,8.034,2.274,3,0.758,3.298,0.779,0.7526
VAL_M3M_2026_00643,SPEAKER_00,12,740.3638,743.5888,3.225,1,17,3.225,0.0,0,0.0,5.271,1.0,
VAL_M3M_2026_00643,SPEAKER_01,13,748.8938,763.2208,14.327,6,25,7.346,6.981,5,1.3962,1.745,0.513,0.6404
VAL_M3M_2026_00643,SPEAKER_00,14,764.8908,768.6038,3.713,1,25,3.713,0.0,0,0.0,6.733,1.0,
VAL_M3M_2026_00643,SPEAKER_01,15,772.1438,776.2968,4.153,3,10,2.252,1.901,2,0.9505,2.408,0.542,0.5865
VAL_M3M_2026_00643,SPEAKER_00,16,778.7678,784.2188,5.451,2,22,3.61,1.841,1,1.841,4.036,0.662,
VAL_M3M_2026_00643,SPEAKER_01,17,786.8898,827.8048,40.915,11,134,27.062,13.853,10,1.3853,3.275,0.661,0.7062
VAL_M3M_2026_00643,SPEAKER_00,18,828.1248,830.4258,2.301,1,11,2.301,0.0,0,0.0,4.781,1.0,
VAL_M3M_2026_00643,SPEAKER_01,19,831.5858,869.9048,38.319,12,133,21.687,16.632,11,1.512,3.471,0.566,0.6867
VAL_M3M_2026_00643,SPEAKER_00,20,871.5968,873.3468,1.75,1,8,1.75,0.0,0,0.0,4.571,1.0,
VAL_M3M_2026_00643,SPEAKER_01,21,874.8178,885.6618,10.844,4,23,4.241,6.603,3,2.201,2.121,0.391,0.8405
VAL_M3M_2026_00643,SPEAKER_00,22,886.3218,887.3418,1.02,1,6,1.02,0.0,0,0.0,5.882,1.0,
VAL_M3M_2026_00643,SPEAKER_01,23,891.6038,929.6998,38.096,9,113,25.421,12.675,8,1.5844,2.966,0.667,0.7354
VAL_M3M_2026_00643,SPEAKER_00,24,932.4098,937.0418,4.632,1,30,4.632,0.0,0,0.0,6.477,1.0,
VAL_M3M_2026_00643,SPEAKER_01,25,940.0828,956.8758,16.793,6,56,10.621,6.172,5,1.2344,3.335,0.632,0.7488
VAL_M3M_2026_00643,SPEAKER_00,26,957.9068,961.4698,3.563,1,20,3.563,0.0,0,0.0,5.613,1.0,
VAL_M3M_2026_00643,SPEAKER_01,27,961.4898,963.6298,2.14,2,3,0.54,1.6,1,1.6,1.402,0.252,0.4605
VAL_M3M_2026_00643,SPEAKER_00,28,969.2058,971.9458,2.74,1,14,2.74,0.0,0,0.0,5.109,1.0,
VAL_M3M_2026_00643,SPEAKER_01,29,977.0228,981.8628,4.84,2,16,3.44,1.4,1,1.4,3.306,0.711,0.5862
VAL_M3M_2026_00643,SPEAKER_00,30,982.1938,985.6438,3.45,2,17,2.47,0.98,1,0.98,4.928,0.716,
VAL_M3M_2026_00643,SPEAKER_01,31,985.8138,996.7368,10.923,5,24,6.672,4.251,4,1.0628,2.197,0.611,0.6447
VAL_M3M_2026_00643,SPEAKER_00,32,999.4568,1000.8068,1.35,1,10,1.35,0.0,0,0.0,7.407,1.0,
VAL_M3M_2026_00643,SPEAKER_01,33,1002.9988,1095.8416,92.8428,24,335,65.2358,27.607,23,1.2003,3.608,0.703,0.7786
